file,type,status,old_url,new_url,head_status
/content/abbvie-nextgen-eds/corporate/abbvie-com/language-masters/en/patients/patient-support/.content.xml,pdf-dm,converted,/content/dam/corporate/abbvie-com2/pdfs/pap/understanding-medicare.pdf,https://delivery-p157365-e1665873.adobeaemcloud.com/adobe/assets/urn:aaid:aem:b301d9ea-107c-4fda-a67e-fb2fb172509f/original/as/understanding-medicare.pdf,not checked
/content/abbvie-nextgen-eds/corporate/abbvie-com/language-masters/en/patients/patient-support/.content.xml,pdf-dm,converted,/content/dam/corporate/abbvie-com2/pdfs/prior-authorization-fact-sheet.pdf,https://delivery-p157365-e1665873.adobeaemcloud.com/adobe/assets/urn:aaid:aem:be97fbfa-e607-40da-b008-2a488b3bfd5d/original/as/prior-authorization-fact-sheet.pdf,not checked
/content/abbvie-nextgen-eds/corporate/abbvie-com/language-masters/en/patients/patient-support/patient-assistance/.content.xml,pdf-dm,converted,https://www.abbvie.com/content/dam/abbvie-com2/pdfs/pap/understanding-medicare.pdf,https://delivery-p157365-e1665873.adobeaemcloud.com/adobe/assets/urn:aaid:aem:b301d9ea-107c-4fda-a67e-fb2fb172509f/original/as/understanding-medicare.pdf,not checked
/content/abbvie-nextgen-eds/corporate/abbvie-com/language-masters/en/patients/patient-support/patient-assistance/.content.xml,pdf-dm,converted,/content/dam/corporate/abbvie-com2/pdfs/pap/understanding-medicare.pdf,https://delivery-p157365-e1665873.adobeaemcloud.com/adobe/assets/urn:aaid:aem:b301d9ea-107c-4fda-a67e-fb2fb172509f/original/as/understanding-medicare.pdf,not checked
/content/abbvie-nextgen-eds/corporate/abbvie-com/language-masters/en/patients/patient-support/patient-assistance/.content.xml,abbvie-abs,changed,https://www.abbvie.com/patients/patient-support/patient-assistance/income-criteria.html,/content/abbvie-nextgen-eds/corporate/abbvie-com/language-masters/en/patients/patient-support/patient-assistance/income-criteria,not checked
/content/abbvie-nextgen-eds/corporate/abbvie-com/language-masters/en/patients/patient-support/patient-assistance/.content.xml,abbvie-abs,changed,https://www.abbvie.com/patients/patient-support/patient-assistance/savings-card.html,/content/abbvie-nextgen-eds/corporate/abbvie-com/language-masters/en/patients/patient-support/patient-assistance/savings-card,not checked
/content/abbvie-nextgen-eds/corporate/abbvie-com/language-masters/en/patients/patient-support/patient-assistance/.content.xml,short-path,changed,/PAS/s,/content/abbvie-nextgen-eds/corporate/abbvie-com/language-masters/en/PAS/s,not checked
/content/abbvie-nextgen-eds/corporate/abbvie-com/language-masters/en/patients/patient-support/patient-assistance/online-application-overview/.content.xml,pdf-dm,converted,https://www.abbvie.com/content/dam/abbvie-com2/pdfs/pap/patient-assistance-application-expense-form.pdf,https://delivery-p157365-e1665873.adobeaemcloud.com/adobe/assets/urn:aaid:aem:2af949ac-ed84-4be8-bb96-76c314ad0c72/original/as/patient-assistance-application-expense-form.pdf,not checked
/content/abbvie-nextgen-eds/corporate/abbvie-com/language-masters/en/patients/patient-support/patient-assistance/online-application-overview/.content.xml,pdf-dm,converted,https://www.abbvie.com/content/dam/abbvie-com2/pdfs/pap/gastro-health-application.pdf,https://delivery-p157365-e1665873.adobeaemcloud.com/adobe/assets/urn:aaid:aem:fff0c0e1-5d1b-4d78-b3d8-c0b3cf0f52f8/original/as/gastro-health-application.pdf,not checked
/content/abbvie-nextgen-eds/corporate/abbvie-com/language-masters/en/patients/patient-support/patient-assistance/online-application-overview/.content.xml,pdf-dm,converted,https://www.abbvie.com/content/dam/abbvie-com2/pdfs/pap/emrelis-application.pdf,https://delivery-p157365-e1665873.adobeaemcloud.com/adobe/assets/urn:aaid:aem:2d19c92f-53e4-48f4-ab5f-2df9d4c59e43/original/as/emrelis-application.pdf,not checked
/content/abbvie-nextgen-eds/corporate/abbvie-com/language-masters/en/patients/patient-support/patient-assistance/online-application-overview/.content.xml,pdf-dm,converted,https://www.abbvie.com/content/dam/abbvie-com2/pdfs/pap/humira-patient-assistance-application.pdf,https://delivery-p157365-e1665873.adobeaemcloud.com/adobe/assets/urn:aaid:aem:e0425dfb-bbff-4e29-93c2-82309752993f/original/as/humira-patient-assistance-application.pdf,not checked
/content/abbvie-nextgen-eds/corporate/abbvie-com/language-masters/en/patients/patient-support/patient-assistance/online-application-overview/.content.xml,pdf-dm,converted,https://www.abbvie.com/content/dam/abbvie-com2/pdfs/pap/gastro-health-application.pdf,https://delivery-p157365-e1665873.adobeaemcloud.com/adobe/assets/urn:aaid:aem:fff0c0e1-5d1b-4d78-b3d8-c0b3cf0f52f8/original/as/gastro-health-application.pdf,not checked
/content/abbvie-nextgen-eds/corporate/abbvie-com/language-masters/en/patients/patient-support/patient-assistance/online-application-overview/.content.xml,pdf-dm,converted,https://www.abbvie.com/content/dam/abbvie-com2/pdfs/pap/mavyret-application.pdf,https://delivery-p157365-e1665873.adobeaemcloud.com/adobe/assets/urn:aaid:aem:8e21eef8-3e58-4cc9-b918-ddadd98eb64f/original/as/mavyret-application.pdf,not checked
/content/abbvie-nextgen-eds/corporate/abbvie-com/language-masters/en/patients/patient-support/patient-assistance/online-application-overview/.content.xml,pdf-dm,converted,https://www.abbvie.com/content/dam/abbvie-com2/pdfs/pap/qulipta-ubrelvy-patient-assistance-application.pdf,https://delivery-p157365-e1665873.adobeaemcloud.com/adobe/assets/urn:aaid:aem:1b0888c0-d26c-4d7a-b2f9-27689603dc6a/original/as/qulipta-ubrelvy-patient-assistance-application.pdf,not checked
/content/abbvie-nextgen-eds/corporate/abbvie-com/language-masters/en/patients/patient-support/patient-assistance/online-application-overview/.content.xml,pdf-dm,converted,https://www.abbvie.com/content/dam/abbvie-com2/pdfs/pap/rinvoq-patient-assistance-application.pdf,https://delivery-p157365-e1665873.adobeaemcloud.com/adobe/assets/urn:aaid:aem:210c9297-ad74-4d80-b718-84f94b313c0e/original/as/rinvoq-patient-assistance-application.pdf,not checked
/content/abbvie-nextgen-eds/corporate/abbvie-com/language-masters/en/patients/patient-support/patient-assistance/online-application-overview/.content.xml,pdf-dm,converted,https://www.abbvie.com/content/dam/abbvie-com2/pdfs/pap/skyrizi-patient-assistance-application.pdf,https://delivery-p157365-e1665873.adobeaemcloud.com/adobe/assets/urn:aaid:aem:2d59969a-a25e-4f8b-ad27-a0a025a1e798/original/as/skyrizi-patient-assistance-application.pdf,not checked
/content/abbvie-nextgen-eds/corporate/abbvie-com/language-masters/en/patients/patient-support/patient-assistance/online-application-overview/.content.xml,pdf-dm,converted,https://www.abbvie.com/content/dam/abbvie-com2/pdfs/pap/qulipta-ubrelvy-patient-assistance-application.pdf,https://delivery-p157365-e1665873.adobeaemcloud.com/adobe/assets/urn:aaid:aem:1b0888c0-d26c-4d7a-b2f9-27689603dc6a/original/as/qulipta-ubrelvy-patient-assistance-application.pdf,not checked
/content/abbvie-nextgen-eds/corporate/abbvie-com/language-masters/en/patients/patient-support/patient-assistance/online-application-overview/.content.xml,pdf-dm,converted,https://www.abbvie.com/content/dam/abbvie-com2/pdfs/pap/gastro-health-application.pdf,https://delivery-p157365-e1665873.adobeaemcloud.com/adobe/assets/urn:aaid:aem:fff0c0e1-5d1b-4d78-b3d8-c0b3cf0f52f8/original/as/gastro-health-application.pdf,not checked
/content/abbvie-nextgen-eds/corporate/abbvie-com/language-masters/en/patients/patient-support/patient-assistance/online-application-overview/.content.xml,pdf-dm,converted,https://www.abbvie.com/content/dam/abbvie-com2/pdfs/pap/vraylar-patient-assistance-application.pdf,https://delivery-p157365-e1665873.adobeaemcloud.com/adobe/assets/urn:aaid:aem:bc5e7d27-e022-4b19-ae6d-30f9608aec4d/original/as/vraylar-patient-assistance-application.pdf,not checked
/content/abbvie-nextgen-eds/corporate/abbvie-com/language-masters/en/patients/patient-support/patient-assistance/patient-assistance-frequently-asked-questions/.content.xml,short-path,changed,/patients/patient-support/patient-assistance.html,/content/abbvie-nextgen-eds/corporate/abbvie-com/language-masters/en/patients/patient-support/patient-assistance,not checked
/content/abbvie-nextgen-eds/corporate/abbvie-com/language-masters/en/patients/patient-support/patient-assistance/patient-assistance-frequently-asked-questions/.content.xml,short-path,changed,/patients/patient-support/patient-assistance/eligibility-criteria.html,/content/abbvie-nextgen-eds/corporate/abbvie-com/language-masters/en/patients/patient-support/patient-assistance/eligibility-criteria,not checked
/content/abbvie-nextgen-eds/corporate/abbvie-com/language-masters/en/patients/patient-support/patient-assistance/patient-assistance-frequently-asked-questions/.content.xml,short-path,changed,/patients/patient-support/patient-assistance/eligibility-criteria.html,/content/abbvie-nextgen-eds/corporate/abbvie-com/language-masters/en/patients/patient-support/patient-assistance/eligibility-criteria,not checked
/content/abbvie-nextgen-eds/corporate/abbvie-com/language-masters/en/patients/patient-support/patient-assistance/patient-assistance-frequently-asked-questions/.content.xml,short-path,changed,/patients/patient-support/patient-assistance/eligibility-criteria.html,/content/abbvie-nextgen-eds/corporate/abbvie-com/language-masters/en/patients/patient-support/patient-assistance/eligibility-criteria,not checked
/content/abbvie-nextgen-eds/corporate/abbvie-com/language-masters/en/patients/patient-support/patient-assistance/income-criteria/.content.xml,short-path,changed,/patients/patient-support/patient-assistance/eligibility-criteria.html,/content/abbvie-nextgen-eds/corporate/abbvie-com/language-masters/en/patients/patient-support/patient-assistance/eligibility-criteria,not checked
/content/abbvie-nextgen-eds/corporate/abbvie-com/language-masters/en/patients/patient-support/patient-assistance/income-criteria/.content.xml,short-path,changed,/patients/patient-support/patient-assistance/patient-assistance-frequently-asked-questions.html,/content/abbvie-nextgen-eds/corporate/abbvie-com/language-masters/en/patients/patient-support/patient-assistance/patient-assistance-frequently-asked-questions,not checked
/content/abbvie-nextgen-eds/corporate/abbvie-com/language-masters/en/patients/patient-support/patient-assistance/available-programs/.content.xml,pdf-dm,converted,https://www.abbvie.com/content/dam/abbvie-com2/pdfs/pap/application-for-allergan-aesthetics.pdf,https://delivery-p157365-e1665873.adobeaemcloud.com/adobe/assets/urn:aaid:aem:5408429b-f40f-4378-b368-7391e3be15cc/original/as/application-for-allergan-aesthetics.pdf,not checked
/content/abbvie-nextgen-eds/corporate/abbvie-com/language-masters/en/patients/patient-support/patient-assistance/available-programs/.content.xml,pdf-dm,converted,https://www.abbvie.com/content/dam/abbvie-com2/pdfs/pap/application-for-allergan-aesthetics-spanish.pdf,https://delivery-p157365-e1665873.adobeaemcloud.com/adobe/assets/urn:aaid:aem:a1995276-9add-439a-b1d4-c826db909763/original/as/application-for-allergan-aesthetics-spanish.pdf,not checked
/content/abbvie-nextgen-eds/corporate/abbvie-com/language-masters/en/patients/patient-support/patient-assistance/available-programs/.content.xml,pdf-dm,converted,https://www.abbvie.com/content/dam/abbvie-com2/pdfs/pap/application-for-allergan-aesthetics.pdf,https://delivery-p157365-e1665873.adobeaemcloud.com/adobe/assets/urn:aaid:aem:5408429b-f40f-4378-b368-7391e3be15cc/original/as/application-for-allergan-aesthetics.pdf,not checked
/content/abbvie-nextgen-eds/corporate/abbvie-com/language-masters/en/patients/patient-support/patient-assistance/available-programs/.content.xml,pdf-dm,converted,https://www.abbvie.com/content/dam/abbvie-com2/pdfs/pap/application-for-allergan-aesthetics-spanish.pdf,https://delivery-p157365-e1665873.adobeaemcloud.com/adobe/assets/urn:aaid:aem:a1995276-9add-439a-b1d4-c826db909763/original/as/application-for-allergan-aesthetics-spanish.pdf,not checked
/content/abbvie-nextgen-eds/corporate/abbvie-com/language-masters/en/patients/patient-support/patient-assistance/available-programs/.content.xml,pdf-dm,converted,https://www.abbvie.com/content/dam/abbvie-com2/pdfs/pap/eye-care-application.pdf,https://delivery-p157365-e1665873.adobeaemcloud.com/adobe/assets/urn:aaid:aem:608c9ef6-b4bf-4f58-a1ac-27f85dffa8f0/original/as/eye-care-application.pdf,not checked
/content/abbvie-nextgen-eds/corporate/abbvie-com/language-masters/en/patients/patient-support/patient-assistance/available-programs/.content.xml,pdf-dm,converted,https://www.abbvie.com/content/dam/abbvie-com2/pdfs/pap/eye-care-application-spanish.pdf,https://delivery-p157365-e1665873.adobeaemcloud.com/adobe/assets/urn:aaid:aem:17b92ec6-28e8-479e-869f-9e8e223332d5/original/as/eye-care-application-spanish.pdf,not checked
/content/abbvie-nextgen-eds/corporate/abbvie-com/language-masters/en/patients/patient-support/patient-assistance/available-programs/.content.xml,pdf-dm,converted,https://www.abbvie.com/content/dam/abbvie-com2/pdfs/pap/general-product-patient-assistance-application.pdf,https://delivery-p157365-e1665873.adobeaemcloud.com/adobe/assets/urn:aaid:aem:00d88ef4-b2ab-4de9-a375-7ae3b5d8d591/original/as/general-product-patient-assistance-application.pdf,not checked
/content/abbvie-nextgen-eds/corporate/abbvie-com/language-masters/en/patients/patient-support/patient-assistance/available-programs/.content.xml,pdf-dm,converted,https://www.abbvie.com/content/dam/abbvie-com2/pdfs/pap/general-product-patient-assistance-application-spanish.pdf,https://delivery-p157365-e1665873.adobeaemcloud.com/adobe/assets/urn:aaid:aem:49ce6fbb-118c-4ebd-aa7d-d423fdb76adc/original/as/general-product-patient-assistance-application-spanish.pdf,not checked
/content/abbvie-nextgen-eds/corporate/abbvie-com/language-masters/en/patients/patient-support/patient-assistance/available-programs/.content.xml,pdf-dm,converted,https://www.abbvie.com/content/dam/abbvie-com2/pdfs/pap/critical-care-application.pdf,https://delivery-p157365-e1665873.adobeaemcloud.com/adobe/assets/urn:aaid:aem:9828eeb4-edb7-4642-9554-afa173ed33fc/original/as/critical-care-application.pdf,not checked
/content/abbvie-nextgen-eds/corporate/abbvie-com/language-masters/en/patients/patient-support/patient-assistance/available-programs/.content.xml,pdf-dm,converted,https://www.abbvie.com/content/dam/abbvie-com2/pdfs/pap/critical-care-application-spanish.pdf,https://delivery-p157365-e1665873.adobeaemcloud.com/adobe/assets/urn:aaid:aem:5a0c5b6d-fb1a-4668-ac19-2a1a9dd171b4/original/as/critical-care-application-spanish.pdf,not checked
/content/abbvie-nextgen-eds/corporate/abbvie-com/language-masters/en/patients/patient-support/patient-assistance/available-programs/.content.xml,pdf-dm,converted,https://www.abbvie.com/content/dam/abbvie-com2/pdfs/pap/botox-patient-assistance-application.pdf,https://delivery-p157365-e1665873.adobeaemcloud.com/adobe/assets/urn:aaid:aem:7f361b33-07ad-46a7-8d5d-ec0461a380cc/original/as/botox-patient-assistance-application.pdf,not checked
/content/abbvie-nextgen-eds/corporate/abbvie-com/language-masters/en/patients/patient-support/patient-assistance/available-programs/.content.xml,pdf-dm,converted,https://www.abbvie.com/content/dam/abbvie-com2/pdfs/pap/botox-patient-assistance-application-spanish.pdf,https://delivery-p157365-e1665873.adobeaemcloud.com/adobe/assets/urn:aaid:aem:5e9c2e8a-244d-48a1-83c5-cd595e355694/original/as/botox-patient-assistance-application-spanish.pdf,not checked
/content/abbvie-nextgen-eds/corporate/abbvie-com/language-masters/en/patients/patient-support/patient-assistance/available-programs/.content.xml,pdf-dm,converted,https://www.abbvie.com/content/dam/abbvie-com2/pdfs/pap/gastro-health-application.pdf,https://delivery-p157365-e1665873.adobeaemcloud.com/adobe/assets/urn:aaid:aem:fff0c0e1-5d1b-4d78-b3d8-c0b3cf0f52f8/original/as/gastro-health-application.pdf,not checked
/content/abbvie-nextgen-eds/corporate/abbvie-com/language-masters/en/patients/patient-support/patient-assistance/available-programs/.content.xml,pdf-dm,converted,https://www.abbvie.com/content/dam/abbvie-com2/pdfs/pap/gastro-health-application-spanish.pdf,https://delivery-p157365-e1665873.adobeaemcloud.com/adobe/assets/urn:aaid:aem:89342835-7c89-48f6-87cf-1c1f68a66393/original/as/gastro-health-application-spanish.pdf,not checked
/content/abbvie-nextgen-eds/corporate/abbvie-com/language-masters/en/patients/patient-support/patient-assistance/available-programs/.content.xml,pdf-dm,converted,https://www.abbvie.com/content/dam/abbvie-com2/pdfs/pap/general-product-patient-assistance-application.pdf,https://delivery-p157365-e1665873.adobeaemcloud.com/adobe/assets/urn:aaid:aem:00d88ef4-b2ab-4de9-a375-7ae3b5d8d591/original/as/general-product-patient-assistance-application.pdf,not checked
/content/abbvie-nextgen-eds/corporate/abbvie-com/language-masters/en/patients/patient-support/patient-assistance/available-programs/.content.xml,pdf-dm,converted,https://www.abbvie.com/content/dam/abbvie-com2/pdfs/pap/general-product-patient-assistance-application-spanish.pdf,https://delivery-p157365-e1665873.adobeaemcloud.com/adobe/assets/urn:aaid:aem:49ce6fbb-118c-4ebd-aa7d-d423fdb76adc/original/as/general-product-patient-assistance-application-spanish.pdf,not checked
/content/abbvie-nextgen-eds/corporate/abbvie-com/language-masters/en/patients/patient-support/patient-assistance/available-programs/.content.xml,pdf-dm,converted,https://www.abbvie.com/content/dam/abbvie-com2/pdfs/pap/critical-care-application.pdf,https://delivery-p157365-e1665873.adobeaemcloud.com/adobe/assets/urn:aaid:aem:9828eeb4-edb7-4642-9554-afa173ed33fc/original/as/critical-care-application.pdf,not checked
/content/abbvie-nextgen-eds/corporate/abbvie-com/language-masters/en/patients/patient-support/patient-assistance/available-programs/.content.xml,pdf-dm,converted,https://www.abbvie.com/content/dam/abbvie-com2/pdfs/pap/critical-care-application-spanish.pdf,https://delivery-p157365-e1665873.adobeaemcloud.com/adobe/assets/urn:aaid:aem:5a0c5b6d-fb1a-4668-ac19-2a1a9dd171b4/original/as/critical-care-application-spanish.pdf,not checked
/content/abbvie-nextgen-eds/corporate/abbvie-com/language-masters/en/patients/patient-support/patient-assistance/available-programs/.content.xml,pdf-dm,converted,https://www.abbvie.com/content/dam/abbvie-com2/pdfs/pap/depakote-application.pdf,https://delivery-p157365-e1665873.adobeaemcloud.com/adobe/assets/urn:aaid:aem:65df5889-e604-4d0d-9717-4ada94f79540/original/as/depakote-application.pdf,not checked
/content/abbvie-nextgen-eds/corporate/abbvie-com/language-masters/en/patients/patient-support/patient-assistance/available-programs/.content.xml,pdf-dm,converted,https://www.abbvie.com/content/dam/abbvie-com2/pdfs/pap/depakote-application-spanish.pdf,https://delivery-p157365-e1665873.adobeaemcloud.com/adobe/assets/urn:aaid:aem:963e0087-80a9-4896-b596-dbb1414a96ad/original/as/depakote-application-spanish.pdf,not checked
/content/abbvie-nextgen-eds/corporate/abbvie-com/language-masters/en/patients/patient-support/patient-assistance/available-programs/.content.xml,pdf-dm,converted,https://www.abbvie.com/content/dam/abbvie-com2/pdfs/pap/duopa-application.pdf,https://delivery-p157365-e1665873.adobeaemcloud.com/adobe/assets/urn:aaid:aem:12df5f53-5874-444d-8273-511155cf9f1b/original/as/duopa-application.pdf,not checked
/content/abbvie-nextgen-eds/corporate/abbvie-com/language-masters/en/patients/patient-support/patient-assistance/available-programs/.content.xml,pdf-dm,converted,https://www.abbvie.com/content/dam/abbvie-com2/pdfs/pap/duopa-application-spanish.pdf,https://delivery-p157365-e1665873.adobeaemcloud.com/adobe/assets/urn:aaid:aem:3e565782-a8f2-45a5-a869-5f5993a18ec5/original/as/duopa-application-spanish.pdf,not checked
/content/abbvie-nextgen-eds/corporate/abbvie-com/language-masters/en/patients/patient-support/patient-assistance/available-programs/.content.xml,pdf-dm,converted,https://www.abbvie.com/content/dam/abbvie-com2/pdfs/pap/eye-care-application.pdf,https://delivery-p157365-e1665873.adobeaemcloud.com/adobe/assets/urn:aaid:aem:608c9ef6-b4bf-4f58-a1ac-27f85dffa8f0/original/as/eye-care-application.pdf,not checked
/content/abbvie-nextgen-eds/corporate/abbvie-com/language-masters/en/patients/patient-support/patient-assistance/available-programs/.content.xml,pdf-dm,converted,https://www.abbvie.com/content/dam/abbvie-com2/pdfs/pap/eye-care-application-spanish.pdf,https://delivery-p157365-e1665873.adobeaemcloud.com/adobe/assets/urn:aaid:aem:17b92ec6-28e8-479e-869f-9e8e223332d5/original/as/eye-care-application-spanish.pdf,not checked
/content/abbvie-nextgen-eds/corporate/abbvie-com/language-masters/en/patients/patient-support/patient-assistance/available-programs/.content.xml,pdf-dm,converted,https://www.abbvie.com/content/dam/abbvie-com2/pdfs/pap/emrelis-application.pdf,https://delivery-p157365-e1665873.adobeaemcloud.com/adobe/assets/urn:aaid:aem:2d19c92f-53e4-48f4-ab5f-2df9d4c59e43/original/as/emrelis-application.pdf,not checked
/content/abbvie-nextgen-eds/corporate/abbvie-com/language-masters/en/patients/patient-support/patient-assistance/available-programs/.content.xml,pdf-dm,converted,https://www.abbvie.com/content/dam/abbvie-com2/pdfs/pap/general-product-patient-assistance-application.pdf,https://delivery-p157365-e1665873.adobeaemcloud.com/adobe/assets/urn:aaid:aem:00d88ef4-b2ab-4de9-a375-7ae3b5d8d591/original/as/general-product-patient-assistance-application.pdf,not checked
/content/abbvie-nextgen-eds/corporate/abbvie-com/language-masters/en/patients/patient-support/patient-assistance/available-programs/.content.xml,pdf-dm,converted,https://www.abbvie.com/content/dam/abbvie-com2/pdfs/pap/general-product-patient-assistance-application-spanish.pdf,https://delivery-p157365-e1665873.adobeaemcloud.com/adobe/assets/urn:aaid:aem:49ce6fbb-118c-4ebd-aa7d-d423fdb76adc/original/as/general-product-patient-assistance-application-spanish.pdf,not checked
/content/abbvie-nextgen-eds/corporate/abbvie-com/language-masters/en/patients/patient-support/patient-assistance/available-programs/.content.xml,pdf-dm,converted,https://www.abbvie.com/content/dam/abbvie-com2/pdfs/pap/general-product-patient-assistance-application.pdf,https://delivery-p157365-e1665873.adobeaemcloud.com/adobe/assets/urn:aaid:aem:00d88ef4-b2ab-4de9-a375-7ae3b5d8d591/original/as/general-product-patient-assistance-application.pdf,not checked
/content/abbvie-nextgen-eds/corporate/abbvie-com/language-masters/en/patients/patient-support/patient-assistance/available-programs/.content.xml,pdf-dm,converted,https://www.abbvie.com/content/dam/abbvie-com2/pdfs/pap/general-product-patient-assistance-application-spanish.pdf,https://delivery-p157365-e1665873.adobeaemcloud.com/adobe/assets/urn:aaid:aem:49ce6fbb-118c-4ebd-aa7d-d423fdb76adc/original/as/general-product-patient-assistance-application-spanish.pdf,not checked
/content/abbvie-nextgen-eds/corporate/abbvie-com/language-masters/en/patients/patient-support/patient-assistance/available-programs/.content.xml,pdf-dm,converted,https://www.abbvie.com/content/dam/abbvie-com2/pdfs/pap/humira-eng-final-11-20-25.pdf,https://delivery-p157365-e1665873.adobeaemcloud.com/adobe/assets/urn:aaid:aem:12c1038e-9f5c-4ad3-9477-b3fcf2b1a6e4/original/as/humira-eng-final-11-20-25.pdf,not checked
/content/abbvie-nextgen-eds/corporate/abbvie-com/language-masters/en/patients/patient-support/patient-assistance/available-programs/.content.xml,pdf-dm,converted,https://www.abbvie.com/content/dam/abbvie-com2/pdfs/pap/humira-spanish-final-11-20-25.pdf,https://delivery-p157365-e1665873.adobeaemcloud.com/adobe/assets/urn:aaid:aem:78041d10-6627-4659-a6bc-726d38b36eaf/original/as/humira-spanish-final-11-20-25.pdf,not checked
/content/abbvie-nextgen-eds/corporate/abbvie-com/language-masters/en/patients/patient-support/patient-assistance/available-programs/.content.xml,pdf-dm,converted,https://www.abbvie.com/content/dam/abbvie-com2/pdfs/pap/humira-english-large-font-final-11-20-25.pdf,https://delivery-p157365-e1665873.adobeaemcloud.com/adobe/assets/urn:aaid:aem:9ac7101a-b447-40cd-989a-2e327b1dfe6b/original/as/humira-english-large-font-final-11-20-25.pdf,not checked
/content/abbvie-nextgen-eds/corporate/abbvie-com/language-masters/en/patients/patient-support/patient-assistance/available-programs/.content.xml,pdf-dm,converted,https://www.abbvie.com/content/dam/abbvie-com2/pdfs/pap/imbruvica-application.pdf,https://delivery-p157365-e1665873.adobeaemcloud.com/adobe/assets/urn:aaid:aem:9bf003b2-d405-431b-836f-aa0d82dc1d10/original/as/imbruvica-application.pdf,not checked
/content/abbvie-nextgen-eds/corporate/abbvie-com/language-masters/en/patients/patient-support/patient-assistance/available-programs/.content.xml,pdf-dm,converted,https://www.abbvie.com/content/dam/abbvie-com2/pdfs/pap/imbruvica-application-spanish.pdf,https://delivery-p157365-e1665873.adobeaemcloud.com/adobe/assets/urn:aaid:aem:c04a74dc-a17f-4fb2-8994-c311e21ff72a/original/as/imbruvica-application-spanish.pdf,not checked
/content/abbvie-nextgen-eds/corporate/abbvie-com/language-masters/en/patients/patient-support/patient-assistance/available-programs/.content.xml,pdf-dm,converted,https://www.abbvie.com/content/dam/abbvie-com2/pdfs/pap/general-product-patient-assistance-application.pdf,https://delivery-p157365-e1665873.adobeaemcloud.com/adobe/assets/urn:aaid:aem:00d88ef4-b2ab-4de9-a375-7ae3b5d8d591/original/as/general-product-patient-assistance-application.pdf,not checked
/content/abbvie-nextgen-eds/corporate/abbvie-com/language-masters/en/patients/patient-support/patient-assistance/available-programs/.content.xml,pdf-dm,converted,https://www.abbvie.com/content/dam/abbvie-com2/pdfs/pap/general-product-patient-assistance-application-spanish.pdf,https://delivery-p157365-e1665873.adobeaemcloud.com/adobe/assets/urn:aaid:aem:49ce6fbb-118c-4ebd-aa7d-d423fdb76adc/original/as/general-product-patient-assistance-application-spanish.pdf,not checked
/content/abbvie-nextgen-eds/corporate/abbvie-com/language-masters/en/patients/patient-support/patient-assistance/available-programs/.content.xml,pdf-dm,converted,https://www.abbvie.com/content/dam/abbvie-com2/pdfs/pap/application-for-allergan-aesthetics.pdf,https://delivery-p157365-e1665873.adobeaemcloud.com/adobe/assets/urn:aaid:aem:5408429b-f40f-4378-b368-7391e3be15cc/original/as/application-for-allergan-aesthetics.pdf,not checked
/content/abbvie-nextgen-eds/corporate/abbvie-com/language-masters/en/patients/patient-support/patient-assistance/available-programs/.content.xml,pdf-dm,converted,https://www.abbvie.com/content/dam/abbvie-com2/pdfs/pap/application-for-allergan-aesthetics-spanish.pdf,https://delivery-p157365-e1665873.adobeaemcloud.com/adobe/assets/urn:aaid:aem:a1995276-9add-439a-b1d4-c826db909763/original/as/application-for-allergan-aesthetics-spanish.pdf,not checked
/content/abbvie-nextgen-eds/corporate/abbvie-com/language-masters/en/patients/patient-support/patient-assistance/available-programs/.content.xml,pdf-dm,converted,https://www.abbvie.com/content/dam/abbvie-com2/pdfs/pap/gastro-health-application.pdf,https://delivery-p157365-e1665873.adobeaemcloud.com/adobe/assets/urn:aaid:aem:fff0c0e1-5d1b-4d78-b3d8-c0b3cf0f52f8/original/as/gastro-health-application.pdf,not checked
/content/abbvie-nextgen-eds/corporate/abbvie-com/language-masters/en/patients/patient-support/patient-assistance/available-programs/.content.xml,pdf-dm,converted,https://www.abbvie.com/content/dam/abbvie-com2/pdfs/pap/gastro-health-application-spanish.pdf,https://delivery-p157365-e1665873.adobeaemcloud.com/adobe/assets/urn:aaid:aem:89342835-7c89-48f6-87cf-1c1f68a66393/original/as/gastro-health-application-spanish.pdf,not checked
/content/abbvie-nextgen-eds/corporate/abbvie-com/language-masters/en/patients/patient-support/patient-assistance/available-programs/.content.xml,pdf-dm,converted,https://www.abbvie.com/content/dam/abbvie-com2/pdfs/pap/eye-care-application.pdf,https://delivery-p157365-e1665873.adobeaemcloud.com/adobe/assets/urn:aaid:aem:608c9ef6-b4bf-4f58-a1ac-27f85dffa8f0/original/as/eye-care-application.pdf,not checked
/content/abbvie-nextgen-eds/corporate/abbvie-com/language-masters/en/patients/patient-support/patient-assistance/available-programs/.content.xml,pdf-dm,converted,https://www.abbvie.com/content/dam/abbvie-com2/pdfs/pap/eye-care-application-spanish.pdf,https://delivery-p157365-e1665873.adobeaemcloud.com/adobe/assets/urn:aaid:aem:17b92ec6-28e8-479e-869f-9e8e223332d5/original/as/eye-care-application-spanish.pdf,not checked
/content/abbvie-nextgen-eds/corporate/abbvie-com/language-masters/en/patients/patient-support/patient-assistance/available-programs/.content.xml,pdf-dm,converted,https://www.abbvie.com/content/dam/abbvie-com2/pdfs/pap/lupron-application.pdf,https://delivery-p157365-e1665873.adobeaemcloud.com/adobe/assets/urn:aaid:aem:571d654a-1092-46ad-a394-8bc7e4f25f1d/original/as/lupron-application.pdf,not checked
/content/abbvie-nextgen-eds/corporate/abbvie-com/language-masters/en/patients/patient-support/patient-assistance/available-programs/.content.xml,pdf-dm,converted,https://www.abbvie.com/content/dam/abbvie-com2/pdfs/pap/lupron-application-spanish.pdf,https://delivery-p157365-e1665873.adobeaemcloud.com/adobe/assets/urn:aaid:aem:04a8a26f-d271-4ba5-9338-cd37cb86be3e/original/as/lupron-application-spanish.pdf,not checked
/content/abbvie-nextgen-eds/corporate/abbvie-com/language-masters/en/patients/patient-support/patient-assistance/available-programs/.content.xml,pdf-dm,converted,https://www.abbvie.com/content/dam/abbvie-com2/pdfs/pap/lupron-application.pdf,https://delivery-p157365-e1665873.adobeaemcloud.com/adobe/assets/urn:aaid:aem:571d654a-1092-46ad-a394-8bc7e4f25f1d/original/as/lupron-application.pdf,not checked
/content/abbvie-nextgen-eds/corporate/abbvie-com/language-masters/en/patients/patient-support/patient-assistance/available-programs/.content.xml,pdf-dm,converted,https://www.abbvie.com/content/dam/abbvie-com2/pdfs/pap/lupron-application-spanish.pdf,https://delivery-p157365-e1665873.adobeaemcloud.com/adobe/assets/urn:aaid:aem:04a8a26f-d271-4ba5-9338-cd37cb86be3e/original/as/lupron-application-spanish.pdf,not checked
/content/abbvie-nextgen-eds/corporate/abbvie-com/language-masters/en/patients/patient-support/patient-assistance/available-programs/.content.xml,pdf-dm,converted,https://www.abbvie.com/content/dam/abbvie-com2/pdfs/pap/mavyret-application.pdf,https://delivery-p157365-e1665873.adobeaemcloud.com/adobe/assets/urn:aaid:aem:8e21eef8-3e58-4cc9-b918-ddadd98eb64f/original/as/mavyret-application.pdf,not checked
/content/abbvie-nextgen-eds/corporate/abbvie-com/language-masters/en/patients/patient-support/patient-assistance/available-programs/.content.xml,pdf-dm,converted,https://www.abbvie.com/content/dam/abbvie-com2/pdfs/pap/mavyret-application-spanish.pdf,https://delivery-p157365-e1665873.adobeaemcloud.com/adobe/assets/urn:aaid:aem:c3a71bf5-0ee6-4962-9130-9cddc9b48e67/original/as/mavyret-application-spanish.pdf,not checked
/content/abbvie-nextgen-eds/corporate/abbvie-com/language-masters/en/patients/patient-support/patient-assistance/available-programs/.content.xml,pdf-dm,converted,https://www.abbvie.com/content/dam/abbvie-com2/pdfs/pap/general-product-patient-assistance-application.pdf,https://delivery-p157365-e1665873.adobeaemcloud.com/adobe/assets/urn:aaid:aem:00d88ef4-b2ab-4de9-a375-7ae3b5d8d591/original/as/general-product-patient-assistance-application.pdf,not checked
/content/abbvie-nextgen-eds/corporate/abbvie-com/language-masters/en/patients/patient-support/patient-assistance/available-programs/.content.xml,pdf-dm,converted,https://www.abbvie.com/content/dam/abbvie-com2/pdfs/pap/general-product-patient-assistance-application-spanish.pdf,https://delivery-p157365-e1665873.adobeaemcloud.com/adobe/assets/urn:aaid:aem:49ce6fbb-118c-4ebd-aa7d-d423fdb76adc/original/as/general-product-patient-assistance-application-spanish.pdf,not checked
/content/abbvie-nextgen-eds/corporate/abbvie-com/language-masters/en/patients/patient-support/patient-assistance/available-programs/.content.xml,pdf-dm,converted,https://www.abbvie.com/content/dam/abbvie-com2/pdfs/pap/application-for-allergan-aesthetics.pdf,https://delivery-p157365-e1665873.adobeaemcloud.com/adobe/assets/urn:aaid:aem:5408429b-f40f-4378-b368-7391e3be15cc/original/as/application-for-allergan-aesthetics.pdf,not checked
/content/abbvie-nextgen-eds/corporate/abbvie-com/language-masters/en/patients/patient-support/patient-assistance/available-programs/.content.xml,pdf-dm,converted,https://www.abbvie.com/content/dam/abbvie-com2/pdfs/pap/application-for-allergan-aesthetics-spanish.pdf,https://delivery-p157365-e1665873.adobeaemcloud.com/adobe/assets/urn:aaid:aem:a1995276-9add-439a-b1d4-c826db909763/original/as/application-for-allergan-aesthetics-spanish.pdf,not checked
/content/abbvie-nextgen-eds/corporate/abbvie-com/language-masters/en/patients/patient-support/patient-assistance/available-programs/.content.xml,pdf-dm,converted,https://www.abbvie.com/content/dam/abbvie-com2/pdfs/pap/general-product-patient-assistance-application.pdf,https://delivery-p157365-e1665873.adobeaemcloud.com/adobe/assets/urn:aaid:aem:00d88ef4-b2ab-4de9-a375-7ae3b5d8d591/original/as/general-product-patient-assistance-application.pdf,not checked
/content/abbvie-nextgen-eds/corporate/abbvie-com/language-masters/en/patients/patient-support/patient-assistance/available-programs/.content.xml,pdf-dm,converted,https://www.abbvie.com/content/dam/abbvie-com2/pdfs/pap/general-product-patient-assistance-application-spanish.pdf,https://delivery-p157365-e1665873.adobeaemcloud.com/adobe/assets/urn:aaid:aem:49ce6fbb-118c-4ebd-aa7d-d423fdb76adc/original/as/general-product-patient-assistance-application-spanish.pdf,not checked
/content/abbvie-nextgen-eds/corporate/abbvie-com/language-masters/en/patients/patient-support/patient-assistance/available-programs/.content.xml,pdf-dm,converted,https://www.abbvie.com/content/dam/abbvie-com2/pdfs/pap/women-health-application.pdf,https://delivery-p157365-e1665873.adobeaemcloud.com/adobe/assets/urn:aaid:aem:ea39af64-dddf-4468-b03e-3d625a890f49/original/as/women-health-application.pdf,not checked
/content/abbvie-nextgen-eds/corporate/abbvie-com/language-masters/en/patients/patient-support/patient-assistance/available-programs/.content.xml,pdf-dm,converted,https://www.abbvie.com/content/dam/abbvie-com2/pdfs/pap/women-health-application-spanish.pdf,https://delivery-p157365-e1665873.adobeaemcloud.com/adobe/assets/urn:aaid:aem:be0a441d-d5bb-4c47-bd9d-52a4eb847edf/original/as/women-health-application-spanish.pdf,not checked
/content/abbvie-nextgen-eds/corporate/abbvie-com/language-masters/en/patients/patient-support/patient-assistance/available-programs/.content.xml,pdf-dm,converted,https://www.abbvie.com/content/dam/abbvie-com2/pdfs/pap/women-health-application.pdf,https://delivery-p157365-e1665873.adobeaemcloud.com/adobe/assets/urn:aaid:aem:ea39af64-dddf-4468-b03e-3d625a890f49/original/as/women-health-application.pdf,not checked
/content/abbvie-nextgen-eds/corporate/abbvie-com/language-masters/en/patients/patient-support/patient-assistance/available-programs/.content.xml,pdf-dm,converted,https://www.abbvie.com/content/dam/abbvie-com2/pdfs/pap/women-health-application-spanish.pdf,https://delivery-p157365-e1665873.adobeaemcloud.com/adobe/assets/urn:aaid:aem:be0a441d-d5bb-4c47-bd9d-52a4eb847edf/original/as/women-health-application-spanish.pdf,not checked
/content/abbvie-nextgen-eds/corporate/abbvie-com/language-masters/en/patients/patient-support/patient-assistance/available-programs/.content.xml,pdf-dm,converted,https://www.abbvie.com/content/dam/abbvie-com2/pdfs/pap/eye-care-application.pdf,https://delivery-p157365-e1665873.adobeaemcloud.com/adobe/assets/urn:aaid:aem:608c9ef6-b4bf-4f58-a1ac-27f85dffa8f0/original/as/eye-care-application.pdf,not checked
/content/abbvie-nextgen-eds/corporate/abbvie-com/language-masters/en/patients/patient-support/patient-assistance/available-programs/.content.xml,pdf-dm,converted,https://www.abbvie.com/content/dam/abbvie-com2/pdfs/pap/eye-care-application-spanish.pdf,https://delivery-p157365-e1665873.adobeaemcloud.com/adobe/assets/urn:aaid:aem:17b92ec6-28e8-479e-869f-9e8e223332d5/original/as/eye-care-application-spanish.pdf,not checked
/content/abbvie-nextgen-eds/corporate/abbvie-com/language-masters/en/patients/patient-support/patient-assistance/available-programs/.content.xml,pdf-dm,converted,https://www.abbvie.com/content/dam/abbvie-com2/pdfs/pap/qulipta-ubrelvy-patient-assistance-application.pdf,https://delivery-p157365-e1665873.adobeaemcloud.com/adobe/assets/urn:aaid:aem:1b0888c0-d26c-4d7a-b2f9-27689603dc6a/original/as/qulipta-ubrelvy-patient-assistance-application.pdf,not checked
/content/abbvie-nextgen-eds/corporate/abbvie-com/language-masters/en/patients/patient-support/patient-assistance/available-programs/.content.xml,pdf-dm,converted,https://www.abbvie.com/content/dam/abbvie-com2/pdfs/pap/qulipta-ubrelvy-patient-assistance-application-sp.pdf,https://delivery-p157365-e1665873.adobeaemcloud.com/adobe/assets/urn:aaid:aem:09ad95f2-53c9-4610-9d83-b67496501fb5/original/as/qulipta-ubrelvy-patient-assistance-application-sp.pdf,not checked
/content/abbvie-nextgen-eds/corporate/abbvie-com/language-masters/en/patients/patient-support/patient-assistance/available-programs/.content.xml,pdf-dm,converted,https://www.abbvie.com/content/dam/abbvie-com2/pdfs/pap/general-product-patient-assistance-application.pdf,https://delivery-p157365-e1665873.adobeaemcloud.com/adobe/assets/urn:aaid:aem:00d88ef4-b2ab-4de9-a375-7ae3b5d8d591/original/as/general-product-patient-assistance-application.pdf,not checked
/content/abbvie-nextgen-eds/corporate/abbvie-com/language-masters/en/patients/patient-support/patient-assistance/available-programs/.content.xml,pdf-dm,converted,https://www.abbvie.com/content/dam/abbvie-com2/pdfs/pap/general-product-patient-assistance-application-spanish.pdf,https://delivery-p157365-e1665873.adobeaemcloud.com/adobe/assets/urn:aaid:aem:49ce6fbb-118c-4ebd-aa7d-d423fdb76adc/original/as/general-product-patient-assistance-application-spanish.pdf,not checked
/content/abbvie-nextgen-eds/corporate/abbvie-com/language-masters/en/patients/patient-support/patient-assistance/available-programs/.content.xml,pdf-dm,converted,https://www.abbvie.com/content/dam/abbvie-com2/pdfs/pap/eye-care-application.pdf,https://delivery-p157365-e1665873.adobeaemcloud.com/adobe/assets/urn:aaid:aem:608c9ef6-b4bf-4f58-a1ac-27f85dffa8f0/original/as/eye-care-application.pdf,not checked
/content/abbvie-nextgen-eds/corporate/abbvie-com/language-masters/en/patients/patient-support/patient-assistance/available-programs/.content.xml,pdf-dm,converted,https://www.abbvie.com/content/dam/abbvie-com2/pdfs/pap/eye-care-application-spanish.pdf,https://delivery-p157365-e1665873.adobeaemcloud.com/adobe/assets/urn:aaid:aem:17b92ec6-28e8-479e-869f-9e8e223332d5/original/as/eye-care-application-spanish.pdf,not checked
/content/abbvie-nextgen-eds/corporate/abbvie-com/language-masters/en/patients/patient-support/patient-assistance/available-programs/.content.xml,pdf-dm,converted,https://www.abbvie.com/content/dam/abbvie-com2/pdfs/pap/application-for-allergan-aesthetics.pdf,https://delivery-p157365-e1665873.adobeaemcloud.com/adobe/assets/urn:aaid:aem:5408429b-f40f-4378-b368-7391e3be15cc/original/as/application-for-allergan-aesthetics.pdf,not checked
/content/abbvie-nextgen-eds/corporate/abbvie-com/language-masters/en/patients/patient-support/patient-assistance/available-programs/.content.xml,pdf-dm,converted,https://www.abbvie.com/content/dam/abbvie-com2/pdfs/pap/application-for-allergan-aesthetics-spanish.pdf,https://delivery-p157365-e1665873.adobeaemcloud.com/adobe/assets/urn:aaid:aem:a1995276-9add-439a-b1d4-c826db909763/original/as/application-for-allergan-aesthetics-spanish.pdf,not checked
/content/abbvie-nextgen-eds/corporate/abbvie-com/language-masters/en/patients/patient-support/patient-assistance/available-programs/.content.xml,pdf-dm,converted,https://www.abbvie.com/content/dam/abbvie-com2/pdfs/pap/rinvoq-patient-assistance-application.pdf,https://delivery-p157365-e1665873.adobeaemcloud.com/adobe/assets/urn:aaid:aem:210c9297-ad74-4d80-b718-84f94b313c0e/original/as/rinvoq-patient-assistance-application.pdf,not checked
/content/abbvie-nextgen-eds/corporate/abbvie-com/language-masters/en/patients/patient-support/patient-assistance/available-programs/.content.xml,pdf-dm,converted,https://www.abbvie.com/content/dam/abbvie-com2/pdfs/pap/rinvoq-patient-assistance-application-spanish.pdf,https://delivery-p157365-e1665873.adobeaemcloud.com/adobe/assets/urn:aaid:aem:2c6776d1-2647-439c-a791-4a935c522536/original/as/rinvoq-patient-assistance-application-spanish.pdf,not checked
/content/abbvie-nextgen-eds/corporate/abbvie-com/language-masters/en/patients/patient-support/patient-assistance/available-programs/.content.xml,pdf-dm,converted,https://www.abbvie.com/content/dam/abbvie-com2/pdfs/pap/general-product-patient-assistance-application.pdf,https://delivery-p157365-e1665873.adobeaemcloud.com/adobe/assets/urn:aaid:aem:00d88ef4-b2ab-4de9-a375-7ae3b5d8d591/original/as/general-product-patient-assistance-application.pdf,not checked
/content/abbvie-nextgen-eds/corporate/abbvie-com/language-masters/en/patients/patient-support/patient-assistance/available-programs/.content.xml,pdf-dm,converted,https://www.abbvie.com/content/dam/abbvie-com2/pdfs/pap/general-product-patient-assistance-application-spanish.pdf,https://delivery-p157365-e1665873.adobeaemcloud.com/adobe/assets/urn:aaid:aem:49ce6fbb-118c-4ebd-aa7d-d423fdb76adc/original/as/general-product-patient-assistance-application-spanish.pdf,not checked
/content/abbvie-nextgen-eds/corporate/abbvie-com/language-masters/en/patients/patient-support/patient-assistance/available-programs/.content.xml,pdf-dm,converted,https://www.abbvie.com/content/dam/abbvie-com2/pdfs/pap/general-product-patient-assistance-application.pdf,https://delivery-p157365-e1665873.adobeaemcloud.com/adobe/assets/urn:aaid:aem:00d88ef4-b2ab-4de9-a375-7ae3b5d8d591/original/as/general-product-patient-assistance-application.pdf,not checked
/content/abbvie-nextgen-eds/corporate/abbvie-com/language-masters/en/patients/patient-support/patient-assistance/available-programs/.content.xml,pdf-dm,converted,https://www.abbvie.com/content/dam/abbvie-com2/pdfs/pap/general-product-patient-assistance-application-spanish.pdf,https://delivery-p157365-e1665873.adobeaemcloud.com/adobe/assets/urn:aaid:aem:49ce6fbb-118c-4ebd-aa7d-d423fdb76adc/original/as/general-product-patient-assistance-application-spanish.pdf,not checked
/content/abbvie-nextgen-eds/corporate/abbvie-com/language-masters/en/patients/patient-support/patient-assistance/available-programs/.content.xml,pdf-dm,converted,https://www.abbvie.com/content/dam/abbvie-com2/pdfs/pap/skyrizi-patient-assistance-application.pdf,https://delivery-p157365-e1665873.adobeaemcloud.com/adobe/assets/urn:aaid:aem:2d59969a-a25e-4f8b-ad27-a0a025a1e798/original/as/skyrizi-patient-assistance-application.pdf,not checked
/content/abbvie-nextgen-eds/corporate/abbvie-com/language-masters/en/patients/patient-support/patient-assistance/available-programs/.content.xml,pdf-dm,converted,https://www.abbvie.com/content/dam/abbvie-com2/pdfs/pap/skyrizi-patient-assistance-application-spanish.pdf,https://delivery-p157365-e1665873.adobeaemcloud.com/adobe/assets/urn:aaid:aem:3f97b75f-d0a4-49d4-abdf-8e01202ed0f4/original/as/skyrizi-patient-assistance-application-spanish.pdf,not checked
/content/abbvie-nextgen-eds/corporate/abbvie-com/language-masters/en/patients/patient-support/patient-assistance/available-programs/.content.xml,pdf-dm,converted,https://www.abbvie.com/content/dam/abbvie-com2/pdfs/pap/application-for-allergan-aesthetics.pdf,https://delivery-p157365-e1665873.adobeaemcloud.com/adobe/assets/urn:aaid:aem:5408429b-f40f-4378-b368-7391e3be15cc/original/as/application-for-allergan-aesthetics.pdf,not checked
/content/abbvie-nextgen-eds/corporate/abbvie-com/language-masters/en/patients/patient-support/patient-assistance/available-programs/.content.xml,pdf-dm,converted,https://www.abbvie.com/content/dam/abbvie-com2/pdfs/pap/application-for-allergan-aesthetics-spanish.pdf,https://delivery-p157365-e1665873.adobeaemcloud.com/adobe/assets/urn:aaid:aem:a1995276-9add-439a-b1d4-c826db909763/original/as/application-for-allergan-aesthetics-spanish.pdf,not checked
/content/abbvie-nextgen-eds/corporate/abbvie-com/language-masters/en/patients/patient-support/patient-assistance/available-programs/.content.xml,pdf-dm,converted,https://www.abbvie.com/content/dam/abbvie-com2/pdfs/pap/general-product-patient-assistance-application.pdf,https://delivery-p157365-e1665873.adobeaemcloud.com/adobe/assets/urn:aaid:aem:00d88ef4-b2ab-4de9-a375-7ae3b5d8d591/original/as/general-product-patient-assistance-application.pdf,not checked
/content/abbvie-nextgen-eds/corporate/abbvie-com/language-masters/en/patients/patient-support/patient-assistance/available-programs/.content.xml,pdf-dm,converted,https://www.abbvie.com/content/dam/abbvie-com2/pdfs/pap/general-product-patient-assistance-application-spanish.pdf,https://delivery-p157365-e1665873.adobeaemcloud.com/adobe/assets/urn:aaid:aem:49ce6fbb-118c-4ebd-aa7d-d423fdb76adc/original/as/general-product-patient-assistance-application-spanish.pdf,not checked
/content/abbvie-nextgen-eds/corporate/abbvie-com/language-masters/en/patients/patient-support/patient-assistance/available-programs/.content.xml,pdf-dm,converted,https://www.abbvie.com/content/dam/abbvie-com2/pdfs/pap/critical-care-application.pdf,https://delivery-p157365-e1665873.adobeaemcloud.com/adobe/assets/urn:aaid:aem:9828eeb4-edb7-4642-9554-afa173ed33fc/original/as/critical-care-application.pdf,not checked
/content/abbvie-nextgen-eds/corporate/abbvie-com/language-masters/en/patients/patient-support/patient-assistance/available-programs/.content.xml,pdf-dm,converted,https://www.abbvie.com/content/dam/abbvie-com2/pdfs/pap/critical-care-application-spanish.pdf,https://delivery-p157365-e1665873.adobeaemcloud.com/adobe/assets/urn:aaid:aem:5a0c5b6d-fb1a-4668-ac19-2a1a9dd171b4/original/as/critical-care-application-spanish.pdf,not checked
/content/abbvie-nextgen-eds/corporate/abbvie-com/language-masters/en/patients/patient-support/patient-assistance/available-programs/.content.xml,pdf-dm,converted,https://www.abbvie.com/content/dam/abbvie-com2/pdfs/pap/qulipta-ubrelvy-patient-assistance-application.pdf,https://delivery-p157365-e1665873.adobeaemcloud.com/adobe/assets/urn:aaid:aem:1b0888c0-d26c-4d7a-b2f9-27689603dc6a/original/as/qulipta-ubrelvy-patient-assistance-application.pdf,not checked
/content/abbvie-nextgen-eds/corporate/abbvie-com/language-masters/en/patients/patient-support/patient-assistance/available-programs/.content.xml,pdf-dm,converted,https://www.abbvie.com/content/dam/abbvie-com2/pdfs/pap/qulipta-ubrelvy-patient-assistance-application-sp.pdf,https://delivery-p157365-e1665873.adobeaemcloud.com/adobe/assets/urn:aaid:aem:09ad95f2-53c9-4610-9d83-b67496501fb5/original/as/qulipta-ubrelvy-patient-assistance-application-sp.pdf,not checked
/content/abbvie-nextgen-eds/corporate/abbvie-com/language-masters/en/patients/patient-support/patient-assistance/available-programs/.content.xml,pdf-dm,converted,https://www.abbvie.com/content/dam/abbvie-com2/pdfs/pap/gastro-health-application.pdf,https://delivery-p157365-e1665873.adobeaemcloud.com/adobe/assets/urn:aaid:aem:fff0c0e1-5d1b-4d78-b3d8-c0b3cf0f52f8/original/as/gastro-health-application.pdf,not checked
/content/abbvie-nextgen-eds/corporate/abbvie-com/language-masters/en/patients/patient-support/patient-assistance/available-programs/.content.xml,pdf-dm,converted,https://www.abbvie.com/content/dam/abbvie-com2/pdfs/pap/gastro-health-application-spanish.pdf,https://delivery-p157365-e1665873.adobeaemcloud.com/adobe/assets/urn:aaid:aem:89342835-7c89-48f6-87cf-1c1f68a66393/original/as/gastro-health-application-spanish.pdf,not checked
/content/abbvie-nextgen-eds/corporate/abbvie-com/language-masters/en/patients/patient-support/patient-assistance/available-programs/.content.xml,pdf-dm,converted,https://www.abbvie.com/content/dam/abbvie-com2/pdfs/pap/general-product-patient-assistance-application.pdf,https://delivery-p157365-e1665873.adobeaemcloud.com/adobe/assets/urn:aaid:aem:00d88ef4-b2ab-4de9-a375-7ae3b5d8d591/original/as/general-product-patient-assistance-application.pdf,not checked
/content/abbvie-nextgen-eds/corporate/abbvie-com/language-masters/en/patients/patient-support/patient-assistance/available-programs/.content.xml,pdf-dm,converted,https://www.abbvie.com/content/dam/abbvie-com2/pdfs/pap/general-product-patient-assistance-application-spanish.pdf,https://delivery-p157365-e1665873.adobeaemcloud.com/adobe/assets/urn:aaid:aem:49ce6fbb-118c-4ebd-aa7d-d423fdb76adc/original/as/general-product-patient-assistance-application-spanish.pdf,not checked
/content/abbvie-nextgen-eds/corporate/abbvie-com/language-masters/en/patients/patient-support/patient-assistance/available-programs/.content.xml,pdf-dm,converted,https://www.abbvie.com/content/dam/abbvie-com2/pdfs/pap/vraylar-patient-assistance-application.pdf,https://delivery-p157365-e1665873.adobeaemcloud.com/adobe/assets/urn:aaid:aem:bc5e7d27-e022-4b19-ae6d-30f9608aec4d/original/as/vraylar-patient-assistance-application.pdf,not checked
/content/abbvie-nextgen-eds/corporate/abbvie-com/language-masters/en/patients/patient-support/patient-assistance/available-programs/.content.xml,pdf-dm,converted,https://www.abbvie.com/content/dam/abbvie-com2/pdfs/pap/vraylar-patient-assistance-application-sp.pdf,https://delivery-p157365-e1665873.adobeaemcloud.com/adobe/assets/urn:aaid:aem:6c2483c2-5039-47fa-a809-434b54e4a790/original/as/vraylar-patient-assistance-application-sp.pdf,not checked
/content/abbvie-nextgen-eds/corporate/abbvie-com/language-masters/en/patients/patient-support/patient-assistance/available-programs/.content.xml,pdf-dm,converted,https://www.abbvie.com/content/dam/abbvie-com2/pdfs/pap/vyalev-patient-assistance-application.pdf,https://delivery-p157365-e1665873.adobeaemcloud.com/adobe/assets/urn:aaid:aem:fb119639-ed7c-4a65-96d8-6811915f61c6/original/as/vyalev-patient-assistance-application.pdf,not checked
/content/abbvie-nextgen-eds/corporate/abbvie-com/language-masters/en/patients/patient-support/patient-assistance/available-programs/.content.xml,pdf-dm,converted,https://www.abbvie.com/content/dam/abbvie-com2/pdfs/pap/vyalev-patient-assistance-application-spanish.pdf,https://delivery-p157365-e1665873.adobeaemcloud.com/adobe/assets/urn:aaid:aem:ec1bf6d8-1cab-4dcc-a6c3-ab27168b9fd5/original/as/vyalev-patient-assistance-application-spanish.pdf,not checked
/content/abbvie-nextgen-eds/corporate/abbvie-com/language-masters/en/patients/patient-support/patient-assistance/available-programs/.content.xml,pdf-dm,converted,https://www.abbvie.com/content/dam/abbvie-com2/pdfs/pap/eye-care-application.pdf,https://delivery-p157365-e1665873.adobeaemcloud.com/adobe/assets/urn:aaid:aem:608c9ef6-b4bf-4f58-a1ac-27f85dffa8f0/original/as/eye-care-application.pdf,not checked
/content/abbvie-nextgen-eds/corporate/abbvie-com/language-masters/en/patients/patient-support/patient-assistance/available-programs/.content.xml,pdf-dm,converted,https://www.abbvie.com/content/dam/abbvie-com2/pdfs/pap/eye-care-application-spanish.pdf,https://delivery-p157365-e1665873.adobeaemcloud.com/adobe/assets/urn:aaid:aem:17b92ec6-28e8-479e-869f-9e8e223332d5/original/as/eye-care-application-spanish.pdf,not checked
/content/abbvie-nextgen-eds/corporate/abbvie-com/language-masters/en/patients/patient-support/patient-assistance/available-programs/.content.xml,abbvie-abs,changed,https://www.abbvie.com/content/dam/abbvie-com2/pdfs/pap/elahere-application.pdf,/content/dam/corporate/abbvie-com2/pdfs/pap/elahere-application.pdf,not checked
/content/abbvie-nextgen-eds/corporate/abbvie-com/language-masters/en/patients/patient-support/patient-assistance/available-programs/.content.xml,short-path,changed,/patients/patient-support/patient-assistance/available-programs/humira-program-update.html,/content/abbvie-nextgen-eds/corporate/abbvie-com/language-masters/en/patients/patient-support/patient-assistance/available-programs/humira-program-update,not checked
/content/abbvie-nextgen-eds/corporate/abbvie-com/language-masters/en/patients/products/.content.xml,pdf-dm,converted,/content/dam/corporate/abbvie-com2/pdfs/ESA.pdf,https://delivery-p157365-e1665873.adobeaemcloud.com/adobe/assets/urn:aaid:aem:a3d537fb-96c0-496c-9f36-311ef5c81f16/original/as/ESA.pdf,not checked
/content/abbvie-nextgen-eds/corporate/abbvie-com/language-masters/en/patients/product-quality-and-safety/.content.xml,pdf-dm,converted,/content/dam/corporate/abbvie-com2/pdfs/suppliers/2021-environment-and-safety-performance-report.pdf,https://delivery-p157365-e1665873.adobeaemcloud.com/adobe/assets/urn:aaid:aem:637b38b3-c88e-45b8-bcc4-24bff39da7cd/original/as/2021-environment-and-safety-performance-report.pdf,not checked
/content/abbvie-nextgen-eds/corporate/abbvie-com/language-masters/en/contact-center/.content.xml,pdf-dm,converted,https://www.abbvie.com/content/dam/abbvie-com2/pdfs/cobc/cobc_English.pdf,https://delivery-p157365-e1665873.adobeaemcloud.com/adobe/assets/urn:aaid:aem:5af598af-d07e-4e8b-b4c1-29bc1eaf4c8c/original/as/cobc_English.pdf,not checked
/content/abbvie-nextgen-eds/corporate/abbvie-com/language-masters/en/contact-center/.content.xml,abbvie-abs,changed,https://www.abbvie.com/content/dam/abbvie-com2/images/cc/women-working-in-lab-contact-center.jpg,/content/dam/corporate/abbvie-com2/images/cc/women-working-in-lab-contact-center.jpg,not checked
/content/abbvie-nextgen-eds/corporate/abbvie-com/language-masters/en/contact-center/.content.xml,short-path,changed,/patients/patient-support.html,/content/abbvie-nextgen-eds/corporate/abbvie-com/language-masters/en/patients/patient-support,not checked
/content/abbvie-nextgen-eds/corporate/abbvie-com/language-masters/en/contact-center/.content.xml,short-path,changed,/patients/patient-support/patient-assistance/savings-card.html,/content/abbvie-nextgen-eds/corporate/abbvie-com/language-masters/en/patients/patient-support/patient-assistance/savings-card,not checked
/content/abbvie-nextgen-eds/corporate/abbvie-com/language-masters/en/contact-center/.content.xml,short-path,changed,/patients/patient-support/patient-assistance.html,/content/abbvie-nextgen-eds/corporate/abbvie-com/language-masters/en/patients/patient-support/patient-assistance,not checked
/content/abbvie-nextgen-eds/corporate/abbvie-com/language-masters/en/science/.content.xml,abbvie-abs,changed,https://www.abbvie.com/science/areas-of-focus/immunology.html,/content/abbvie-nextgen-eds/corporate/abbvie-com/language-masters/en/science/areas-of-focus/immunology,not checked
/content/abbvie-nextgen-eds/corporate/abbvie-com/language-masters/en/science/.content.xml,abbvie-abs,changed,https://www.abbvie.com/science/areas-of-focus/oncology.html,/content/abbvie-nextgen-eds/corporate/abbvie-com/language-masters/en/science/areas-of-focus/oncology,not checked
/content/abbvie-nextgen-eds/corporate/abbvie-com/language-masters/en/science/.content.xml,abbvie-abs,changed,https://www.abbvie.com/science/areas-of-focus/neuroscience.html,/content/abbvie-nextgen-eds/corporate/abbvie-com/language-masters/en/science/areas-of-focus/neuroscience,not checked
/content/abbvie-nextgen-eds/corporate/abbvie-com/language-masters/en/science/.content.xml,abbvie-abs,changed,https://www.abbvie.com/science/areas-of-focus/eye-care.html,/content/abbvie-nextgen-eds/corporate/abbvie-com/language-masters/en/science/areas-of-focus/eye-care,not checked
/content/abbvie-nextgen-eds/corporate/abbvie-com/language-masters/en/science/.content.xml,abbvie-abs,changed,https://www.abbvie.com/science/areas-of-focus/aesthetics.html,/content/abbvie-nextgen-eds/corporate/abbvie-com/language-masters/en/science/areas-of-focus/aesthetics,not checked
/content/abbvie-nextgen-eds/corporate/abbvie-com/language-masters/en/science/.content.xml,abbvie-abs,changed,https://www.abbvie.com/science/areas-of-focus/other-specialties.html,/content/abbvie-nextgen-eds/corporate/abbvie-com/language-masters/en/science/areas-of-focus/other-specialties,not checked
/content/abbvie-nextgen-eds/corporate/abbvie-com/language-masters/en/science/.content.xml,abbvie-abs,changed,https://www.abbvie.com/science/areas-of-focus.html,/content/abbvie-nextgen-eds/corporate/abbvie-com/language-masters/en/science/areas-of-focus,not checked
/content/abbvie-nextgen-eds/corporate/abbvie-com/language-masters/en/science/.content.xml,abbvie-abs,changed,https://www.abbvie.com/science/areas-of-innovation.html,/content/abbvie-nextgen-eds/corporate/abbvie-com/language-masters/en/science/areas-of-innovation,not checked
/content/abbvie-nextgen-eds/corporate/abbvie-com/language-masters/en/science/.content.xml,abbvie-abs,changed,https://www.abbvie.com/science/our-people.html,/content/abbvie-nextgen-eds/corporate/abbvie-com/language-masters/en/science/our-people,not checked
/content/abbvie-nextgen-eds/corporate/abbvie-com/language-masters/en/science/.content.xml,abbvie-abs,changed,https://www.abbvie.com/science/partner-with-us.html,/content/abbvie-nextgen-eds/corporate/abbvie-com/language-masters/en/science/partner-with-us,not checked
/content/abbvie-nextgen-eds/corporate/abbvie-com/language-masters/en/science/.content.xml,abbvie-abs,changed,https://www.abbvie.com/science/clinical-trials.html,/content/abbvie-nextgen-eds/corporate/abbvie-com/language-masters/en/science/clinical-trials,not checked
/content/abbvie-nextgen-eds/corporate/abbvie-com/language-masters/en/science/.content.xml,abbvie-abs,changed,https://www.abbvie.com/content/dam/abbvie-com2/images/ppp/ambily-scientist-hero.jpg,/content/dam/corporate/abbvie-com2/images/ppp/ambily-scientist-hero.jpg,not checked
/content/abbvie-nextgen-eds/corporate/abbvie-com/language-masters/en/science/.content.xml,scene7,changed,https://abbvie.scene7.com/is/image/abbviecorp/Cambridge%20Scientists,https://delivery-p157365-e1665873.adobeaemcloud.com/adobe/assets/urn:aaid:aem:de11216e-fbc9-4d84-9d66-9db17b06c79f/as/Cambridge%20Scientists.jpg,not checked
/content/abbvie-nextgen-eds/corporate/abbvie-com/language-masters/en/science/.content.xml,short-path,changed,/who-we-are/our-stories/the-persistence-lab-podcasts.html,/content/abbvie-nextgen-eds/corporate/abbvie-com/language-masters/en/who-we-are/our-stories/the-persistence-lab-podcasts,not checked
/content/abbvie-nextgen-eds/corporate/abbvie-com/language-masters/en/science/.content.xml,short-path,changed,/science/our-people/science-in-60-seconds.html,/content/abbvie-nextgen-eds/corporate/abbvie-com/language-masters/en/science/our-people/science-in-60-seconds,not checked
/content/abbvie-nextgen-eds/corporate/abbvie-com/language-masters/en/science/.content.xml,short-path,changed,/science/our-people/lab-of-the-future.html,/content/abbvie-nextgen-eds/corporate/abbvie-com/language-masters/en/science/our-people/lab-of-the-future,not checked
/content/abbvie-nextgen-eds/corporate/abbvie-com/language-masters/en/science/.content.xml,short-path,changed,/science/our-people/discovery-files.html,/content/abbvie-nextgen-eds/corporate/abbvie-com/language-masters/en/science/our-people/discovery-files,not checked
/content/abbvie-nextgen-eds/corporate/abbvie-com/language-masters/en/science/.content.xml,short-path,changed,/science/areas-of-focus.html,/content/abbvie-nextgen-eds/corporate/abbvie-com/language-masters/en/science/areas-of-focus,not checked
/content/abbvie-nextgen-eds/corporate/abbvie-com/language-masters/en/science/.content.xml,short-path,changed,/science/areas-of-innovation.html,/content/abbvie-nextgen-eds/corporate/abbvie-com/language-masters/en/science/areas-of-innovation,not checked
/content/abbvie-nextgen-eds/corporate/abbvie-com/language-masters/en/science/.content.xml,short-path,changed,/science/areas-of-innovation.html,/content/abbvie-nextgen-eds/corporate/abbvie-com/language-masters/en/science/areas-of-innovation,not checked
/content/abbvie-nextgen-eds/corporate/abbvie-com/language-masters/en/science/.content.xml,short-path,changed,/science/our-people.html,/content/abbvie-nextgen-eds/corporate/abbvie-com/language-masters/en/science/our-people,not checked
/content/abbvie-nextgen-eds/corporate/abbvie-com/language-masters/en/science/.content.xml,short-path,changed,/join-us/opportunities/research-and-development.html,/content/abbvie-nextgen-eds/corporate/abbvie-com/language-masters/en/join-us/opportunities/research-and-development,not checked
/content/abbvie-nextgen-eds/corporate/abbvie-com/language-masters/en/science/partner-with-us/.content.xml,pdf-dm,converted,https://www.abbvie.com/content/dam/abbvie-com2/pdfs/partnership-approach-brochure.pdf,https://delivery-p157365-e1665873.adobeaemcloud.com/adobe/assets/urn:aaid:aem:a328b8cf-480e-4410-b35a-65baaa89adf1/original/as/partnership-approach-brochure.pdf,not checked
/content/abbvie-nextgen-eds/corporate/abbvie-com/language-masters/en/science/partner-with-us/.content.xml,abbvie-abs,changed,https://www.abbvie.com/science/partner-with-us/partnering-days.html,/content/abbvie-nextgen-eds/corporate/abbvie-com/language-masters/en/science/partner-with-us/partnering-days,not checked
/content/abbvie-nextgen-eds/corporate/abbvie-com/language-masters/en/science/partner-with-us/.content.xml,abbvie-abs,changed,https://www.abbvie.com/science/partner-with-us/abbvie-ventures.html,/content/abbvie-nextgen-eds/corporate/abbvie-com/language-masters/en/science/partner-with-us/abbvie-ventures,not checked
/content/abbvie-nextgen-eds/corporate/abbvie-com/language-masters/en/science/partner-with-us/.content.xml,abbvie-abs,changed,https://www.abbvie.com/content/dam/abbvie-com2/images/woman-man-meeting-hero.jpg,/content/dam/corporate/abbvie-com2/images/woman-man-meeting-hero.jpg,not checked
/content/abbvie-nextgen-eds/corporate/abbvie-com/language-masters/en/science/partner-with-us/partnering-days/.content.xml,short-path,changed,/science/partner-with-us.html,/content/abbvie-nextgen-eds/corporate/abbvie-com/language-masters/en/science/partner-with-us,not checked
/content/abbvie-nextgen-eds/corporate/abbvie-com/language-masters/en/science/partner-with-us/partnering-days/.content.xml,short-path,changed,/science/partner-with-us/abbvie-ventures.html,/content/abbvie-nextgen-eds/corporate/abbvie-com/language-masters/en/science/partner-with-us/abbvie-ventures,not checked
/content/abbvie-nextgen-eds/corporate/abbvie-com/language-masters/en/science/partner-with-us/abbvie-ventures/.content.xml,pdf-dm,converted,https://www.abbvie.com/content/dam/abbvie-com2/pdfs/ventures/abbvie-ventures-impact-report-2025.pdf,https://delivery-p157365-e1665873.adobeaemcloud.com/adobe/assets/urn:aaid:aem:da42737a-ff67-4162-b1f8-d6ec01a933bd/original/as/abbvie-ventures-impact-report-2025.pdf,not checked
/content/abbvie-nextgen-eds/corporate/abbvie-com/language-masters/en/science/partner-with-us/abbvie-ventures/.content.xml,abbvie-abs,changed,https://www.abbvie.com/science/partner-with-us/abbvie-ventures/abbvie-ventures-portfolio.html,/content/abbvie-nextgen-eds/corporate/abbvie-com/language-masters/en/science/partner-with-us/abbvie-ventures/abbvie-ventures-portfolio,not checked
/content/abbvie-nextgen-eds/corporate/abbvie-com/language-masters/en/science/partner-with-us/abbvie-ventures/.content.xml,scene7,changed,https://abbvie.scene7.com/is/image/abbviecorp/christian-headshot,https://delivery-p157365-e1665873.adobeaemcloud.com/adobe/assets/urn:aaid:aem:ad05a577-0712-4cbe-b966-69e80c27d24a/as/christian-headshot.jpg,not checked
/content/abbvie-nextgen-eds/corporate/abbvie-com/language-masters/en/science/partner-with-us/abbvie-ventures/.content.xml,scene7,changed,https://abbvie.scene7.com/is/image/abbviecorp/doug-faunce-headshot,https://delivery-p157365-e1665873.adobeaemcloud.com/adobe/assets/urn:aaid:aem:51b9f8ed-9afe-43ca-8601-c48dc12ee914/as/doug-faunce-headshot.jpg,not checked
/content/abbvie-nextgen-eds/corporate/abbvie-com/language-masters/en/science/partner-with-us/abbvie-ventures/.content.xml,scene7,changed,https://abbvie.scene7.com/is/image/abbviecorp/shawna-frazier-headshot,https://delivery-p157365-e1665873.adobeaemcloud.com/adobe/assets/urn:aaid:aem:51670d09-841a-415c-839a-b172ba8c0249/as/shawna-frazier-headshot.jpg,not checked
/content/abbvie-nextgen-eds/corporate/abbvie-com/language-masters/en/science/partner-with-us/abbvie-ventures/.content.xml,scene7,changed,https://abbvie.scene7.com/is/image/abbviecorp/donmienne-leung-headshot,https://delivery-p157365-e1665873.adobeaemcloud.com/adobe/assets/urn:aaid:aem:7804f604-9335-444d-a242-962c50f407c0/as/donmienne-leung-headshot.jpg,not checked
/content/abbvie-nextgen-eds/corporate/abbvie-com/language-masters/en/science/partner-with-us/abbvie-ventures/.content.xml,scene7,changed,https://abbvie.scene7.com/is/image/abbviecorp/claire-leurent-headshot,https://delivery-p157365-e1665873.adobeaemcloud.com/adobe/assets/urn:aaid:aem:905f9e27-4425-4dbe-bfe7-09a35f5fba5a/as/claire-leurent-headshot.jpg,not checked
/content/abbvie-nextgen-eds/corporate/abbvie-com/language-masters/en/science/partner-with-us/abbvie-ventures/.content.xml,scene7,changed,https://abbvie.scene7.com/is/image/abbviecorp/laura-pedroza-headshot,https://delivery-p157365-e1665873.adobeaemcloud.com/adobe/assets/urn:aaid:aem:341df18e-d661-4c65-95cb-78c8112bccc7/as/laura-pedroza-headshot.jpg,not checked
/content/abbvie-nextgen-eds/corporate/abbvie-com/language-masters/en/science/partner-with-us/abbvie-ventures/.content.xml,scene7,changed,https://abbvie.scene7.com/is/image/abbviecorp/christina-vorvis-headshot,https://delivery-p157365-e1665873.adobeaemcloud.com/adobe/assets/urn:aaid:aem:2e4b6039-b774-4164-bc70-d730b88dda32/as/christina-vorvis-headshot.jpg,not checked
/content/abbvie-nextgen-eds/corporate/abbvie-com/language-masters/en/science/partner-with-us/abbvie-ventures/.content.xml,scene7,changed,https://abbvie.scene7.com/is/image/abbviecorp/yushanns-headshot-square,https://delivery-p157365-e1665873.adobeaemcloud.com/adobe/assets/urn:aaid:aem:ff1fe516-3704-455b-bed6-0583d3a87d4f/as/yushanns-headshot-square.jpg,not checked
/content/abbvie-nextgen-eds/corporate/abbvie-com/language-masters/en/science/partner-with-us/abbvie-ventures/.content.xml,scene7,changed,https://abbvie.scene7.com/is/image/abbviecorp/joachim-vogt-headshot,https://delivery-p157365-e1665873.adobeaemcloud.com/adobe/assets/urn:aaid:aem:a256bcfe-d481-4e2f-b373-f39ddf02c3b3/as/joachim-vogt-headshot.jpg,not checked
/content/abbvie-nextgen-eds/corporate/abbvie-com/language-masters/en/science/partner-with-us/abbvie-ventures/.content.xml,scene7,changed,https://abbvie.scene7.com/is/image/abbviecorp/shu-konakahara-headshot,https://delivery-p157365-e1665873.adobeaemcloud.com/adobe/assets/urn:aaid:aem:b55e886c-a35a-4a5a-8a0c-b8a4009bd44d/as/shu-konakahara-headshot.jpg,not checked
/content/abbvie-nextgen-eds/corporate/abbvie-com/language-masters/en/science/partner-with-us/abbvie-ventures/.content.xml,scene7,changed,https://abbvie.scene7.com/is/image/abbviecorp/tadaatsu-naka-headshot,https://delivery-p157365-e1665873.adobeaemcloud.com/adobe/assets/urn:aaid:aem:61018cbd-0002-4fb3-9c23-058778efb3f3/as/tadaatsu-naka-headshot.jpg,not checked
/content/abbvie-nextgen-eds/corporate/abbvie-com/language-masters/en/science/partner-with-us/abbvie-ventures/.content.xml,scene7,changed,https://abbvie.scene7.com/is/image/abbviecorp/tom-wu-headshot,https://delivery-p157365-e1665873.adobeaemcloud.com/adobe/assets/urn:aaid:aem:15cb3f7f-5ca6-4677-9173-83034973c793/as/tom-wu-headshot.jpg,not checked
/content/abbvie-nextgen-eds/corporate/abbvie-com/language-masters/en/science/partner-with-us/abbvie-ventures/.content.xml,short-path,changed,/science/partner-with-us/abbvie-ventures/abbvie-ventures-portfolio.html,/content/abbvie-nextgen-eds/corporate/abbvie-com/language-masters/en/science/partner-with-us/abbvie-ventures/abbvie-ventures-portfolio,not checked
/content/abbvie-nextgen-eds/corporate/abbvie-com/language-masters/en/science/clinical-trials/.content.xml,dam-path,changed,/content/dam/abbvie-com2/images/employee/front-desk-at-dr-office-hero.jpg,/content/dam/corporate/abbvie-com2/images/employee/front-desk-at-dr-office-hero.jpg,not checked
/content/abbvie-nextgen-eds/corporate/abbvie-com/language-masters/en/science/clinical-trials/.content.xml,short-path,changed,/science/clinical-trials/investigator-initiated-studies,/content/abbvie-nextgen-eds/corporate/abbvie-com/language-masters/en/science/clinical-trials/investigator-initiated-studies,not checked
/content/abbvie-nextgen-eds/corporate/abbvie-com/language-masters/en/science/clinical-trials/investigator-initiated-studies/.content.xml,pdf-dm,converted,https://www.abbvie.com/content/dam/abbvie-com2/pdfs/iis/spirit-external-account-creation-login.pdf,https://delivery-p157365-e1665873.adobeaemcloud.com/adobe/assets/urn:aaid:aem:ff85cfa1-ed89-478a-8f82-959cb4ae46ec/original/as/spirit-external-account-creation-login.pdf,not checked
/content/abbvie-nextgen-eds/corporate/abbvie-com/language-masters/en/science/clinical-trials/investigator-initiated-studies/.content.xml,abbvie-abs,changed,https://www.abbvie.com/content/dam/abbvie-com2/pdfs/iis/2026-iis-strategic-priorities-compiled-v5-20-MAY-2026.pdf,/content/dam/corporate/abbvie-com2/pdfs/iis/2026-iis-strategic-priorities-compiled-v5-20-MAY-2026.pdf,not checked
/content/abbvie-nextgen-eds/corporate/abbvie-com/language-masters/en/science/clinical-trials/investigator-initiated-studies/.content.xml,abbvie-abs,changed,https://www.abbvie.com/science/pipeline.html?utm_medium=psearch,/content/abbvie-nextgen-eds/corporate/abbvie-com/language-masters/en/science/pipeline.html?utm_medium=psearch,not checked
/content/abbvie-nextgen-eds/corporate/abbvie-com/language-masters/en/science/independent-educational-grants/.content.xml,abbvie-abs,changed,https://www.abbvie.com/science/independent-educational-grants/how-to-apply.html,/content/abbvie-nextgen-eds/corporate/abbvie-com/language-masters/en/science/independent-educational-grants/how-to-apply,not checked
/content/abbvie-nextgen-eds/corporate/abbvie-com/language-masters/en/science/independent-educational-grants/.content.xml,abbvie-abs,changed,https://www.abbvie.com/science/independent-educational-grants/request-types.html,/content/abbvie-nextgen-eds/corporate/abbvie-com/language-masters/en/science/independent-educational-grants/request-types,not checked
/content/abbvie-nextgen-eds/corporate/abbvie-com/language-masters/en/science/independent-educational-grants/.content.xml,abbvie-abs,changed,https://www.abbvie.com/science/independent-educational-grants/requestor-training-guide.html,/content/abbvie-nextgen-eds/corporate/abbvie-com/language-masters/en/science/independent-educational-grants/requestor-training-guide,not checked
/content/abbvie-nextgen-eds/corporate/abbvie-com/language-masters/en/science/independent-educational-grants/.content.xml,abbvie-abs,changed,https://www.abbvie.com/science/independent-educational-grants/grants-and-contribution-disclosures.html,/content/abbvie-nextgen-eds/corporate/abbvie-com/language-masters/en/science/independent-educational-grants/grants-and-contribution-disclosures,not checked
/content/abbvie-nextgen-eds/corporate/abbvie-com/language-masters/en/science/independent-educational-grants/grants-and-contribution-disclosures/.content.xml,pdf-dm,converted,https://www.abbvie.com/content/dam/abbvie-com2/pdfs/grants/2024-AbbVie-Grants-and-Contributions-Report.pdf,https://delivery-p157365-e1665873.adobeaemcloud.com/adobe/assets/urn:aaid:aem:97fe1d88-8377-4214-83aa-c15212ca3883/original/as/2024-AbbVie-Grants-and-Contributions-Report.pdf,not checked
/content/abbvie-nextgen-eds/corporate/abbvie-com/language-masters/en/science/independent-educational-grants/requestor-training-guide/.content.xml,pdf-dm,converted,/content/dam/corporate/abbvie-com2/pdfs/grants/requestor-training-guide.pdf,https://delivery-p157365-e1665873.adobeaemcloud.com/adobe/assets/urn:aaid:aem:f29ab843-893d-4bf0-a7f0-871c802a4af7/original/as/requestor-training-guide.pdf,not checked
/content/abbvie-nextgen-eds/corporate/abbvie-com/language-masters/en/science/independent-educational-grants/requestor-training-guide/.content.xml,pdf-dm,converted,/content/dam/corporate/abbvie-com2/pdfs/grants/grant-submission-documents-guide.pdf,https://delivery-p157365-e1665873.adobeaemcloud.com/adobe/assets/urn:aaid:aem:618cbdf8-c791-41a6-97e7-d757fe832b7d/original/as/grant-submission-documents-guide.pdf,not checked
/content/abbvie-nextgen-eds/corporate/abbvie-com/language-masters/en/science/independent-educational-grants/requestor-training-guide/.content.xml,pdf-dm,converted,/content/dam/abbvie-com2/corporate/pdfs/grants/grant-submission-documents-guide.pdf,https://delivery-p157365-e1665873.adobeaemcloud.com/adobe/assets/urn:aaid:aem:618cbdf8-c791-41a6-97e7-d757fe832b7d/original/as/grant-submission-documents-guide.pdf,not checked
/content/abbvie-nextgen-eds/corporate/abbvie-com/language-masters/en/science/independent-educational-grants/how-to-apply/.content.xml,short-path,changed,/science/independent-educational-grants/requestor-training-guide.html,/content/abbvie-nextgen-eds/corporate/abbvie-com/language-masters/en/science/independent-educational-grants/requestor-training-guide,not checked
/content/abbvie-nextgen-eds/corporate/abbvie-com/language-masters/en/science/areas-of-innovation/.content.xml,dam-path,changed,/content/dam/abbvie-com2/images/employee/woman-scientist-examining-hero.jpg,/content/dam/corporate/abbvie-com2/images/employee/woman-scientist-examining-hero.jpg,not checked
/content/abbvie-nextgen-eds/corporate/abbvie-com/language-masters/en/science/areas-of-innovation/patient-focused-drug-development/.content.xml,scene7,changed,https://abbvie.scene7.com/is/image/abbviecorp/woman-scientist-microscope-hero,https://delivery-p157365-e1665873.adobeaemcloud.com/adobe/assets/urn:aaid:aem:f3e790e9-7b4b-4cdf-861b-47002ccd3b1a/as/woman-scientist-microscope-hero.jpg,not checked
/content/abbvie-nextgen-eds/corporate/abbvie-com/language-masters/en/science/areas-of-innovation/patient-focused-drug-development/.content.xml,dam-path,changed,/content/dam/abbvie-com2/images/employee/woman-scientist-microscope-hero.jpg,/content/dam/corporate/abbvie-com2/images/employee/woman-scientist-microscope-hero.jpg,not checked
/content/abbvie-nextgen-eds/corporate/abbvie-com/language-masters/en/science/areas-of-innovation/therapeutic-modalities-and-platforms/.content.xml,scene7,changed,https://abbvie.scene7.com/is/image/abbviecorp/two-men-scientist-whiteboard-feature,https://delivery-p157365-e1665873.adobeaemcloud.com/adobe/assets/urn:aaid:aem:8c32be80-2ff7-4d01-a514-ba000a94cd55/as/two-men-scientist-whiteboard-feature.jpg,not checked
/content/abbvie-nextgen-eds/corporate/abbvie-com/language-masters/en/science/areas-of-innovation/therapeutic-modalities-and-platforms/.content.xml,scene7,changed,https://abbvie.scene7.com/is/image/abbviecorp/man-woman-scientist-talking-square,https://delivery-p157365-e1665873.adobeaemcloud.com/adobe/assets/urn:aaid:aem:99c36655-d2bd-435b-8527-3166b3168327/as/man-woman-scientist-talking-square.jpg,not checked
/content/abbvie-nextgen-eds/corporate/abbvie-com/language-masters/en/science/areas-of-innovation/therapeutic-modalities-and-platforms/.content.xml,dam-path,changed,/content/dam/abbvie-com2/images/employee/two-men-scientist-whiteboard-feature.jpg,/content/dam/corporate/abbvie-com2/images/employee/two-men-scientist-whiteboard-feature.jpg,not checked
/content/abbvie-nextgen-eds/corporate/abbvie-com/language-masters/en/science/areas-of-innovation/precision-medicine/.content.xml,scene7,changed,https://abbvie.scene7.com/is/image/abbviecorp/man-in-conference-room,https://delivery-p157365-e1665873.adobeaemcloud.com/adobe/assets/urn:aaid:aem:d2036c37-e0c3-4c19-8c4d-e01266d5ec24/as/man-in-conference-room.jpg,not checked
/content/abbvie-nextgen-eds/corporate/abbvie-com/language-masters/en/science/areas-of-innovation/precision-medicine/.content.xml,scene7,changed,https://abbvie.scene7.com/is/image/abbviecorp/pmed-explained-yt-thumbnail,https://delivery-p157365-e1665873.adobeaemcloud.com/adobe/assets/urn:aaid:aem:f3ec6db7-abeb-4e30-a5a8-1b365a4bc064/as/pmed-explained-yt-thumbnail.jpg,not checked
/content/abbvie-nextgen-eds/corporate/abbvie-com/language-masters/en/science/areas-of-innovation/precision-medicine/.content.xml,scene7,changed,https://abbvie.scene7.com/is/image/abbviecorp/man-looking-down-scientist-square,https://delivery-p157365-e1665873.adobeaemcloud.com/adobe/assets/urn:aaid:aem:cdd5347c-b858-4000-b953-9a96b0273151/as/man-looking-down-scientist-square.jpg,not checked
/content/abbvie-nextgen-eds/corporate/abbvie-com/language-masters/en/science/areas-of-innovation/precision-medicine/.content.xml,dam-path,changed,/content/dam/abbvie-com2/images/employee/male/man-in-conference-room.jpg,/content/dam/corporate/abbvie-com2/images/employee/male/man-in-conference-room.jpg,not checked
/content/abbvie-nextgen-eds/corporate/abbvie-com/language-masters/en/science/areas-of-innovation/ai-and-data-convergence/.content.xml,scene7,changed,https://abbvie.scene7.com/is/image/abbviecorp/man-looking-screen-hero-1,https://delivery-p157365-e1665873.adobeaemcloud.com/adobe/assets/urn:aaid:aem:ea19a7d7-036c-4fd1-ba8a-9172a9f7bb30/as/man-looking-screen-hero.jpg,not checked
/content/abbvie-nextgen-eds/corporate/abbvie-com/language-masters/en/science/areas-of-innovation/ai-and-data-convergence/.content.xml,scene7,changed,https://abbvie.scene7.com/is/image/abbviecorp/advance-tech-video-thumbnail,https://delivery-p157365-e1665873.adobeaemcloud.com/adobe/assets/urn:aaid:aem:7281231d-c1e8-4b05-99af-985d29de7c22/as/advance-tech-video-thumbnail.jpg,not checked
/content/abbvie-nextgen-eds/corporate/abbvie-com/language-masters/en/science/areas-of-innovation/ai-and-data-convergence/.content.xml,scene7,changed,https://abbvie.scene7.com/is/image/abbviecorp/AI-drug-discovery-poster-image,https://delivery-p157365-e1665873.adobeaemcloud.com/adobe/assets/urn:aaid:aem:6651812c-4811-4f3a-9c7d-abea8ca838e4/as/AI-drug-discovery-poster-image.jpg,not checked
/content/abbvie-nextgen-eds/corporate/abbvie-com/language-masters/en/science/areas-of-innovation/ai-and-data-convergence/.content.xml,scene7,changed,https://abbvie.scene7.com/is/image/abbviecorp/man-looking-down-scientist-square,https://delivery-p157365-e1665873.adobeaemcloud.com/adobe/assets/urn:aaid:aem:cdd5347c-b858-4000-b953-9a96b0273151/as/man-looking-down-scientist-square.jpg,not checked
/content/abbvie-nextgen-eds/corporate/abbvie-com/language-masters/en/science/areas-of-innovation/ai-and-data-convergence/.content.xml,dam-path,changed,/content/dam/abbvie-com2/images/employee/male/man-looking-screen-hero.jpg,/content/dam/corporate/abbvie-com2/images/employee/male/man-looking-screen-hero.jpg,not checked
/content/abbvie-nextgen-eds/corporate/abbvie-com/language-masters/en/science/areas-of-innovation/ai-and-data-convergence/.content.xml,short-path,changed,/who-we-are/our-stories/meet-the-arch-a-time-saving-tool-for-researchers-focused-on-finding-cures.html,/content/abbvie-nextgen-eds/corporate/abbvie-com/language-masters/en/who-we-are/our-stories/meet-the-arch-a-time-saving-tool-for-researchers-focused-on-finding-cures,not checked
/content/abbvie-nextgen-eds/corporate/abbvie-com/language-masters/en/science/areas-of-innovation/ai-and-data-convergence/.content.xml,short-path,changed,/who-we-are/our-stories/digital-science-lab.html,/content/abbvie-nextgen-eds/corporate/abbvie-com/language-masters/en/who-we-are/our-stories/digital-science-lab,not checked
/content/abbvie-nextgen-eds/corporate/abbvie-com/language-masters/en/science/areas-of-innovation/ai-and-data-convergence/.content.xml,short-path,changed,/science/areas-of-innovation/precision-medicine.html,/content/abbvie-nextgen-eds/corporate/abbvie-com/language-masters/en/science/areas-of-innovation/precision-medicine,not checked
/content/abbvie-nextgen-eds/corporate/abbvie-com/language-masters/en/science/areas-of-innovation/genomics/.content.xml,scene7,changed,https://abbvie.scene7.com/is/image/abbviecorp/woman-scientist-pipette-hero,https://delivery-p157365-e1665873.adobeaemcloud.com/adobe/assets/urn:aaid:aem:6eea1aaa-d70b-4c6b-beee-812fdd919d47/as/woman-scientist-pipette-hero.jpg,not checked
/content/abbvie-nextgen-eds/corporate/abbvie-com/language-masters/en/science/areas-of-innovation/genomics/.content.xml,scene7,changed,https://abbvie.scene7.com/is/image/abbviecorp/pmed-explained-yt-thumbnail,https://delivery-p157365-e1665873.adobeaemcloud.com/adobe/assets/urn:aaid:aem:f3ec6db7-abeb-4e30-a5a8-1b365a4bc064/as/pmed-explained-yt-thumbnail.jpg,not checked
/content/abbvie-nextgen-eds/corporate/abbvie-com/language-masters/en/science/areas-of-innovation/genomics/.content.xml,scene7,changed,https://abbvie.scene7.com/is/image/abbviecorp/man-looking-down-scientist-square,https://delivery-p157365-e1665873.adobeaemcloud.com/adobe/assets/urn:aaid:aem:cdd5347c-b858-4000-b953-9a96b0273151/as/man-looking-down-scientist-square.jpg,not checked
/content/abbvie-nextgen-eds/corporate/abbvie-com/language-masters/en/science/areas-of-innovation/genomics/.content.xml,dam-path,changed,/content/dam/abbvie-com2/images/employee/two-scientist-with-pipette-feature.jpg,/content/dam/corporate/abbvie-com2/images/employee/two-scientist-with-pipette-feature.jpg,not checked
/content/abbvie-nextgen-eds/corporate/abbvie-com/language-masters/en/science/areas-of-innovation/genomics/.content.xml,short-path,changed,/who-we-are/our-stories/can-unlocking-one-million-genomes.html,/content/abbvie-nextgen-eds/corporate/abbvie-com/language-masters/en/who-we-are/our-stories/can-unlocking-one-million-genomes,not checked
/content/abbvie-nextgen-eds/corporate/abbvie-com/language-masters/en/science/areas-of-innovation/genomics/.content.xml,short-path,changed,/who-we-are/our-stories/the-blueprint-of-you-unlocking-potential-whole-genome-sequencing.html,/content/abbvie-nextgen-eds/corporate/abbvie-com/language-masters/en/who-we-are/our-stories/the-blueprint-of-you-unlocking-potential-whole-genome-sequencing,not checked
/content/abbvie-nextgen-eds/corporate/abbvie-com/language-masters/en/science/pipeline/.content.xml,dam-path,changed,/content/dam/abbvie-com2/images/testtubes-in-rows.jpg,/content/dam/corporate/abbvie-com2/images/testtubes-in-rows.jpg,not checked
/content/abbvie-nextgen-eds/corporate/abbvie-com/language-masters/en/science/publications/.content.xml,dam-path,changed,/content/dam/abbvie-com2/images/employee/man-with-clipboard-hero.jpg,/content/dam/corporate/abbvie-com2/images/employee/man-with-clipboard-hero.jpg,not checked
/content/abbvie-nextgen-eds/corporate/abbvie-com/language-masters/en/science/test/.content.xml,scene7,changed,https://abbvie.scene7.com/is/image/abbviecorp/woman-man-conference-square?ts=1745750381003,https://delivery-p157365-e1665873.adobeaemcloud.com/adobe/assets/urn:aaid:aem:d03893c2-b686-4f80-b4b1-29e1a6488f7f/as/woman-man-conference-square.jpg,not checked
/content/abbvie-nextgen-eds/corporate/abbvie-com/language-masters/en/science/our-people/.content.xml,abbvie-abs,changed,https://www.abbvie.com/science/our-people/community-of-science.html,/content/abbvie-nextgen-eds/corporate/abbvie-com/language-masters/en/science/our-people/community-of-science,not checked
/content/abbvie-nextgen-eds/corporate/abbvie-com/language-masters/en/science/our-people/.content.xml,abbvie-abs,changed,https://www.abbvie.com/science/our-people/our-rd-leaders.html,/content/abbvie-nextgen-eds/corporate/abbvie-com/language-masters/en/science/our-people/our-rd-leaders,not checked
/content/abbvie-nextgen-eds/corporate/abbvie-com/language-masters/en/science/our-people/.content.xml,abbvie-abs,changed,https://www.abbvie.com/science/publications.html,/content/abbvie-nextgen-eds/corporate/abbvie-com/language-masters/en/science/publications,not checked
/content/abbvie-nextgen-eds/corporate/abbvie-com/language-masters/en/science/our-people/.content.xml,abbvie-abs,changed,https://www.abbvie.com/science/rd-sites.html,/content/abbvie-nextgen-eds/corporate/abbvie-com/language-masters/en/science/rd-sites,not checked
/content/abbvie-nextgen-eds/corporate/abbvie-com/language-masters/en/science/our-people/.content.xml,abbvie-abs,changed,https://www.abbvie.com/science/our-people/community-of-science.html,/content/abbvie-nextgen-eds/corporate/abbvie-com/language-masters/en/science/our-people/community-of-science,not checked
/content/abbvie-nextgen-eds/corporate/abbvie-com/language-masters/en/science/our-people/.content.xml,abbvie-abs,changed,https://www.abbvie.com/science/our-rd-leaders.html,/content/abbvie-nextgen-eds/corporate/abbvie-com/language-masters/en/science/our-rd-leaders,not checked
/content/abbvie-nextgen-eds/corporate/abbvie-com/language-masters/en/science/our-people/.content.xml,abbvie-abs,changed,https://www.abbvie.com/science/publications.html,/content/abbvie-nextgen-eds/corporate/abbvie-com/language-masters/en/science/publications,not checked
/content/abbvie-nextgen-eds/corporate/abbvie-com/language-masters/en/science/our-people/.content.xml,abbvie-abs,changed,https://www.abbvie.com/who-we-are/key-facts.html,/content/abbvie-nextgen-eds/corporate/abbvie-com/language-masters/en/who-we-are/key-facts,not checked
/content/abbvie-nextgen-eds/corporate/abbvie-com/language-masters/en/science/our-people/.content.xml,abbvie-abs,changed,https://www.abbvie.com/science/rd-sites.html,/content/abbvie-nextgen-eds/corporate/abbvie-com/language-masters/en/science/rd-sites,not checked
/content/abbvie-nextgen-eds/corporate/abbvie-com/language-masters/en/science/our-people/.content.xml,abbvie-abs,changed,https://www.abbvie.com/join-us/opportunities/research-and-development.html,/content/abbvie-nextgen-eds/corporate/abbvie-com/language-masters/en/join-us/opportunities/research-and-development,not checked
/content/abbvie-nextgen-eds/corporate/abbvie-com/language-masters/en/science/our-people/.content.xml,scene7,changed,https://abbvie.scene7.com/is/image/abbviecorp/explore%20randd%20workers,https://delivery-p157365-e1665873.adobeaemcloud.com/adobe/assets/urn:aaid:aem:a7929b09-6bd9-403b-84a7-532073055478/as/explore%20randd%20workers.jpg,not checked
/content/abbvie-nextgen-eds/corporate/abbvie-com/language-masters/en/science/our-people/our-rd-leaders/andrew-campbell/.content.xml,dam-path,changed,/content/dam/abbvie-com2/images/employee/rdlt/andrew-campbell-headshot.jpg,/content/dam/corporate/abbvie-com2/images/employee/rdlt/andrew-campbell-headshot.jpg,not checked
/content/abbvie-nextgen-eds/corporate/abbvie-com/language-masters/en/science/our-people/our-rd-leaders/darin-messina/.content.xml,dam-path,changed,/content/dam/abbvie-com2/images/employee/rdlt/darin-messina-headshot.jpg,/content/dam/corporate/abbvie-com2/images/employee/rdlt/darin-messina-headshot.jpg,not checked
/content/abbvie-nextgen-eds/corporate/abbvie-com/language-masters/en/science/our-people/our-rd-leaders/jonathon-sedgwick/.content.xml,dam-path,changed,/content/dam/abbvie-com2/images/employee/rdlt/jon-sedgwick-headshot.jpg,/content/dam/corporate/abbvie-com2/images/employee/rdlt/jon-sedgwick-headshot.jpg,not checked
/content/abbvie-nextgen-eds/corporate/abbvie-com/language-masters/en/science/our-people/our-rd-leaders/linda-scarazzini/.content.xml,dam-path,changed,/content/dam/abbvie-com2/images/employee/rdlt/linda-scarazzini-headshot.jpg,/content/dam/corporate/abbvie-com2/images/employee/rdlt/linda-scarazzini-headshot.jpg,not checked
/content/abbvie-nextgen-eds/corporate/abbvie-com/language-masters/en/science/our-people/our-rd-leaders/linda-scarazzini/.content.xml,short-path,changed,/who-we-are/our-stories/magnified-featuring-linda-scarazzini,/content/abbvie-nextgen-eds/corporate/abbvie-com/language-masters/en/who-we-are/our-stories/magnified-featuring-linda-scarazzini,not checked
/content/abbvie-nextgen-eds/corporate/abbvie-com/language-masters/en/science/our-people/our-rd-leaders/primal-kaur/.content.xml,dam-path,changed,/content/dam/abbvie-com2/images/employee/rdlt/primal-kaur-headshot.jpg,/content/dam/corporate/abbvie-com2/images/employee/rdlt/primal-kaur-headshot.jpg,not checked
/content/abbvie-nextgen-eds/corporate/abbvie-com/language-masters/en/science/our-people/our-rd-leaders/daejin-abidoye/.content.xml,dam-path,changed,/content/dam/abbvie-com2/images/employee/rdlt/daejin-abidoye-headshot.jpg,/content/dam/corporate/abbvie-com2/images/employee/rdlt/daejin-abidoye-headshot.jpg,not checked
/content/abbvie-nextgen-eds/corporate/abbvie-com/language-masters/en/science/our-people/our-rd-leaders/eleni-lagkadinou/.content.xml,dam-path,changed,/content/dam/abbvie-com2/images/employee/rdlt/eleni-lagkadinou-headshot.jpg,/content/dam/corporate/abbvie-com2/images/employee/rdlt/eleni-lagkadinou-headshot.jpg,not checked
/content/abbvie-nextgen-eds/corporate/abbvie-com/language-masters/en/science/our-people/our-rd-leaders/michael-foley/.content.xml,dam-path,changed,/content/dam/abbvie-com2/images/employee/rdlt/michael-foley-headshot.jpg,/content/dam/corporate/abbvie-com2/images/employee/rdlt/michael-foley-headshot.jpg,not checked
/content/abbvie-nextgen-eds/corporate/abbvie-com/language-masters/en/science/our-people/our-rd-leaders/philip-hajduk/.content.xml,dam-path,changed,/content/dam/abbvie-com2/images/employee/rdlt/phil-hajduk-headshot.jpg,/content/dam/corporate/abbvie-com2/images/employee/rdlt/phil-hajduk-headshot.jpg,not checked
/content/abbvie-nextgen-eds/corporate/abbvie-com/language-masters/en/science/our-people/our-rd-leaders/raymond-votzmeyer/.content.xml,dam-path,changed,/content/dam/abbvie-com2/images/employee/rdlt/raymond-votzmeyer-headshot.jpg,/content/dam/corporate/abbvie-com2/images/employee/rdlt/raymond-votzmeyer-headshot.jpg,not checked
/content/abbvie-nextgen-eds/corporate/abbvie-com/language-masters/en/science/our-people/our-rd-leaders/shuhong-zhang/.content.xml,dam-path,changed,/content/dam/abbvie-com2/images/employee/rdlt/shuhong-zhang-headshot.jpg,/content/dam/corporate/abbvie-com2/images/employee/rdlt/shuhong-zhang-headshot.jpg,not checked
/content/abbvie-nextgen-eds/corporate/abbvie-com/language-masters/en/science/our-people/our-rd-leaders/wolfram-nothaft/.content.xml,dam-path,changed,/content/dam/abbvie-com2/images/employee/rdlt/wolfram-nfothaft-headshot.jpg,/content/dam/corporate/abbvie-com2/images/employee/rdlt/wolfram-nfothaft-headshot.jpg,not checked
/content/abbvie-nextgen-eds/corporate/abbvie-com/language-masters/en/science/our-people/lab-to-life/.content.xml,abbvie-abs,changed,https://www.abbvie.com/,/content/abbvie-nextgen-eds/corporate/abbvie-com/language-masters/en/,not checked
/content/abbvie-nextgen-eds/corporate/abbvie-com/language-masters/en/science/our-people/lab-to-life/.content.xml,abbvie-abs,changed,https://www.abbvie.com/,/content/abbvie-nextgen-eds/corporate/abbvie-com/language-masters/en/,not checked
/content/abbvie-nextgen-eds/corporate/abbvie-com/language-masters/en/science/our-people/lab-to-life/.content.xml,abbvie-abs,changed,https://www.abbvie.com/,/content/abbvie-nextgen-eds/corporate/abbvie-com/language-masters/en/,not checked
/content/abbvie-nextgen-eds/corporate/abbvie-com/language-masters/en/science/our-people/lab-to-life/.content.xml,scene7,changed,https://abbvie.scene7.com/is/image/abbviecorp/lab-to-life-hero-v2,https://delivery-p157365-e1665873.adobeaemcloud.com/adobe/assets/urn:aaid:aem:17cb4cb0-2fd2-4163-902d-a2704685bc51/as/lab-to-life-hero-v2.jpg,not checked
/content/abbvie-nextgen-eds/corporate/abbvie-com/language-masters/en/science/our-people/lab-to-life/.content.xml,scene7,changed,https://abbvie.scene7.com/is/image/abbviecorp/lab-to-life-hero-v2,https://delivery-p157365-e1665873.adobeaemcloud.com/adobe/assets/urn:aaid:aem:17cb4cb0-2fd2-4163-902d-a2704685bc51/as/lab-to-life-hero-v2.jpg,not checked
/content/abbvie-nextgen-eds/corporate/abbvie-com/language-masters/en/science/our-people/community-of-science/.content.xml,abbvie-abs,changed,https://www.abbvie.com/join-us/postdoctoral-program.html,/content/abbvie-nextgen-eds/corporate/abbvie-com/language-masters/en/join-us/postdoctoral-program,not checked
/content/abbvie-nextgen-eds/corporate/abbvie-com/language-masters/en/science/our-people/discovery-files/.content.xml,abbvie-abs,changed,https://www.abbvie.com/science/our-people/behind-the-science.html,/content/abbvie-nextgen-eds/corporate/abbvie-com/language-masters/en/science/our-people/behind-the-science,not checked
/content/abbvie-nextgen-eds/corporate/abbvie-com/language-masters/en/science/our-people/discovery-files/.content.xml,abbvie-abs,changed,https://www.abbvie.com/science/our-people/lab-of-the-future.html,/content/abbvie-nextgen-eds/corporate/abbvie-com/language-masters/en/science/our-people/lab-of-the-future,not checked
/content/abbvie-nextgen-eds/corporate/abbvie-com/language-masters/en/science/our-people/discovery-files/.content.xml,abbvie-abs,changed,https://www.abbvie.com/science/our-people/lab-to-life.html,/content/abbvie-nextgen-eds/corporate/abbvie-com/language-masters/en/science/our-people/lab-to-life,not checked
/content/abbvie-nextgen-eds/corporate/abbvie-com/language-masters/en/science/our-people/discovery-files/.content.xml,abbvie-abs,changed,https://www.abbvie.com/science/our-people/science-in-60-seconds.html,/content/abbvie-nextgen-eds/corporate/abbvie-com/language-masters/en/science/our-people/science-in-60-seconds,not checked
/content/abbvie-nextgen-eds/corporate/abbvie-com/language-masters/en/science/our-people/discovery-files/.content.xml,abbvie-abs,changed,https://www.abbvie.com/join-us/opportunities/research-and-development.html,/content/abbvie-nextgen-eds/corporate/abbvie-com/language-masters/en/join-us/opportunities/research-and-development,not checked
/content/abbvie-nextgen-eds/corporate/abbvie-com/language-masters/en/science/our-people/lab-of-the-future/.content.xml,abbvie-abs,changed,https://www.abbvie.com/science/our-people/behind-the-science.html,/content/abbvie-nextgen-eds/corporate/abbvie-com/language-masters/en/science/our-people/behind-the-science,not checked
/content/abbvie-nextgen-eds/corporate/abbvie-com/language-masters/en/science/our-people/lab-of-the-future/.content.xml,abbvie-abs,changed,https://www.abbvie.com/science/our-people/discovery-files.html,/content/abbvie-nextgen-eds/corporate/abbvie-com/language-masters/en/science/our-people/discovery-files,not checked
/content/abbvie-nextgen-eds/corporate/abbvie-com/language-masters/en/science/our-people/lab-of-the-future/.content.xml,abbvie-abs,changed,https://www.abbvie.com/science/our-people/lab-to-life.html,/content/abbvie-nextgen-eds/corporate/abbvie-com/language-masters/en/science/our-people/lab-to-life,not checked
/content/abbvie-nextgen-eds/corporate/abbvie-com/language-masters/en/science/our-people/lab-of-the-future/.content.xml,abbvie-abs,changed,https://www.abbvie.com/science/our-people/science-in-60-seconds.html,/content/abbvie-nextgen-eds/corporate/abbvie-com/language-masters/en/science/our-people/science-in-60-seconds,not checked
/content/abbvie-nextgen-eds/corporate/abbvie-com/language-masters/en/science/our-people/lab-of-the-future/.content.xml,abbvie-abs,changed,https://www.abbvie.com/join-us/opportunities/research-and-development.html,/content/abbvie-nextgen-eds/corporate/abbvie-com/language-masters/en/join-us/opportunities/research-and-development,not checked
/content/abbvie-nextgen-eds/corporate/abbvie-com/language-masters/en/science/our-people/science-in-60-seconds/.content.xml,abbvie-abs,changed,https://www.abbvie.com/science/our-people/behind-the-science.html,/content/abbvie-nextgen-eds/corporate/abbvie-com/language-masters/en/science/our-people/behind-the-science,not checked
/content/abbvie-nextgen-eds/corporate/abbvie-com/language-masters/en/science/our-people/science-in-60-seconds/.content.xml,abbvie-abs,changed,https://www.abbvie.com/science/our-people/discovery-files.html,/content/abbvie-nextgen-eds/corporate/abbvie-com/language-masters/en/science/our-people/discovery-files,not checked
/content/abbvie-nextgen-eds/corporate/abbvie-com/language-masters/en/science/our-people/science-in-60-seconds/.content.xml,abbvie-abs,changed,https://www.abbvie.com/science/our-people/lab-of-the-future.html,/content/abbvie-nextgen-eds/corporate/abbvie-com/language-masters/en/science/our-people/lab-of-the-future,not checked
/content/abbvie-nextgen-eds/corporate/abbvie-com/language-masters/en/science/our-people/science-in-60-seconds/.content.xml,abbvie-abs,changed,https://www.abbvie.com/science/our-people/lab-to-life.html,/content/abbvie-nextgen-eds/corporate/abbvie-com/language-masters/en/science/our-people/lab-to-life,not checked
/content/abbvie-nextgen-eds/corporate/abbvie-com/language-masters/en/science/our-people/science-in-60-seconds/.content.xml,abbvie-abs,changed,https://www.abbvie.com/join-us/opportunities/research-and-development.html,/content/abbvie-nextgen-eds/corporate/abbvie-com/language-masters/en/join-us/opportunities/research-and-development,not checked
/content/abbvie-nextgen-eds/corporate/abbvie-com/language-masters/en/science/our-people/behind-the-science/.content.xml,abbvie-abs,changed,https://www.abbvie.com/science/our-people/community-of-science.html,/content/abbvie-nextgen-eds/corporate/abbvie-com/language-masters/en/science/our-people/community-of-science,not checked
/content/abbvie-nextgen-eds/corporate/abbvie-com/language-masters/en/science/our-people/behind-the-science/.content.xml,abbvie-abs,changed,https://www.abbvie.com/science/our-people/discovery-files.html,/content/abbvie-nextgen-eds/corporate/abbvie-com/language-masters/en/science/our-people/discovery-files,not checked
/content/abbvie-nextgen-eds/corporate/abbvie-com/language-masters/en/science/our-people/behind-the-science/.content.xml,abbvie-abs,changed,https://www.abbvie.com/science/our-people/lab-of-the-future.html,/content/abbvie-nextgen-eds/corporate/abbvie-com/language-masters/en/science/our-people/lab-of-the-future,not checked
/content/abbvie-nextgen-eds/corporate/abbvie-com/language-masters/en/science/our-people/behind-the-science/.content.xml,abbvie-abs,changed,https://www.abbvie.com/science/our-people/lab-to-life.html,/content/abbvie-nextgen-eds/corporate/abbvie-com/language-masters/en/science/our-people/lab-to-life,not checked
/content/abbvie-nextgen-eds/corporate/abbvie-com/language-masters/en/science/our-people/behind-the-science/.content.xml,abbvie-abs,changed,https://www.abbvie.com/science/our-people/science-in-60-seconds.html,/content/abbvie-nextgen-eds/corporate/abbvie-com/language-masters/en/science/our-people/science-in-60-seconds,not checked
/content/abbvie-nextgen-eds/corporate/abbvie-com/language-masters/en/science/our-people/behind-the-science/.content.xml,abbvie-abs,changed,https://www.abbvie.com/join-us/opportunities/research-and-development.html,/content/abbvie-nextgen-eds/corporate/abbvie-com/language-masters/en/join-us/opportunities/research-and-development,not checked
/content/abbvie-nextgen-eds/corporate/abbvie-com/language-masters/en/science/areas-of-focus/neuroscience/.content.xml,dam-path,changed,/content/dam/abbvie-com2/images/cell/neuroscience-cell-feature.jpg,/content/dam/corporate/abbvie-com2/images/cell/neuroscience-cell-feature.jpg,not checked
/content/abbvie-nextgen-eds/corporate/abbvie-com/language-masters/en/science/areas-of-focus/neuroscience/.content.xml,short-path,changed,/corporate/abbvie-com/language-masters/en/who-we-are/our-stories/expert-insights-the-promise-of-genetic-medicine-and-abbvies-role-in-research.html,/content/abbvie-nextgen-eds/corporate/abbvie-com/language-masters/en/who-we-are/our-stories/expert-insights-the-promise-of-genetic-medicine-and-abbvies-role-in-research,not checked
/content/abbvie-nextgen-eds/corporate/abbvie-com/language-masters/en/science/areas-of-focus/neuroscience/.content.xml,short-path,changed,/corporate/abbvie-com/language-masters/en/who-we-are/our-stories/how-the-parkinsons-disease-community-is-shaping-the-future,/content/abbvie-nextgen-eds/corporate/abbvie-com/language-masters/en/who-we-are/our-stories/how-the-parkinsons-disease-community-is-shaping-the-future,not checked
/content/abbvie-nextgen-eds/corporate/abbvie-com/language-masters/en/science/areas-of-focus/oncology/.content.xml,pdf-dm,converted,/content/dam/corporate/abbvie-com2/pdfs/oncology/p1per-infographic.pdf,https://delivery-p157365-e1665873.adobeaemcloud.com/adobe/assets/urn:aaid:aem:36431ec9-018f-4108-b9d5-93e5b4721969/original/as/p1per-infographic.pdf,not checked
/content/abbvie-nextgen-eds/corporate/abbvie-com/language-masters/en/science/areas-of-focus/oncology/.content.xml,pdf-dm,converted,/content/dam/corporate.abbvie-com2/pdfs/afg-global-cll-community-insights-stakeholders.pdf,https://delivery-p157365-e1665873.adobeaemcloud.com/adobe/assets/urn:aaid:aem:f50f5010-6274-4efc-aaa8-934fca68de35/original/as/afg-global-cll-community-insights-stakeholders.pdf,not checked
/content/abbvie-nextgen-eds/corporate/abbvie-com/language-masters/en/science/areas-of-focus/aesthetics/.content.xml,dam-path,changed,/content/dam/abbvie-com2/images/cell/aesthetics-cell-feature.jpg,/content/dam/corporate/abbvie-com2/images/cell/aesthetics-cell-feature.jpg,not checked
/content/abbvie-nextgen-eds/corporate/abbvie-com/language-masters/en/science/areas-of-focus/aesthetics/.content.xml,short-path,changed,/who-we-are/our-stories/more-than-skin-deep-3-lessons-for-expanding-equity-in-dermatology,/content/abbvie-nextgen-eds/corporate/abbvie-com/language-masters/en/who-we-are/our-stories/more-than-skin-deep-3-lessons-for-expanding-equity-in-dermatology,not checked
/content/abbvie-nextgen-eds/corporate/abbvie-com/language-masters/en/science/areas-of-focus/aesthetics/.content.xml,short-path,changed,/who-we-are/our-stories/inside-dream-initiative,/content/abbvie-nextgen-eds/corporate/abbvie-com/language-masters/en/who-we-are/our-stories/inside-dream-initiative,not checked
/content/abbvie-nextgen-eds/corporate/abbvie-com/language-masters/en/science/areas-of-focus/eye-care/.content.xml,abbvie-abs,changed,https://www.abbvie.com/content/dam/abbvie-com2/images/cell/eye-care-cell-feature.jpg,/content/dam/corporate/abbvie-com2/images/cell/eye-care-cell-feature.jpg,not checked
/content/abbvie-nextgen-eds/corporate/abbvie-com/language-masters/en/science/areas-of-focus/immunology/.content.xml,dam-path,changed,/content/dam/abbvie-com2/images/cell/immunology-cell-feature.jpg,/content/dam/corporate/abbvie-com2/images/cell/immunology-cell-feature.jpg,not checked
/content/abbvie-nextgen-eds/corporate/abbvie-com/language-masters/en/science/areas-of-focus/aesthetics3/.content.xml,abbvie-abs,changed,https://www.abbvie.com/science/areas-of-focus/immunology.html,/content/abbvie-nextgen-eds/corporate/abbvie-com/language-masters/en/science/areas-of-focus/immunology,not checked
/content/abbvie-nextgen-eds/corporate/abbvie-com/language-masters/en/science/areas-of-focus/aesthetics3/.content.xml,abbvie-abs,changed,https://www.abbvie.com/science/areas-of-focus/immunology.html,/content/abbvie-nextgen-eds/corporate/abbvie-com/language-masters/en/science/areas-of-focus/immunology,not checked
/content/abbvie-nextgen-eds/corporate/abbvie-com/language-masters/en/science/areas-of-focus/aesthetics3/.content.xml,abbvie-abs,changed,https://www.abbvie.com/science/areas-of-focus/oncology.html,/content/abbvie-nextgen-eds/corporate/abbvie-com/language-masters/en/science/areas-of-focus/oncology,not checked
/content/abbvie-nextgen-eds/corporate/abbvie-com/language-masters/en/science/areas-of-focus/aesthetics3/.content.xml,abbvie-abs,changed,https://www.abbvie.com/science/areas-of-focus/oncology.html,/content/abbvie-nextgen-eds/corporate/abbvie-com/language-masters/en/science/areas-of-focus/oncology,not checked
/content/abbvie-nextgen-eds/corporate/abbvie-com/language-masters/en/science/areas-of-focus/aesthetics3/.content.xml,abbvie-abs,changed,https://www.abbvie.com/science/areas-of-focus/neuroscience.html,/content/abbvie-nextgen-eds/corporate/abbvie-com/language-masters/en/science/areas-of-focus/neuroscience,not checked
/content/abbvie-nextgen-eds/corporate/abbvie-com/language-masters/en/science/areas-of-focus/aesthetics3/.content.xml,abbvie-abs,changed,https://www.abbvie.com/science/areas-of-focus/neuroscience.html,/content/abbvie-nextgen-eds/corporate/abbvie-com/language-masters/en/science/areas-of-focus/neuroscience,not checked
/content/abbvie-nextgen-eds/corporate/abbvie-com/language-masters/en/science/areas-of-focus/aesthetics3/.content.xml,abbvie-abs,changed,https://www.abbvie.com/science/areas-of-focus/eye-care.html,/content/abbvie-nextgen-eds/corporate/abbvie-com/language-masters/en/science/areas-of-focus/eye-care,not checked
/content/abbvie-nextgen-eds/corporate/abbvie-com/language-masters/en/science/areas-of-focus/aesthetics3/.content.xml,abbvie-abs,changed,https://www.abbvie.com/science/areas-of-focus/eye-care.html,/content/abbvie-nextgen-eds/corporate/abbvie-com/language-masters/en/science/areas-of-focus/eye-care,not checked
/content/abbvie-nextgen-eds/corporate/abbvie-com/language-masters/en/science/areas-of-focus/aesthetics3/.content.xml,abbvie-abs,changed,https://www.abbvie.com/science/areas-of-focus/other-specialties.html,/content/abbvie-nextgen-eds/corporate/abbvie-com/language-masters/en/science/areas-of-focus/other-specialties,not checked
/content/abbvie-nextgen-eds/corporate/abbvie-com/language-masters/en/science/areas-of-focus/aesthetics3/.content.xml,abbvie-abs,changed,https://www.abbvie.com/science/areas-of-focus/other-specialties.html,/content/abbvie-nextgen-eds/corporate/abbvie-com/language-masters/en/science/areas-of-focus/other-specialties,not checked
/content/abbvie-nextgen-eds/corporate/abbvie-com/language-masters/en/science/areas-of-focus/aesthetics3/.content.xml,scene7,changed,https://abbvie.scene7.com/is/image/abbviecorp/aesthetics-cell-feature,https://delivery-p157365-e1665873.adobeaemcloud.com/adobe/assets/urn:aaid:aem:a5d92d54-ebf9-432c-97d6-49309bbc2d04/as/aesthetics-cell-feature.jpg,not checked
/content/abbvie-nextgen-eds/corporate/abbvie-com/language-masters/en/science/areas-of-focus/aesthetics3/.content.xml,scene7,changed,https://abbvie.scene7.com/is/image/abbviecorp/future-of-aesthetics-report,https://delivery-p157365-e1665873.adobeaemcloud.com/adobe/assets/urn:aaid:aem:484e61ef-e17a-42dd-9929-40b52948a644/as/future-of-aesthetics-report.jpg,not checked
/content/abbvie-nextgen-eds/corporate/abbvie-com/language-masters/en/science/areas-of-focus/aesthetics3/.content.xml,scene7,changed,https://abbvie.scene7.com/is/image/abbviecorp/man-looking-down-scientist-square,https://delivery-p157365-e1665873.adobeaemcloud.com/adobe/assets/urn:aaid:aem:cdd5347c-b858-4000-b953-9a96b0273151/as/man-looking-down-scientist-square.jpg,not checked
/content/abbvie-nextgen-eds/corporate/abbvie-com/language-masters/en/science/areas-of-focus/aesthetics3/.content.xml,scene7,changed,https://abbvie.scene7.com/is/image/abbviecorp/aesthetics-cell-feature,https://delivery-p157365-e1665873.adobeaemcloud.com/adobe/assets/urn:aaid:aem:a5d92d54-ebf9-432c-97d6-49309bbc2d04/as/aesthetics-cell-feature.jpg,not checked
/content/abbvie-nextgen-eds/corporate/abbvie-com/language-masters/en/science/areas-of-focus/aesthetics3/.content.xml,short-path,changed,/who-we-are/our-stories/magnified-featuring-darin-messina.html,/content/abbvie-nextgen-eds/corporate/abbvie-com/language-masters/en/who-we-are/our-stories/magnified-featuring-darin-messina,not checked
/content/abbvie-nextgen-eds/corporate/abbvie-com/language-masters/en/science/areas-of-focus/aesthetics3/.content.xml,short-path,changed,/who-we-are/our-stories/more-than-skin-deep-3-lessons-for-expanding-equity-in-dermatology.html,/content/abbvie-nextgen-eds/corporate/abbvie-com/language-masters/en/who-we-are/our-stories/more-than-skin-deep-3-lessons-for-expanding-equity-in-dermatology,not checked
/content/abbvie-nextgen-eds/corporate/abbvie-com/language-masters/en/who-we-are/brand-partnerships/.content.xml,short-path,changed,/who-we-are/brand-partnerships/cubs,/content/abbvie-nextgen-eds/corporate/abbvie-com/language-masters/en/who-we-are/brand-partnerships/cubs,not checked
/content/abbvie-nextgen-eds/corporate/abbvie-com/language-masters/en/who-we-are/brand-partnerships/.content.xml,short-path,changed,/who-we-are/brand-partnerships/major-league-baseball,/content/abbvie-nextgen-eds/corporate/abbvie-com/language-masters/en/who-we-are/brand-partnerships/major-league-baseball,not checked
/content/abbvie-nextgen-eds/corporate/abbvie-com/language-masters/en/who-we-are/brand-partnerships/major-league-baseball/.content.xml,short-path,changed,/who-we-are/brand-partnerships/cubs,/content/abbvie-nextgen-eds/corporate/abbvie-com/language-masters/en/who-we-are/brand-partnerships/cubs,not checked
/content/abbvie-nextgen-eds/corporate/abbvie-com/language-masters/en/who-we-are/brand-partnerships/major-league-baseball/.content.xml,short-path,changed,/who-we-are/our-stories/transforming-cancer-care-from-the-inside-out,/content/abbvie-nextgen-eds/corporate/abbvie-com/language-masters/en/who-we-are/our-stories/transforming-cancer-care-from-the-inside-out,not checked
/content/abbvie-nextgen-eds/corporate/abbvie-com/language-masters/en/who-we-are/brand-partnerships/major-league-baseball/.content.xml,short-path,changed,/who-we-are/our-stories/real-people-real-inspiration-joes-story,/content/abbvie-nextgen-eds/corporate/abbvie-com/language-masters/en/who-we-are/our-stories/real-people-real-inspiration-joes-story,not checked
/content/abbvie-nextgen-eds/corporate/abbvie-com/language-masters/en/who-we-are/brand-partnerships/cubs/.content.xml,short-path,changed,/who-we-are/brand-partnerships/cubs/add-your-message,/content/abbvie-nextgen-eds/corporate/abbvie-com/language-masters/en/who-we-are/brand-partnerships/cubs/add-your-message,not checked
/content/abbvie-nextgen-eds/corporate/abbvie-com/language-masters/en/who-we-are/brand-partnerships/cubs/.content.xml,short-path,changed,/who-we-are/brand-partnerships/major-league-baseball,/content/abbvie-nextgen-eds/corporate/abbvie-com/language-masters/en/who-we-are/brand-partnerships/major-league-baseball,not checked
/content/abbvie-nextgen-eds/corporate/abbvie-com/language-masters/en/who-we-are/brand-partnerships/cubs/.content.xml,short-path,changed,/who-we-are/our-stories/transforming-cancer-care-from-the-inside-out,/content/abbvie-nextgen-eds/corporate/abbvie-com/language-masters/en/who-we-are/our-stories/transforming-cancer-care-from-the-inside-out,not checked
/content/abbvie-nextgen-eds/corporate/abbvie-com/language-masters/en/who-we-are/brand-partnerships/cubs/.content.xml,short-path,changed,/who-we-are/our-stories/real-people-real-inspiration-joes-story,/content/abbvie-nextgen-eds/corporate/abbvie-com/language-masters/en/who-we-are/our-stories/real-people-real-inspiration-joes-story,not checked
/content/abbvie-nextgen-eds/corporate/abbvie-com/language-masters/en/who-we-are/our-principles/.content.xml,short-path,changed,/who-we-are/operating-with-integrity,/content/abbvie-nextgen-eds/corporate/abbvie-com/language-masters/en/who-we-are/operating-with-integrity,not checked
/content/abbvie-nextgen-eds/corporate/abbvie-com/language-masters/en/who-we-are/our-principles/positions-views/.content.xml,pdf-dm,converted,https://www.abbvie.com/content/dam/abbvie-com2/pdfs/cobc/cobc_English.pdf,https://delivery-p157365-e1665873.adobeaemcloud.com/adobe/assets/urn:aaid:aem:5af598af-d07e-4e8b-b4c1-29bc1eaf4c8c/original/as/cobc_English.pdf,not checked
/content/abbvie-nextgen-eds/corporate/abbvie-com/language-masters/en/who-we-are/our-principles/positions-views/.content.xml,pdf-dm,converted,https://www.abbvie.com/content/dam/abbvie-com2/pdfs/about/our-commitment-to-human-rights.pdf,https://delivery-p157365-e1665873.adobeaemcloud.com/adobe/assets/urn:aaid:aem:d92d26e1-1e1d-49fd-a932-819b0dbc35a6/original/as/our-commitment-to-human-rights.pdf,not checked
/content/abbvie-nextgen-eds/corporate/abbvie-com/language-masters/en/who-we-are/our-principles/positions-views/.content.xml,pdf-dm,converted,https://www.abbvie.com/content/dam/abbvie-com2/pdfs/about/pricing-and-access-of-our-innovative-medicines.pdf,https://delivery-p157365-e1665873.adobeaemcloud.com/adobe/assets/urn:aaid:aem:78dfbeae-d8c3-4199-849c-b549c6c978cf/original/as/pricing-and-access-of-our-innovative-medicines.pdf,not checked
/content/abbvie-nextgen-eds/corporate/abbvie-com/language-masters/en/who-we-are/our-principles/positions-views/.content.xml,pdf-dm,converted,https://www.abbvie.com/content/dam/abbvie-com2/pdfs/about/abbvie-governance-guidelines.pdf,https://delivery-p157365-e1665873.adobeaemcloud.com/adobe/assets/urn:aaid:aem:591e2de5-056c-4dc4-bdae-a5904425b13d/original/as/abbvie-governance-guidelines.pdf,not checked
/content/abbvie-nextgen-eds/corporate/abbvie-com/language-masters/en/who-we-are/our-principles/positions-views/.content.xml,pdf-dm,converted,https://www.abbvie.com/content/dam/abbvie-com2/pdfs/about/our-commitment-to-product-donations.pdf,https://delivery-p157365-e1665873.adobeaemcloud.com/adobe/assets/urn:aaid:aem:5d6fa00d-000d-4152-9787-1f392b0f90c7/original/as/our-commitment-to-product-donations.pdf,not checked
/content/abbvie-nextgen-eds/corporate/abbvie-com/language-masters/en/who-we-are/our-principles/positions-views/.content.xml,pdf-dm,converted,https://www.abbvie.com/content/dam/abbvie-com2/pdfs/about/statement-of-opposition-to-capital-punishment.pdf,https://delivery-p157365-e1665873.adobeaemcloud.com/adobe/assets/urn:aaid:aem:dd3533ea-4ad3-483f-83f4-e9dfa34bde6f/original/as/statement-of-opposition-to-capital-punishment.pdf,not checked
/content/abbvie-nextgen-eds/corporate/abbvie-com/language-masters/en/who-we-are/our-principles/positions-views/.content.xml,pdf-dm,converted,https://www.abbvie.com/content/dam/abbvie-com2/pdfs/about/our-position-on-tax.pdf,https://delivery-p157365-e1665873.adobeaemcloud.com/adobe/assets/urn:aaid:aem:d8bc116e-aaa5-4969-a9dc-b48fdb2438d8/original/as/our-position-on-tax.pdf,not checked
/content/abbvie-nextgen-eds/corporate/abbvie-com/language-masters/en/who-we-are/our-principles/positions-views/.content.xml,pdf-dm,converted,https://www.abbvie.com/content/dam/abbvie-com2/pdfs/about/abbvie-unity-statement.pdf,https://delivery-p157365-e1665873.adobeaemcloud.com/adobe/assets/urn:aaid:aem:96d97d1e-f78d-4d6b-a763-744772bcbfb4/original/as/abbvie-unity-statement.pdf,not checked
/content/abbvie-nextgen-eds/corporate/abbvie-com/language-masters/en/who-we-are/our-principles/positions-views/.content.xml,pdf-dm,converted,https://www.abbvie.com/content/dam/abbvie-com2/pdfs/about/our-commitment-to-responsible-use-of-stem-cells.pdf,https://delivery-p157365-e1665873.adobeaemcloud.com/adobe/assets/urn:aaid:aem:7310dc98-4303-4f87-b1c6-a2b5fce50941/original/as/our-commitment-to-responsible-use-of-stem-cells.pdf,not checked
/content/abbvie-nextgen-eds/corporate/abbvie-com/language-masters/en/who-we-are/our-principles/positions-views/.content.xml,pdf-dm,converted,https://www.abbvie.com/content/dam/abbvie-com2/pdfs/about/commitment-to-continued-treatment-for-trial-participants.pdf,https://delivery-p157365-e1665873.adobeaemcloud.com/adobe/assets/urn:aaid:aem:502a97cb-8e25-4dec-9371-b02e1f36b0df/original/as/commitment-to-continued-treatment-for-trial-participants.pdf,not checked
/content/abbvie-nextgen-eds/corporate/abbvie-com/language-masters/en/who-we-are/our-principles/positions-views/.content.xml,pdf-dm,converted,https://www.abbvie.com/content/dam/abbvie-com2/pdfs/about/our-commitment-to-the-environment-health-and-safety.pdf,https://delivery-p157365-e1665873.adobeaemcloud.com/adobe/assets/urn:aaid:aem:ef8ff822-b126-49ca-a581-ec2738f7d0c4/original/as/our-commitment-to-the-environment-health-and-safety.pdf,not checked
/content/abbvie-nextgen-eds/corporate/abbvie-com/language-masters/en/who-we-are/our-principles/positions-views/.content.xml,pdf-dm,converted,https://www.abbvie.com/content/dam/abbvie-com2/pdfs/about/our-environment-health-and-safety-management-and-technical-standards.pdf,https://delivery-p157365-e1665873.adobeaemcloud.com/adobe/assets/urn:aaid:aem:628971e0-4472-46ae-894f-3fbfe6e1b2c4/original/as/our-environment-health-and-safety-management-and-technical-standards.pdf,not checked
/content/abbvie-nextgen-eds/corporate/abbvie-com/language-masters/en/who-we-are/our-principles/positions-views/.content.xml,pdf-dm,converted,https://www.abbvie.com/content/dam/abbvie-com2/pdfs/about/our-environmental-procurement-guidelines.pdf,https://delivery-p157365-e1665873.adobeaemcloud.com/adobe/assets/urn:aaid:aem:705be4d7-5424-4aac-a77c-211283fcb369/original/as/our-environmental-procurement-guidelines.pdf,not checked
/content/abbvie-nextgen-eds/corporate/abbvie-com/language-masters/en/who-we-are/our-principles/positions-views/.content.xml,pdf-dm,converted,https://www.abbvie.com/content/dam/abbvie-com2/pdfs/about/our-environmental-stewardship.pdf,https://delivery-p157365-e1665873.adobeaemcloud.com/adobe/assets/urn:aaid:aem:b1a7537b-69cf-4a89-95fd-b6a0038fae23/original/as/our-environmental-stewardship.pdf,not checked
/content/abbvie-nextgen-eds/corporate/abbvie-com/language-masters/en/who-we-are/our-principles/positions-views/.content.xml,pdf-dm,converted,https://www.abbvie.com/content/dam/abbvie-com2/pdfs/about/our-position-on-global-climate-change.pdf,https://delivery-p157365-e1665873.adobeaemcloud.com/adobe/assets/urn:aaid:aem:88b622fb-8a01-4a75-bc75-4af38c4f1a65/original/as/our-position-on-global-climate-change.pdf,not checked
/content/abbvie-nextgen-eds/corporate/abbvie-com/language-masters/en/who-we-are/our-principles/positions-views/.content.xml,pdf-dm,converted,https://www.abbvie.com/content/dam/abbvie-com2/pdfs/about/committed-to-biologic-innovation.pdf,https://delivery-p157365-e1665873.adobeaemcloud.com/adobe/assets/urn:aaid:aem:bc3f08e9-abb9-457f-b138-2a94891b1d4a/original/as/committed-to-biologic-innovation.pdf,not checked
/content/abbvie-nextgen-eds/corporate/abbvie-com/language-masters/en/who-we-are/our-principles/positions-views/.content.xml,pdf-dm,converted,https://www.abbvie.com/content/dam/abbvie-com2/pdfs/about/our-distracted-driving-standard.pdf,https://delivery-p157365-e1665873.adobeaemcloud.com/adobe/assets/urn:aaid:aem:c2e17d22-eb14-4cd2-9a01-4ba7f39a270a/original/as/our-distracted-driving-standard.pdf,not checked
/content/abbvie-nextgen-eds/corporate/abbvie-com/language-masters/en/who-we-are/our-principles/positions-views/.content.xml,abbvie-abs,changed,https://www.abbvie.com/content/dam/abbvie-com2/pdfs/suppliers/abbvie-supplier-code-of-conduct-brochure.pdf,/content/dam/corporate/abbvie-com2/pdfs/suppliers/abbvie-supplier-code-of-conduct-brochure.pdf,not checked
/content/abbvie-nextgen-eds/corporate/abbvie-com/language-masters/en/who-we-are/our-principles/positions-views/.content.xml,abbvie-abs,changed,https://www.abbvie.com/content/dam/abbvie-dotcom/uploads/PDFs/our-commitment-to-bioethics.pdf,/content/dam/abbvie-dotcom/uploads/PDFs/our-commitment-to-bioethics.pdf,not checked
/content/abbvie-nextgen-eds/corporate/abbvie-com/language-masters/en/who-we-are/our-principles/positions-views/.content.xml,abbvie-abs,changed,https://www.abbvie.com/who-we-are/our-principles/positions-views/our-commitment-to-ethical-and-responsible-use-of-animals-in-research.html,/content/abbvie-nextgen-eds/corporate/abbvie-com/language-masters/en/who-we-are/our-principles/positions-views/our-commitment-to-ethical-and-responsible-use-of-animals-in-research,not checked
/content/abbvie-nextgen-eds/corporate/abbvie-com/language-masters/en/who-we-are/our-principles/positions-views/.content.xml,abbvie-abs,changed,https://www.abbvie.com/who-we-are/access-to-investigational-drugs-policy.html,/content/abbvie-nextgen-eds/corporate/abbvie-com/language-masters/en/who-we-are/access-to-investigational-drugs-policy,not checked
/content/abbvie-nextgen-eds/corporate/abbvie-com/language-masters/en/who-we-are/our-principles/positions-views/.content.xml,abbvie-abs,changed,https://www.abbvie.com/content/dam/abbvie-dotcom/uploads/PDFs/our-commitment-to-safe-disposal-of-medicine.pdf,/content/dam/abbvie-dotcom/uploads/PDFs/our-commitment-to-safe-disposal-of-medicine.pdf,not checked
/content/abbvie-nextgen-eds/corporate/abbvie-com/language-masters/en/who-we-are/our-principles/equity-equality-inclusion-diversity/.content.xml,pdf-dm,converted,/content/dam/corporate/abbvie-com2/pdfs/about/abbvie-unity-statement.pdf,https://delivery-p157365-e1665873.adobeaemcloud.com/adobe/assets/urn:aaid:aem:96d97d1e-f78d-4d6b-a763-744772bcbfb4/original/as/abbvie-unity-statement.pdf,not checked
/content/abbvie-nextgen-eds/corporate/abbvie-com/language-masters/en/who-we-are/our-principles/equity-equality-inclusion-diversity/.content.xml,scene7,changed,https://abbvie.scene7.com/is/image/abbviecorp/woman-holding-a-coffee-hero,https://delivery-p157365-e1665873.adobeaemcloud.com/adobe/assets/urn:aaid:aem:82168806-818e-4392-846f-4ef23d9377dc/as/woman-holding-a-coffee-hero.jpg,not checked
/content/abbvie-nextgen-eds/corporate/abbvie-com/language-masters/en/who-we-are/our-principles/equity-equality-inclusion-diversity/.content.xml,short-path,changed,/who-we-are/our-principles.html,/content/abbvie-nextgen-eds/corporate/abbvie-com/language-masters/en/who-we-are/our-principles,not checked
/content/abbvie-nextgen-eds/corporate/abbvie-com/language-masters/en/who-we-are/our-principles/equity-equality-inclusion-diversity/impact-through-inclusion/.content.xml,abbvie-abs,changed,https://www.abbvie.com/join-us/life-at-abbvie/employee-resource-groups.html,/content/abbvie-nextgen-eds/corporate/abbvie-com/language-masters/en/join-us/life-at-abbvie/employee-resource-groups,not checked
/content/abbvie-nextgen-eds/corporate/abbvie-com/language-masters/en/who-we-are/our-principles/equity-equality-inclusion-diversity/impact-through-inclusion/.content.xml,abbvie-abs,changed,https://www.abbvie.com/join-us/life-at-abbvie/well-being-in-the-workplace.html,/content/abbvie-nextgen-eds/corporate/abbvie-com/language-masters/en/join-us/life-at-abbvie/well-being-in-the-workplace,not checked
/content/abbvie-nextgen-eds/corporate/abbvie-com/language-masters/en/who-we-are/our-stories/five-technologies-supporting-progress-in-challenging-diseases/.content.xml,abbvie-abs,changed,https://www.abbvie.com/who-we-are/our-stories.html,/content/abbvie-nextgen-eds/corporate/abbvie-com/language-masters/en/who-we-are/our-stories,not checked
/content/abbvie-nextgen-eds/corporate/abbvie-com/language-masters/en/who-we-are/our-stories/five-technologies-supporting-progress-in-challenging-diseases/.content.xml,abbvie-abs,changed,https://www.abbvie.com/who-we-are/our-stories/three-ways-ai-is-changing-drug-discovery-at-abbvie.html,/content/abbvie-nextgen-eds/corporate/abbvie-com/language-masters/en/who-we-are/our-stories/three-ways-ai-is-changing-drug-discovery-at-abbvie,not checked
/content/abbvie-nextgen-eds/corporate/abbvie-com/language-masters/en/who-we-are/our-stories/five-technologies-supporting-progress-in-challenging-diseases/.content.xml,abbvie-abs,changed,https://www.abbvie.com/who-we-are/our-stories/expert-insights-the-promise-of-genetic-medicine-and-abbvies-role-in-research.html,/content/abbvie-nextgen-eds/corporate/abbvie-com/language-masters/en/who-we-are/our-stories/expert-insights-the-promise-of-genetic-medicine-and-abbvies-role-in-research,not checked
/content/abbvie-nextgen-eds/corporate/abbvie-com/language-masters/en/who-we-are/our-stories/five-technologies-supporting-progress-in-challenging-diseases/.content.xml,abbvie-abs,changed,https://www.abbvie.com/who-we-are/our-stories/five-technologies-supporting-progress-in-challenging-diseases.html#section01,/content/abbvie-nextgen-eds/corporate/abbvie-com/language-masters/en/who-we-are/our-stories/five-technologies-supporting-progress-in-challenging-diseases.html#section01,not checked
/content/abbvie-nextgen-eds/corporate/abbvie-com/language-masters/en/who-we-are/our-stories/five-technologies-supporting-progress-in-challenging-diseases/.content.xml,abbvie-abs,changed,https://www.abbvie.com/who-we-are/our-stories/five-technologies-supporting-progress-in-challenging-diseases.html#section02,/content/abbvie-nextgen-eds/corporate/abbvie-com/language-masters/en/who-we-are/our-stories/five-technologies-supporting-progress-in-challenging-diseases.html#section02,not checked
/content/abbvie-nextgen-eds/corporate/abbvie-com/language-masters/en/who-we-are/our-stories/five-technologies-supporting-progress-in-challenging-diseases/.content.xml,abbvie-abs,changed,https://www.abbvie.com/who-we-are/our-stories/five-technologies-supporting-progress-in-challenging-diseases.html#section03,/content/abbvie-nextgen-eds/corporate/abbvie-com/language-masters/en/who-we-are/our-stories/five-technologies-supporting-progress-in-challenging-diseases.html#section03,not checked
/content/abbvie-nextgen-eds/corporate/abbvie-com/language-masters/en/who-we-are/our-stories/five-technologies-supporting-progress-in-challenging-diseases/.content.xml,abbvie-abs,changed,https://www.abbvie.com/who-we-are/our-stories/five-technologies-supporting-progress-in-challenging-diseases.html#section04,/content/abbvie-nextgen-eds/corporate/abbvie-com/language-masters/en/who-we-are/our-stories/five-technologies-supporting-progress-in-challenging-diseases.html#section04,not checked
/content/abbvie-nextgen-eds/corporate/abbvie-com/language-masters/en/who-we-are/our-stories/five-technologies-supporting-progress-in-challenging-diseases/.content.xml,abbvie-abs,changed,https://www.abbvie.com/who-we-are/our-stories/five-technologies-supporting-progress-in-challenging-diseases.html#section05,/content/abbvie-nextgen-eds/corporate/abbvie-com/language-masters/en/who-we-are/our-stories/five-technologies-supporting-progress-in-challenging-diseases.html#section05,not checked
/content/abbvie-nextgen-eds/corporate/abbvie-com/language-masters/en/who-we-are/our-stories/five-technologies-supporting-progress-in-challenging-diseases/.content.xml,scene7,changed,https://abbvie.scene7.com/is/image/abbviecorp/new-tech-old-target-image-02?ts=1773741596512,https://delivery-p157365-e1665873.adobeaemcloud.com/adobe/assets/urn:aaid:aem:7c100b09-eea6-41fe-ac12-435917e87d91/as/new-tech-old-target-image-02.jpg,not checked
/content/abbvie-nextgen-eds/corporate/abbvie-com/language-masters/en/who-we-are/our-stories/five-technologies-supporting-progress-in-challenging-diseases/.content.xml,scene7,changed,https://abbvie.scene7.com/is/image/abbviecorp/new-tech-old-target-image-03?ts=1773741581891,https://delivery-p157365-e1665873.adobeaemcloud.com/adobe/assets/urn:aaid:aem:17e70f2a-5057-4c83-a8e6-55b19ba4ebe5/as/new-tech-old-target-image-03.jpg,not checked
/content/abbvie-nextgen-eds/corporate/abbvie-com/language-masters/en/who-we-are/our-stories/five-technologies-supporting-progress-in-challenging-diseases/.content.xml,scene7,changed,https://abbvie.scene7.com/is/image/abbviecorp/new-tech-old-target-image-03?ts=1773741581891,https://delivery-p157365-e1665873.adobeaemcloud.com/adobe/assets/urn:aaid:aem:17e70f2a-5057-4c83-a8e6-55b19ba4ebe5/as/new-tech-old-target-image-03.jpg,not checked
/content/abbvie-nextgen-eds/corporate/abbvie-com/language-masters/en/who-we-are/our-stories/five-technologies-supporting-progress-in-challenging-diseases/.content.xml,scene7,changed,https://abbvie.scene7.com/is/image/abbviecorp/new-tech-old-target-image-03?ts=1773741581891,https://delivery-p157365-e1665873.adobeaemcloud.com/adobe/assets/urn:aaid:aem:17e70f2a-5057-4c83-a8e6-55b19ba4ebe5/as/new-tech-old-target-image-03.jpg,not checked
/content/abbvie-nextgen-eds/corporate/abbvie-com/language-masters/en/who-we-are/our-stories/five-technologies-supporting-progress-in-challenging-diseases/.content.xml,scene7,changed,https://abbvie.scene7.com/is/image/abbviecorp/new-tech-old-target-image-03?ts=1773741581891,https://delivery-p157365-e1665873.adobeaemcloud.com/adobe/assets/urn:aaid:aem:17e70f2a-5057-4c83-a8e6-55b19ba4ebe5/as/new-tech-old-target-image-03.jpg,not checked
/content/abbvie-nextgen-eds/corporate/abbvie-com/language-masters/en/who-we-are/our-stories/the-persistence-lab-podcasts/.content.xml,short-path,changed,/science/our-people/lab-to-life.html,/content/abbvie-nextgen-eds/corporate/abbvie-com/language-masters/en/science/our-people/lab-to-life,not checked
/content/abbvie-nextgen-eds/corporate/abbvie-com/language-masters/en/who-we-are/our-stories/the-persistence-lab-podcasts/.content.xml,short-path,changed,/who-we-are/our-stories,/content/abbvie-nextgen-eds/corporate/abbvie-com/language-masters/en/who-we-are/our-stories,not checked
/content/abbvie-nextgen-eds/corporate/abbvie-com/language-masters/en/who-we-are/operating-with-integrity/.content.xml,scene7,changed,https://abbvie.scene7.com/is/image/abbviecorp/woman-scientist-glasses-hero?fmt=webp,https://delivery-p157365-e1665873.adobeaemcloud.com/adobe/assets/urn:aaid:aem:e0bcc02d-b3e3-4456-bc1d-689b0fdc10f6/as/woman-scientist-glasses-hero.jpg,not checked
/content/abbvie-nextgen-eds/corporate/abbvie-com/language-masters/en/who-we-are/operating-with-integrity/.content.xml,scene7,changed,https://abbvie.scene7.com/is/image/abbviecorp/woman-sideview-office-1?ts=1773736292092,https://delivery-p157365-e1665873.adobeaemcloud.com/adobe/assets/urn:aaid:aem:01181876-280f-4d2f-874f-f56eb327b6a0/as/woman-sideview-office.jpg,not checked
/content/abbvie-nextgen-eds/corporate/abbvie-com/language-masters/en/who-we-are/operating-with-integrity/.content.xml,scene7,changed,https://abbvie.scene7.com/is/image/abbviecorp/man-in-front-of-laptop-2?ts=1773736062534,https://delivery-p157365-e1665873.adobeaemcloud.com/adobe/assets/urn:aaid:aem:205733e4-1fbf-4dde-a7fb-bdff71469c72/as/man-in-front-of-laptop.jpg,not checked
/content/abbvie-nextgen-eds/corporate/abbvie-com/language-masters/en/who-we-are/operating-with-integrity/.content.xml,scene7,changed,https://abbvie.scene7.com/is/image/abbviecorp/woman-with-clipboard-feature-small?ts=1773668340321,https://delivery-p157365-e1665873.adobeaemcloud.com/adobe/assets/urn:aaid:aem:72182989-79ac-4f22-b95a-6441323ec70e/as/woman-with-clipboard-feature-small.jpg,not checked
/content/abbvie-nextgen-eds/corporate/abbvie-com/language-masters/en/who-we-are/operating-with-integrity/.content.xml,scene7,changed,https://abbvie.scene7.com/is/image/abbviecorp/man-in-office-hero?ts=1773736064198,https://delivery-p157365-e1665873.adobeaemcloud.com/adobe/assets/urn:aaid:aem:a98134b5-8e00-4970-a2c1-c3ff32f1f71f/as/man-in-office-hero.jpg,not checked
/content/abbvie-nextgen-eds/corporate/abbvie-com/language-masters/en/who-we-are/operating-with-integrity/abbvies-code-of-conduct/.content.xml,pdf-dm,converted,/content/dam/abbvie-com2/pdfs/cobc/cobc_English1.pdf,https://delivery-p157365-e1665873.adobeaemcloud.com/adobe/assets/urn:aaid:aem:ef4cdf29-35d1-48a8-97d9-dd5e43fd476e/original/as/cobc_English1.pdf,not checked
/content/abbvie-nextgen-eds/corporate/abbvie-com/language-masters/en/who-we-are/operating-with-integrity/abbvies-code-of-conduct/.content.xml,pdf-dm,converted,/content/dam/abbvie-com2/pdfs/cobc/cobc_Bulgarian.pdf,https://delivery-p157365-e1665873.adobeaemcloud.com/adobe/assets/urn:aaid:aem:c8219ae5-3b9b-4c49-a5d6-86e5f8d90458/original/as/cobc_Bulgarian.pdf,not checked
/content/abbvie-nextgen-eds/corporate/abbvie-com/language-masters/en/who-we-are/operating-with-integrity/abbvies-code-of-conduct/.content.xml,pdf-dm,converted,/content/dam/abbvie-com2/pdfs/cobc/cobc_Chinese.pdf,https://delivery-p157365-e1665873.adobeaemcloud.com/adobe/assets/urn:aaid:aem:13f940da-91be-4f36-acd8-547d9801bfcf/original/as/cobc_Chinese.pdf,not checked
/content/abbvie-nextgen-eds/corporate/abbvie-com/language-masters/en/who-we-are/operating-with-integrity/abbvies-code-of-conduct/.content.xml,pdf-dm,converted,/content/dam/abbvie-com2/pdfs/cobc/cobc-chinese-traditional-2026.pdf,https://delivery-p157365-e1665873.adobeaemcloud.com/adobe/assets/urn:aaid:aem:af6beb9b-cdd6-4df5-b9df-9d2cb1782532/original/as/cobc-chinese-traditional-2026.pdf,not checked
/content/abbvie-nextgen-eds/corporate/abbvie-com/language-masters/en/who-we-are/operating-with-integrity/abbvies-code-of-conduct/.content.xml,pdf-dm,converted,/content/dam/abbvie-com2/pdfs/cobc/cobc_French.pdf,https://delivery-p157365-e1665873.adobeaemcloud.com/adobe/assets/urn:aaid:aem:7c10a032-ec60-4d2d-9f16-50fc8a566ca7/original/as/cobc_French.pdf,not checked
/content/abbvie-nextgen-eds/corporate/abbvie-com/language-masters/en/who-we-are/operating-with-integrity/abbvies-code-of-conduct/.content.xml,pdf-dm,converted,/content/dam/abbvie-com2/pdfs/cobc/cobc_French_fc.pdf,https://delivery-p157365-e1665873.adobeaemcloud.com/adobe/assets/urn:aaid:aem:24a0fd0e-6d86-4de7-b7d4-7fbe9bb744e2/original/as/cobc_French_fc.pdf,not checked
/content/abbvie-nextgen-eds/corporate/abbvie-com/language-masters/en/who-we-are/operating-with-integrity/abbvies-code-of-conduct/.content.xml,pdf-dm,converted,/content/dam/abbvie-com2/pdfs/cobc/cobc_German.pdf,https://delivery-p157365-e1665873.adobeaemcloud.com/adobe/assets/urn:aaid:aem:89c70f40-b08e-4eb3-ba00-304ef2a87b75/original/as/cobc_German.pdf,not checked
/content/abbvie-nextgen-eds/corporate/abbvie-com/language-masters/en/who-we-are/operating-with-integrity/abbvies-code-of-conduct/.content.xml,pdf-dm,converted,/content/dam/abbvie-com2/pdfs/cobc/cobc_Hungarian.pdf,https://delivery-p157365-e1665873.adobeaemcloud.com/adobe/assets/urn:aaid:aem:48637b25-dace-4cea-98be-0b8c5eb721dd/original/as/cobc_Hungarian.pdf,not checked
/content/abbvie-nextgen-eds/corporate/abbvie-com/language-masters/en/who-we-are/operating-with-integrity/abbvies-code-of-conduct/.content.xml,pdf-dm,converted,/content/dam/abbvie-com2/pdfs/cobc/cobc_Italian.pdf,https://delivery-p157365-e1665873.adobeaemcloud.com/adobe/assets/urn:aaid:aem:18fe336f-b174-4ec8-9750-d538c994b8fc/original/as/cobc_Italian.pdf,not checked
/content/abbvie-nextgen-eds/corporate/abbvie-com/language-masters/en/who-we-are/operating-with-integrity/abbvies-code-of-conduct/.content.xml,pdf-dm,converted,/content/dam/abbvie-com2/pdfs/cobc/cobc_Japanese.pdf,https://delivery-p157365-e1665873.adobeaemcloud.com/adobe/assets/urn:aaid:aem:0ad6fcc0-683c-4d3a-a489-43f90d392cd9/original/as/cobc_Japanese.pdf,not checked
/content/abbvie-nextgen-eds/corporate/abbvie-com/language-masters/en/who-we-are/operating-with-integrity/abbvies-code-of-conduct/.content.xml,pdf-dm,converted,/content/dam/abbvie-com2/pdfs/cobc/cobc_Korean.pdf,https://delivery-p157365-e1665873.adobeaemcloud.com/adobe/assets/urn:aaid:aem:3f4a167f-ffa4-484b-b777-b08588686732/original/as/cobc_Korean.pdf,not checked
/content/abbvie-nextgen-eds/corporate/abbvie-com/language-masters/en/who-we-are/operating-with-integrity/abbvies-code-of-conduct/.content.xml,pdf-dm,converted,/content/dam/abbvie-com2/pdfs/cobc/cobc_Polish.pdf,https://delivery-p157365-e1665873.adobeaemcloud.com/adobe/assets/urn:aaid:aem:bb55cf9a-a24a-4fe0-a4dd-98e969a7ee8c/original/as/cobc_Polish.pdf,not checked
/content/abbvie-nextgen-eds/corporate/abbvie-com/language-masters/en/who-we-are/operating-with-integrity/abbvies-code-of-conduct/.content.xml,pdf-dm,converted,/content/dam/abbvie-com2/pdfs/cobc/cobc_Portuguese_BR.pdf,https://delivery-p157365-e1665873.adobeaemcloud.com/adobe/assets/urn:aaid:aem:ff735d6b-3e6b-45dd-b769-5e69346de965/original/as/cobc_Portuguese_BR.pdf,not checked
/content/abbvie-nextgen-eds/corporate/abbvie-com/language-masters/en/who-we-are/operating-with-integrity/abbvies-code-of-conduct/.content.xml,pdf-dm,converted,/content/dam/abbvie-com2/pdfs/cobc/cobc_Portuguese.pdf,https://delivery-p157365-e1665873.adobeaemcloud.com/adobe/assets/urn:aaid:aem:c408bc85-8198-4e78-b274-7b1ab6241675/original/as/cobc_Portuguese.pdf,not checked
/content/abbvie-nextgen-eds/corporate/abbvie-com/language-masters/en/who-we-are/operating-with-integrity/abbvies-code-of-conduct/.content.xml,pdf-dm,converted,/content/dam/abbvie-com2/pdfs/cobc/cobc_Russian.pdf,https://delivery-p157365-e1665873.adobeaemcloud.com/adobe/assets/urn:aaid:aem:7397a207-ff34-4720-9ee1-8bdcc7091aa9/original/as/cobc_Russian.pdf,not checked
/content/abbvie-nextgen-eds/corporate/abbvie-com/language-masters/en/who-we-are/operating-with-integrity/abbvies-code-of-conduct/.content.xml,pdf-dm,converted,/content/dam/abbvie-com2/pdfs/cobc/cobc_Spanish_la.pdf,https://delivery-p157365-e1665873.adobeaemcloud.com/adobe/assets/urn:aaid:aem:77153e62-0c71-4be7-9eba-9376bd146fbe/original/as/cobc_Spanish_la.pdf,not checked
/content/abbvie-nextgen-eds/corporate/abbvie-com/language-masters/en/who-we-are/operating-with-integrity/abbvies-code-of-conduct/.content.xml,pdf-dm,converted,/content/dam/abbvie-com2/pdfs/cobc/cobc_Spanish_es.pdf,https://delivery-p157365-e1665873.adobeaemcloud.com/adobe/assets/urn:aaid:aem:d38bbe3a-a065-494e-9d14-5ffa79c07ce7/original/as/cobc_Spanish_es.pdf,not checked
/content/abbvie-nextgen-eds/corporate/abbvie-com/language-masters/en/who-we-are/operating-with-integrity/abbvies-code-of-conduct/.content.xml,pdf-dm,converted,/content/dam/abbvie-com2/pdfs/cobc/cobc_Turkish.pdf,https://delivery-p157365-e1665873.adobeaemcloud.com/adobe/assets/urn:aaid:aem:7ab71e91-8036-471f-95e2-6f36da8d4403/original/as/cobc_Turkish.pdf,not checked
/content/abbvie-nextgen-eds/corporate/abbvie-com/language-masters/en/who-we-are/operating-with-integrity/transparency-in-payment/.content.xml,pdf-dm,converted,https://www.abbvie.com/content/dam/abbvie-com2/pdfs/disclosures/austria/2022-abbvie-austria-efpia-report.pdf,https://delivery-p157365-e1665873.adobeaemcloud.com/adobe/assets/urn:aaid:aem:4e9ae7c7-950b-41ce-b0b7-9e38928d25cd/original/as/2022-abbvie-austria-efpia-report.pdf,not checked
/content/abbvie-nextgen-eds/corporate/abbvie-com/language-masters/en/who-we-are/operating-with-integrity/transparency-in-payment/.content.xml,pdf-dm,converted,https://www.abbvie.com/content/dam/abbvie-com2/pdfs/disclosures/austria/2022-abbvie-austria-supporting-document.pdf,https://delivery-p157365-e1665873.adobeaemcloud.com/adobe/assets/urn:aaid:aem:014e55a0-14a5-47e4-b321-7eec404250fc/original/as/2022-abbvie-austria-supporting-document.pdf,not checked
/content/abbvie-nextgen-eds/corporate/abbvie-com/language-masters/en/who-we-are/operating-with-integrity/transparency-in-payment/.content.xml,pdf-dm,converted,https://www.abbvie.com/content/dam/abbvie-com2/pdfs/disclosures/austria/2023-abbvie-austria-efpia-report.pdf,https://delivery-p157365-e1665873.adobeaemcloud.com/adobe/assets/urn:aaid:aem:ccb9c1a6-eef5-4ac9-bf06-41d139451411/original/as/2023-abbvie-austria-efpia-report.pdf,not checked
/content/abbvie-nextgen-eds/corporate/abbvie-com/language-masters/en/who-we-are/operating-with-integrity/transparency-in-payment/.content.xml,pdf-dm,converted,https://www.abbvie.com/content/dam/abbvie-com2/pdfs/disclosures/austria/2023-abbvie-austria-supporting-document.pdf,https://delivery-p157365-e1665873.adobeaemcloud.com/adobe/assets/urn:aaid:aem:bb34b146-4d34-4714-92e3-6d6d196924f9/original/as/2023-abbvie-austria-supporting-document.pdf,not checked
/content/abbvie-nextgen-eds/corporate/abbvie-com/language-masters/en/who-we-are/operating-with-integrity/transparency-in-payment/.content.xml,pdf-dm,converted,https://www.abbvie.com/content/dam/abbvie-com2/pdfs/disclosures/spain/2024-abbvie-spain-efpia-report.pdf,https://delivery-p157365-e1665873.adobeaemcloud.com/adobe/assets/urn:aaid:aem:4645d2e7-7d04-4973-b455-39645db3f1fb/original/as/2024-abbvie-spain-efpia-report.pdf,not checked
/content/abbvie-nextgen-eds/corporate/abbvie-com/language-masters/en/who-we-are/operating-with-integrity/transparency-in-payment/.content.xml,pdf-dm,converted,https://www.abbvie.com/content/dam/abbvie-com2/pdfs/disclosures/spain/2024-abbvie-spain-supporting-document.pdf,https://delivery-p157365-e1665873.adobeaemcloud.com/adobe/assets/urn:aaid:aem:52be272b-c6a9-44a4-817a-7d54d0601977/original/as/2024-abbvie-spain-supporting-document.pdf,not checked
/content/abbvie-nextgen-eds/corporate/abbvie-com/language-masters/en/who-we-are/operating-with-integrity/transparency-in-payment/.content.xml,pdf-dm,converted,https://www.abbvie.com/content/dam/abbvie-com2/pdfs/disclosures/bosnia-herzegovina/2022-abbvie-bosnia-herzegovina-efpia-report.pdf,https://delivery-p157365-e1665873.adobeaemcloud.com/adobe/assets/urn:aaid:aem:c06fdc93-5d84-49fb-91b5-edcfd73bace6/original/as/2022-abbvie-bosnia-herzegovina-efpia-report.pdf,not checked
/content/abbvie-nextgen-eds/corporate/abbvie-com/language-masters/en/who-we-are/operating-with-integrity/transparency-in-payment/.content.xml,pdf-dm,converted,https://www.abbvie.com/content/dam/abbvie-com2/pdfs/disclosures/bosnia-herzegovina/2022-abbvie-bosnia-herzegovina-supporting-document.pdf,https://delivery-p157365-e1665873.adobeaemcloud.com/adobe/assets/urn:aaid:aem:0e423022-0833-4631-8c62-bc5ff2c078a6/original/as/2022-abbvie-bosnia-herzegovina-supporting-document.pdf,not checked
/content/abbvie-nextgen-eds/corporate/abbvie-com/language-masters/en/who-we-are/operating-with-integrity/transparency-in-payment/.content.xml,pdf-dm,converted,https://www.abbvie.com/content/dam/abbvie-com2/pdfs/disclosures/bosnia-herzegovina/2023-abbvie-bosnia-herzegovina-efpia-report.pdf,https://delivery-p157365-e1665873.adobeaemcloud.com/adobe/assets/urn:aaid:aem:928a8eb7-ad43-4da9-90a5-60c55e8b3a54/original/as/2023-abbvie-bosnia-herzegovina-efpia-report.pdf,not checked
/content/abbvie-nextgen-eds/corporate/abbvie-com/language-masters/en/who-we-are/operating-with-integrity/transparency-in-payment/.content.xml,pdf-dm,converted,https://www.abbvie.com/content/dam/abbvie-com2/pdfs/disclosures/bosnia-herzegovina/2023-abbvie-bosnia-herzegovina-supporting-document.pdf,https://delivery-p157365-e1665873.adobeaemcloud.com/adobe/assets/urn:aaid:aem:37b907c1-f22f-42f0-a7d4-76ad1dec532e/original/as/2023-abbvie-bosnia-herzegovina-supporting-document.pdf,not checked
/content/abbvie-nextgen-eds/corporate/abbvie-com/language-masters/en/who-we-are/operating-with-integrity/transparency-in-payment/.content.xml,pdf-dm,converted,https://www.abbvie.com/content/dam/abbvie-com2/pdfs/disclosures/bosnia-herzegovina/2024-abbvie-bosnia-herzegovina-report.pdf,https://delivery-p157365-e1665873.adobeaemcloud.com/adobe/assets/urn:aaid:aem:f482b4eb-7dbc-42c5-9fe2-053b76e0c49b/original/as/2024-abbvie-bosnia-herzegovina-report.pdf,not checked
/content/abbvie-nextgen-eds/corporate/abbvie-com/language-masters/en/who-we-are/operating-with-integrity/transparency-in-payment/.content.xml,pdf-dm,converted,https://www.abbvie.com/content/dam/abbvie-com2/pdfs/disclosures/bosnia-herzegovina/2024-abbvie-bosnia-herzegovina-supporting-document.pdf,https://delivery-p157365-e1665873.adobeaemcloud.com/adobe/assets/urn:aaid:aem:44a958a4-1e96-446a-89b4-08e68e5b7f18/original/as/2024-abbvie-bosnia-herzegovina-supporting-document.pdf,not checked
/content/abbvie-nextgen-eds/corporate/abbvie-com/language-masters/en/who-we-are/operating-with-integrity/transparency-in-payment/.content.xml,pdf-dm,converted,https://www.abbvie.com/content/dam/abbvie-com2/pdfs/disclosures/bulgaria/2021-abbvie-bulgaria-efpia-report.pdf,https://delivery-p157365-e1665873.adobeaemcloud.com/adobe/assets/urn:aaid:aem:98cec343-22b0-4147-aa23-366aec461842/original/as/2021-abbvie-bulgaria-efpia-report.pdf,not checked
/content/abbvie-nextgen-eds/corporate/abbvie-com/language-masters/en/who-we-are/operating-with-integrity/transparency-in-payment/.content.xml,pdf-dm,converted,https://www.abbvie.com/content/dam/abbvie-com2/pdfs/disclosures/bulgaria/2021-abbvie-bulgaria-supporting-document.pdf,https://delivery-p157365-e1665873.adobeaemcloud.com/adobe/assets/urn:aaid:aem:2d766baa-4248-4770-b110-899f22d0a7ec/original/as/2021-abbvie-bulgaria-supporting-document.pdf,not checked
/content/abbvie-nextgen-eds/corporate/abbvie-com/language-masters/en/who-we-are/operating-with-integrity/transparency-in-payment/.content.xml,pdf-dm,converted,https://www.abbvie.com/content/dam/abbvie-com2/pdfs/disclosures/bulgaria/2022-abbvie-bulgaria-efpia-report.pdf,https://delivery-p157365-e1665873.adobeaemcloud.com/adobe/assets/urn:aaid:aem:2cf61b7d-42d2-4ae0-929c-add5a2d4812c/original/as/2022-abbvie-bulgaria-efpia-report.pdf,not checked
/content/abbvie-nextgen-eds/corporate/abbvie-com/language-masters/en/who-we-are/operating-with-integrity/transparency-in-payment/.content.xml,pdf-dm,converted,https://www.abbvie.com/content/dam/abbvie-com2/pdfs/disclosures/bulgaria/2022-abbvie-bulgaria-supporting-document.pdf,https://delivery-p157365-e1665873.adobeaemcloud.com/adobe/assets/urn:aaid:aem:1437c8ec-6a98-4340-b9a1-0b982bf0e649/original/as/2022-abbvie-bulgaria-supporting-document.pdf,not checked
/content/abbvie-nextgen-eds/corporate/abbvie-com/language-masters/en/who-we-are/operating-with-integrity/transparency-in-payment/.content.xml,pdf-dm,converted,https://www.abbvie.com/content/dam/abbvie-com2/pdfs/disclosures/bulgaria/2023-abbvie-bulgaria-efpia-report.pdf,https://delivery-p157365-e1665873.adobeaemcloud.com/adobe/assets/urn:aaid:aem:6c25d381-4e14-4fef-819d-c637310f9ef9/original/as/2023-abbvie-bulgaria-efpia-report.pdf,not checked
/content/abbvie-nextgen-eds/corporate/abbvie-com/language-masters/en/who-we-are/operating-with-integrity/transparency-in-payment/.content.xml,pdf-dm,converted,https://www.abbvie.com/content/dam/abbvie-com2/pdfs/disclosures/bulgaria/2023-abbvie-bulgaria-supporting-document.pdf,https://delivery-p157365-e1665873.adobeaemcloud.com/adobe/assets/urn:aaid:aem:77e2717d-7214-452e-a240-48a72b52991d/original/as/2023-abbvie-bulgaria-supporting-document.pdf,not checked
/content/abbvie-nextgen-eds/corporate/abbvie-com/language-masters/en/who-we-are/operating-with-integrity/transparency-in-payment/.content.xml,pdf-dm,converted,https://www.abbvie.com/content/dam/abbvie-com2/pdfs/disclosures/bulgaria/2024-abbvie-bulgaria-efpia-report.pdf,https://delivery-p157365-e1665873.adobeaemcloud.com/adobe/assets/urn:aaid:aem:ce9a7ed5-4cb9-46c1-ba61-2b783e2a686f/original/as/2024-abbvie-bulgaria-efpia-report.pdf,not checked
/content/abbvie-nextgen-eds/corporate/abbvie-com/language-masters/en/who-we-are/operating-with-integrity/transparency-in-payment/.content.xml,pdf-dm,converted,https://www.abbvie.com/content/dam/abbvie-com2/pdfs/disclosures/bulgaria/2024-abbvie-bulgaria-supporting-document.pdf,https://delivery-p157365-e1665873.adobeaemcloud.com/adobe/assets/urn:aaid:aem:4089a0bf-2036-45a2-b333-f448eacf413a/original/as/2024-abbvie-bulgaria-supporting-document.pdf,not checked
/content/abbvie-nextgen-eds/corporate/abbvie-com/language-masters/en/who-we-are/operating-with-integrity/transparency-in-payment/.content.xml,pdf-dm,converted,https://www.abbvie.com/content/dam/abbvie-com2/pdfs/disclosures/croatia/2022-abbvie-croatia-hrk-efpia-report.pdf,https://delivery-p157365-e1665873.adobeaemcloud.com/adobe/assets/urn:aaid:aem:17ef6148-90fa-420b-accb-d89227a401bd/original/as/2022-abbvie-croatia-hrk-efpia-report.pdf,not checked
/content/abbvie-nextgen-eds/corporate/abbvie-com/language-masters/en/who-we-are/operating-with-integrity/transparency-in-payment/.content.xml,pdf-dm,converted,https://www.abbvie.com/content/dam/abbvie-com2/pdfs/disclosures/croatia/2022-abbvie-croatia-euro-efpia-report.pdf,https://delivery-p157365-e1665873.adobeaemcloud.com/adobe/assets/urn:aaid:aem:965034ef-168a-4f43-9311-33acfc068fb8/original/as/2022-abbvie-croatia-euro-efpia-report.pdf,not checked
/content/abbvie-nextgen-eds/corporate/abbvie-com/language-masters/en/who-we-are/operating-with-integrity/transparency-in-payment/.content.xml,pdf-dm,converted,https://www.abbvie.com/content/dam/abbvie-com2/pdfs/disclosures/croatia/2022-abbvie-croatia-supporting-document.pdf,https://delivery-p157365-e1665873.adobeaemcloud.com/adobe/assets/urn:aaid:aem:a262633f-f7fb-49d1-a401-e0a14bb5e052/original/as/2022-abbvie-croatia-supporting-document.pdf,not checked
/content/abbvie-nextgen-eds/corporate/abbvie-com/language-masters/en/who-we-are/operating-with-integrity/transparency-in-payment/.content.xml,pdf-dm,converted,https://www.abbvie.com/content/dam/abbvie-com2/pdfs/disclosures/croatia/2023-abbvie-croatia-efpia-report.pdf,https://delivery-p157365-e1665873.adobeaemcloud.com/adobe/assets/urn:aaid:aem:6b948523-9897-475d-80d3-1dc1878d3bbd/original/as/2023-abbvie-croatia-efpia-report.pdf,not checked
/content/abbvie-nextgen-eds/corporate/abbvie-com/language-masters/en/who-we-are/operating-with-integrity/transparency-in-payment/.content.xml,pdf-dm,converted,https://www.abbvie.com/content/dam/abbvie-com2/pdfs/disclosures/croatia/2023-abbvie-croatia-supporting-document.pdf,https://delivery-p157365-e1665873.adobeaemcloud.com/adobe/assets/urn:aaid:aem:f034e1ae-03a6-47bd-9d87-077d0667038a/original/as/2023-abbvie-croatia-supporting-document.pdf,not checked
/content/abbvie-nextgen-eds/corporate/abbvie-com/language-masters/en/who-we-are/operating-with-integrity/transparency-in-payment/.content.xml,pdf-dm,converted,https://www.abbvie.com/content/dam/abbvie-com2/pdfs/disclosures/croatia/2024-abbvie-croatia-efpia-report.pdf,https://delivery-p157365-e1665873.adobeaemcloud.com/adobe/assets/urn:aaid:aem:91d25ff4-64b4-4e6b-b1f7-ba4dbabb1eb7/original/as/2024-abbvie-croatia-efpia-report.pdf,not checked
/content/abbvie-nextgen-eds/corporate/abbvie-com/language-masters/en/who-we-are/operating-with-integrity/transparency-in-payment/.content.xml,pdf-dm,converted,https://www.abbvie.com/content/dam/abbvie-com2/pdfs/disclosures/croatia/2024-abbvie-croatia-supporting-document.pdf,https://delivery-p157365-e1665873.adobeaemcloud.com/adobe/assets/urn:aaid:aem:37cf9971-52ed-4e7e-aeb4-3509c33e0c96/original/as/2024-abbvie-croatia-supporting-document.pdf,not checked
/content/abbvie-nextgen-eds/corporate/abbvie-com/language-masters/en/who-we-are/operating-with-integrity/transparency-in-payment/.content.xml,pdf-dm,converted,https://www.abbvie.com/content/dam/abbvie-com2/pdfs/disclosures/cyprus/2022-abbvie-cyprus-efpia-report.pdf,https://delivery-p157365-e1665873.adobeaemcloud.com/adobe/assets/urn:aaid:aem:5a95e5b7-cc23-489b-b226-83905c981f13/original/as/2022-abbvie-cyprus-efpia-report.pdf,not checked
/content/abbvie-nextgen-eds/corporate/abbvie-com/language-masters/en/who-we-are/operating-with-integrity/transparency-in-payment/.content.xml,pdf-dm,converted,https://www.abbvie.com/content/dam/abbvie-com2/pdfs/disclosures/cyprus/2022-abbvie-cyprus-supporting-document.pdf,https://delivery-p157365-e1665873.adobeaemcloud.com/adobe/assets/urn:aaid:aem:cc5c3094-06ed-4e64-98d0-58cc99e435f5/original/as/2022-abbvie-cyprus-supporting-document.pdf,not checked
/content/abbvie-nextgen-eds/corporate/abbvie-com/language-masters/en/who-we-are/operating-with-integrity/transparency-in-payment/.content.xml,pdf-dm,converted,https://www.abbvie.com/content/dam/abbvie-com2/pdfs/disclosures/cyprus/2023-abbvie-cyprus-efpia-report.pdf,https://delivery-p157365-e1665873.adobeaemcloud.com/adobe/assets/urn:aaid:aem:dc3ab546-ba5c-47c9-9bfe-fc1d9e0a592a/original/as/2023-abbvie-cyprus-efpia-report.pdf,not checked
/content/abbvie-nextgen-eds/corporate/abbvie-com/language-masters/en/who-we-are/operating-with-integrity/transparency-in-payment/.content.xml,pdf-dm,converted,https://www.abbvie.com/content/dam/abbvie-com2/pdfs/disclosures/cyprus/2023-abbvie-cyprus-supporting-document.pdf,https://delivery-p157365-e1665873.adobeaemcloud.com/adobe/assets/urn:aaid:aem:76e938c8-81d9-4c1a-8821-153df750df83/original/as/2023-abbvie-cyprus-supporting-document.pdf,not checked
/content/abbvie-nextgen-eds/corporate/abbvie-com/language-masters/en/who-we-are/operating-with-integrity/transparency-in-payment/.content.xml,pdf-dm,converted,https://www.abbvie.com/content/dam/abbvie-com2/pdfs/disclosures/cyprus/2024-abbvie-cyprus-efpia-report.pdf,https://delivery-p157365-e1665873.adobeaemcloud.com/adobe/assets/urn:aaid:aem:f885f00a-2c30-4135-beaa-77de4a8af35a/original/as/2024-abbvie-cyprus-efpia-report.pdf,not checked
/content/abbvie-nextgen-eds/corporate/abbvie-com/language-masters/en/who-we-are/operating-with-integrity/transparency-in-payment/.content.xml,pdf-dm,converted,https://www.abbvie.com/content/dam/abbvie-com2/pdfs/disclosures/cyprus/2024-abbvie-cyprus-supporting-document.pdf,https://delivery-p157365-e1665873.adobeaemcloud.com/adobe/assets/urn:aaid:aem:6720dbf8-0fbd-46b6-9cb8-e469f345ea7b/original/as/2024-abbvie-cyprus-supporting-document.pdf,not checked
/content/abbvie-nextgen-eds/corporate/abbvie-com/language-masters/en/who-we-are/operating-with-integrity/transparency-in-payment/.content.xml,pdf-dm,converted,https://www.abbvie.com/content/dam/abbvie-com2/pdfs/disclosures/estonia/2023-abbvie-estonia-efpia-report.pdf,https://delivery-p157365-e1665873.adobeaemcloud.com/adobe/assets/urn:aaid:aem:d90805d9-4de9-4051-8bf2-5b749349c514/original/as/2023-abbvie-estonia-efpia-report.pdf,not checked
/content/abbvie-nextgen-eds/corporate/abbvie-com/language-masters/en/who-we-are/operating-with-integrity/transparency-in-payment/.content.xml,pdf-dm,converted,https://www.abbvie.com/content/dam/abbvie-com2/pdfs/disclosures/estonia/2023-abbvie-estonia-supporting-document.pdf,https://delivery-p157365-e1665873.adobeaemcloud.com/adobe/assets/urn:aaid:aem:ce44513b-80aa-4b09-87c3-531ea13bee03/original/as/2023-abbvie-estonia-supporting-document.pdf,not checked
/content/abbvie-nextgen-eds/corporate/abbvie-com/language-masters/en/who-we-are/operating-with-integrity/transparency-in-payment/.content.xml,pdf-dm,converted,https://www.abbvie.com/content/dam/abbvie-com2/pdfs/disclosures/estonia/2024-abbvie-estonia-efpia-report.pdf,https://delivery-p157365-e1665873.adobeaemcloud.com/adobe/assets/urn:aaid:aem:1c2f8a29-605a-40d4-9b75-298606c02b6e/original/as/2024-abbvie-estonia-efpia-report.pdf,not checked
/content/abbvie-nextgen-eds/corporate/abbvie-com/language-masters/en/who-we-are/operating-with-integrity/transparency-in-payment/.content.xml,pdf-dm,converted,https://www.abbvie.com/content/dam/abbvie-com2/pdfs/disclosures/estonia/2024-abbvie-estonia-supporting-document.pdf,https://delivery-p157365-e1665873.adobeaemcloud.com/adobe/assets/urn:aaid:aem:81631a8b-e990-41d8-a1a1-de7cc49daa6f/original/as/2024-abbvie-estonia-supporting-document.pdf,not checked
/content/abbvie-nextgen-eds/corporate/abbvie-com/language-masters/en/who-we-are/operating-with-integrity/transparency-in-payment/.content.xml,pdf-dm,converted,https://www.abbvie.com/content/dam/abbvie-com2/pdfs/disclosures/estonia/2025-abbvie-estonia-efpia-report.pdf,https://delivery-p157365-e1665873.adobeaemcloud.com/adobe/assets/urn:aaid:aem:91211fec-77c0-45a6-bb78-13d4bf793e62/original/as/2025-abbvie-estonia-efpia-report.pdf,not checked
/content/abbvie-nextgen-eds/corporate/abbvie-com/language-masters/en/who-we-are/operating-with-integrity/transparency-in-payment/.content.xml,pdf-dm,converted,https://www.abbvie.com/content/dam/abbvie-com2/pdfs/disclosures/finland/2023-abbvie-finland-efpia-report.pdf,https://delivery-p157365-e1665873.adobeaemcloud.com/adobe/assets/urn:aaid:aem:7a423766-f55c-4c92-80f8-04b25778bf88/original/as/2023-abbvie-finland-efpia-report.pdf,not checked
/content/abbvie-nextgen-eds/corporate/abbvie-com/language-masters/en/who-we-are/operating-with-integrity/transparency-in-payment/.content.xml,pdf-dm,converted,https://www.abbvie.com/content/dam/abbvie-com2/pdfs/disclosures/finland/2023-abbvie-finland-supporting-document.pdf,https://delivery-p157365-e1665873.adobeaemcloud.com/adobe/assets/urn:aaid:aem:def5368a-4aa5-4fe9-a49c-b33df8f9eebf/original/as/2023-abbvie-finland-supporting-document.pdf,not checked
/content/abbvie-nextgen-eds/corporate/abbvie-com/language-masters/en/who-we-are/operating-with-integrity/transparency-in-payment/.content.xml,pdf-dm,converted,https://www.abbvie.com/content/dam/abbvie-com2/pdfs/disclosures/finland/2024-abbvie-finland-efpia-report.pdf,https://delivery-p157365-e1665873.adobeaemcloud.com/adobe/assets/urn:aaid:aem:574ef0e7-3a35-4814-bb61-1f31ef260ffe/original/as/2024-abbvie-finland-efpia-report.pdf,not checked
/content/abbvie-nextgen-eds/corporate/abbvie-com/language-masters/en/who-we-are/operating-with-integrity/transparency-in-payment/.content.xml,pdf-dm,converted,https://www.abbvie.com/content/dam/abbvie-com2/pdfs/disclosures/finland/2024-abbvie-finland-supporting-document.pdf,https://delivery-p157365-e1665873.adobeaemcloud.com/adobe/assets/urn:aaid:aem:3a66cea2-a32b-4f1a-ab95-acd9a60dece8/original/as/2024-abbvie-finland-supporting-document.pdf,not checked
/content/abbvie-nextgen-eds/corporate/abbvie-com/language-masters/en/who-we-are/operating-with-integrity/transparency-in-payment/.content.xml,pdf-dm,converted,https://www.abbvie.com/content/dam/abbvie-com2/pdfs/disclosures/finland/2025-abbvie-finland-efpia-report.pdf,https://delivery-p157365-e1665873.adobeaemcloud.com/adobe/assets/urn:aaid:aem:5119bf10-68e9-4de8-8ca6-093fa987b702/original/as/2025-abbvie-finland-efpia-report.pdf,not checked
/content/abbvie-nextgen-eds/corporate/abbvie-com/language-masters/en/who-we-are/operating-with-integrity/transparency-in-payment/.content.xml,pdf-dm,converted,https://www.abbvie.com/content/dam/abbvie-com2/pdfs/disclosures/germany/2022-abbvie-germany-efpia-report.pdf,https://delivery-p157365-e1665873.adobeaemcloud.com/adobe/assets/urn:aaid:aem:0e7f0a1e-0170-4ffa-b3de-ab48a2c3f8c1/original/as/2022-abbvie-germany-efpia-report.pdf,not checked
/content/abbvie-nextgen-eds/corporate/abbvie-com/language-masters/en/who-we-are/operating-with-integrity/transparency-in-payment/.content.xml,pdf-dm,converted,https://www.abbvie.com/content/dam/abbvie-com2/pdfs/disclosures/germany/2022-abbvie-germany-supporting-document.pdf,https://delivery-p157365-e1665873.adobeaemcloud.com/adobe/assets/urn:aaid:aem:5022d49d-fa90-419b-8714-0e7f05570b4d/original/as/2022-abbvie-germany-supporting-document.pdf,not checked
/content/abbvie-nextgen-eds/corporate/abbvie-com/language-masters/en/who-we-are/operating-with-integrity/transparency-in-payment/.content.xml,pdf-dm,converted,https://www.abbvie.com/content/dam/abbvie-com2/pdfs/disclosures/germany/2023-abbvie-germany-efpia-report.pdf,https://delivery-p157365-e1665873.adobeaemcloud.com/adobe/assets/urn:aaid:aem:aba886ab-3e1b-4c92-b2fb-a760be574e6a/original/as/2023-abbvie-germany-efpia-report.pdf,not checked
/content/abbvie-nextgen-eds/corporate/abbvie-com/language-masters/en/who-we-are/operating-with-integrity/transparency-in-payment/.content.xml,pdf-dm,converted,https://www.abbvie.com/content/dam/abbvie-com2/pdfs/disclosures/germany/2023-abbvie-germany-supporting-document.pdf,https://delivery-p157365-e1665873.adobeaemcloud.com/adobe/assets/urn:aaid:aem:2fe6475a-4b11-4870-9c3a-99081c48160f/original/as/2023-abbvie-germany-supporting-document.pdf,not checked
/content/abbvie-nextgen-eds/corporate/abbvie-com/language-masters/en/who-we-are/operating-with-integrity/transparency-in-payment/.content.xml,pdf-dm,converted,https://www.abbvie.com/content/dam/abbvie-com2/pdfs/disclosures/germany/2024-abbvie-germany-efpia-report.pdf,https://delivery-p157365-e1665873.adobeaemcloud.com/adobe/assets/urn:aaid:aem:873e4986-e60f-4886-804a-9d73a3210a04/original/as/2024-abbvie-germany-efpia-report.pdf,not checked
/content/abbvie-nextgen-eds/corporate/abbvie-com/language-masters/en/who-we-are/operating-with-integrity/transparency-in-payment/.content.xml,pdf-dm,converted,https://www.abbvie.com/content/dam/abbvie-com2/pdfs/disclosures/germany/2024-abbvie-germany-supporting-document.pdf,https://delivery-p157365-e1665873.adobeaemcloud.com/adobe/assets/urn:aaid:aem:14f3a3d7-75a6-4190-a56e-e9596a8421df/original/as/2024-abbvie-germany-supporting-document.pdf,not checked
/content/abbvie-nextgen-eds/corporate/abbvie-com/language-masters/en/who-we-are/operating-with-integrity/transparency-in-payment/.content.xml,pdf-dm,converted,https://www.abbvie.com/content/dam/abbvie-com2/pdfs/disclosures/greece/2022-abbvie-greece-efpia-report.pdf,https://delivery-p157365-e1665873.adobeaemcloud.com/adobe/assets/urn:aaid:aem:fe3eb95f-0d25-49d5-8aee-a32007b65081/original/as/2022-abbvie-greece-efpia-report.pdf,not checked
/content/abbvie-nextgen-eds/corporate/abbvie-com/language-masters/en/who-we-are/operating-with-integrity/transparency-in-payment/.content.xml,pdf-dm,converted,https://www.abbvie.com/content/dam/abbvie-com2/pdfs/disclosures/greece/2022-abbvie-greece-supporting-document.pdf,https://delivery-p157365-e1665873.adobeaemcloud.com/adobe/assets/urn:aaid:aem:14d7140f-ee09-427d-9011-773c5936d1eb/original/as/2022-abbvie-greece-supporting-document.pdf,not checked
/content/abbvie-nextgen-eds/corporate/abbvie-com/language-masters/en/who-we-are/operating-with-integrity/transparency-in-payment/.content.xml,pdf-dm,converted,https://www.abbvie.com/content/dam/abbvie-com2/pdfs/disclosures/greece/2023-abbvie-greece-efpia-report.pdf,https://delivery-p157365-e1665873.adobeaemcloud.com/adobe/assets/urn:aaid:aem:6b0e3018-7de9-4aa7-9aa6-fba0730930af/original/as/2023-abbvie-greece-efpia-report.pdf,not checked
/content/abbvie-nextgen-eds/corporate/abbvie-com/language-masters/en/who-we-are/operating-with-integrity/transparency-in-payment/.content.xml,pdf-dm,converted,https://www.abbvie.com/content/dam/abbvie-com2/pdfs/disclosures/greece/2023-abbvie-greece-supporting-document.pdf,https://delivery-p157365-e1665873.adobeaemcloud.com/adobe/assets/urn:aaid:aem:70eb99ff-39c6-49eb-8005-1748284ff2df/original/as/2023-abbvie-greece-supporting-document.pdf,not checked
/content/abbvie-nextgen-eds/corporate/abbvie-com/language-masters/en/who-we-are/operating-with-integrity/transparency-in-payment/.content.xml,pdf-dm,converted,https://www.abbvie.com/content/dam/abbvie-com2/pdfs/disclosures/greece/2024-abbvie-greece-efpia-report.pdf,https://delivery-p157365-e1665873.adobeaemcloud.com/adobe/assets/urn:aaid:aem:aae3d9b5-871f-4be2-8dfc-f379441fd05b/original/as/2024-abbvie-greece-efpia-report.pdf,not checked
/content/abbvie-nextgen-eds/corporate/abbvie-com/language-masters/en/who-we-are/operating-with-integrity/transparency-in-payment/.content.xml,pdf-dm,converted,https://www.abbvie.com/content/dam/abbvie-com2/pdfs/disclosures/greece/2024-abbvie-greece-supporting-document.pdf,https://delivery-p157365-e1665873.adobeaemcloud.com/adobe/assets/urn:aaid:aem:1c12f2c0-b426-413e-983c-bbca2375e55f/original/as/2024-abbvie-greece-supporting-document.pdf,not checked
/content/abbvie-nextgen-eds/corporate/abbvie-com/language-masters/en/who-we-are/operating-with-integrity/transparency-in-payment/.content.xml,pdf-dm,converted,https://www.abbvie.com/content/dam/abbvie-com2/pdfs/disclosures/hungary/2022-abbvie-hungary-efpia-report.pdf,https://delivery-p157365-e1665873.adobeaemcloud.com/adobe/assets/urn:aaid:aem:3cb6d1b1-06a8-4fca-ac5d-dc0d3ba3b3b5/original/as/2022-abbvie-hungary-efpia-report.pdf,not checked
/content/abbvie-nextgen-eds/corporate/abbvie-com/language-masters/en/who-we-are/operating-with-integrity/transparency-in-payment/.content.xml,pdf-dm,converted,https://www.abbvie.com/content/dam/abbvie-com2/pdfs/disclosures/hungary/2022-abbvie-hungary-supporting-document.pdf,https://delivery-p157365-e1665873.adobeaemcloud.com/adobe/assets/urn:aaid:aem:87ad74c2-db4e-42f0-97ac-319d7b713180/original/as/2022-abbvie-hungary-supporting-document.pdf,not checked
/content/abbvie-nextgen-eds/corporate/abbvie-com/language-masters/en/who-we-are/operating-with-integrity/transparency-in-payment/.content.xml,pdf-dm,converted,https://www.abbvie.com/content/dam/abbvie-com2/pdfs/disclosures/hungary/2023-abbvie-hungary-efpia-report.pdf,https://delivery-p157365-e1665873.adobeaemcloud.com/adobe/assets/urn:aaid:aem:9d9eb5b6-09fc-4b25-b450-d39a01287109/original/as/2023-abbvie-hungary-efpia-report.pdf,not checked
/content/abbvie-nextgen-eds/corporate/abbvie-com/language-masters/en/who-we-are/operating-with-integrity/transparency-in-payment/.content.xml,pdf-dm,converted,https://www.abbvie.com/content/dam/abbvie-com2/pdfs/disclosures/hungary/2023-abbvie-hungary-supporting-document.pdf,https://delivery-p157365-e1665873.adobeaemcloud.com/adobe/assets/urn:aaid:aem:f97e2edb-efbc-46de-aece-ff4c6c08bbc0/original/as/2023-abbvie-hungary-supporting-document.pdf,not checked
/content/abbvie-nextgen-eds/corporate/abbvie-com/language-masters/en/who-we-are/operating-with-integrity/transparency-in-payment/.content.xml,pdf-dm,converted,https://www.abbvie.com/content/dam/abbvie-com2/pdfs/disclosures/hungary/2024-abbvie-hungary-efpia-report.pdf,https://delivery-p157365-e1665873.adobeaemcloud.com/adobe/assets/urn:aaid:aem:3ad5cd5b-f795-4c16-bbab-335aafb61901/original/as/2024-abbvie-hungary-efpia-report.pdf,not checked
/content/abbvie-nextgen-eds/corporate/abbvie-com/language-masters/en/who-we-are/operating-with-integrity/transparency-in-payment/.content.xml,pdf-dm,converted,https://www.abbvie.com/content/dam/abbvie-com2/pdfs/disclosures/hungary/2024-abbvie-hungary-supporting-document.pdf,https://delivery-p157365-e1665873.adobeaemcloud.com/adobe/assets/urn:aaid:aem:a001474f-0899-4338-b4cb-d6a3d5627573/original/as/2024-abbvie-hungary-supporting-document.pdf,not checked
/content/abbvie-nextgen-eds/corporate/abbvie-com/language-masters/en/who-we-are/operating-with-integrity/transparency-in-payment/.content.xml,pdf-dm,converted,https://www.abbvie.com/content/dam/abbvie-com2/pdfs/disclosures/italy/2022-abbvie-italy-efpia-report.pdf,https://delivery-p157365-e1665873.adobeaemcloud.com/adobe/assets/urn:aaid:aem:06b5e506-603f-407c-ab9a-9fd26148e0bb/original/as/2022-abbvie-italy-efpia-report.pdf,not checked
/content/abbvie-nextgen-eds/corporate/abbvie-com/language-masters/en/who-we-are/operating-with-integrity/transparency-in-payment/.content.xml,pdf-dm,converted,https://www.abbvie.com/content/dam/abbvie-com2/pdfs/disclosures/italy/2022-abbvie-italy-supporting-document.pdf,https://delivery-p157365-e1665873.adobeaemcloud.com/adobe/assets/urn:aaid:aem:eac2f42e-5796-4dba-99e9-1e95f1e66699/original/as/2022-abbvie-italy-supporting-document.pdf,not checked
/content/abbvie-nextgen-eds/corporate/abbvie-com/language-masters/en/who-we-are/operating-with-integrity/transparency-in-payment/.content.xml,pdf-dm,converted,https://www.abbvie.com/content/dam/abbvie-com2/pdfs/disclosures/italy/2023-abbvie-italy-efpia-report.pdf,https://delivery-p157365-e1665873.adobeaemcloud.com/adobe/assets/urn:aaid:aem:0ace1f6d-878c-4de7-9946-6023cd481e78/original/as/2023-abbvie-italy-efpia-report.pdf,not checked
/content/abbvie-nextgen-eds/corporate/abbvie-com/language-masters/en/who-we-are/operating-with-integrity/transparency-in-payment/.content.xml,pdf-dm,converted,https://www.abbvie.com/content/dam/abbvie-com2/pdfs/disclosures/italy/2023-abbvie-italy-supporting-document.pdf,https://delivery-p157365-e1665873.adobeaemcloud.com/adobe/assets/urn:aaid:aem:d0fc6874-5a31-4485-b940-27c699c2e53b/original/as/2023-abbvie-italy-supporting-document.pdf,not checked
/content/abbvie-nextgen-eds/corporate/abbvie-com/language-masters/en/who-we-are/operating-with-integrity/transparency-in-payment/.content.xml,pdf-dm,converted,https://www.abbvie.com/content/dam/abbvie-com2/pdfs/disclosures/italy/2024-abbvie-italy-efpia-report.pdf,https://delivery-p157365-e1665873.adobeaemcloud.com/adobe/assets/urn:aaid:aem:8ad4c155-1bd0-4407-8256-b3cb56124cdb/original/as/2024-abbvie-italy-efpia-report.pdf,not checked
/content/abbvie-nextgen-eds/corporate/abbvie-com/language-masters/en/who-we-are/operating-with-integrity/transparency-in-payment/.content.xml,pdf-dm,converted,https://www.abbvie.com/content/dam/abbvie-com2/pdfs/disclosures/italy/2024-abbvie-italy-supporting-document.pdf,https://delivery-p157365-e1665873.adobeaemcloud.com/adobe/assets/urn:aaid:aem:c485f635-ca12-4e20-a1ba-fda90da6d244/original/as/2024-abbvie-italy-supporting-document.pdf,not checked
/content/abbvie-nextgen-eds/corporate/abbvie-com/language-masters/en/who-we-are/operating-with-integrity/transparency-in-payment/.content.xml,pdf-dm,converted,https://www.abbvie.com/content/dam/abbvie-com2/pdfs/disclosures/latvia/2022-abbvie-latvia-supporting-document.pdf,https://delivery-p157365-e1665873.adobeaemcloud.com/adobe/assets/urn:aaid:aem:b44cf25e-7593-4dd8-abf5-5117a2bfab9e/original/as/2022-abbvie-latvia-supporting-document.pdf,not checked
/content/abbvie-nextgen-eds/corporate/abbvie-com/language-masters/en/who-we-are/operating-with-integrity/transparency-in-payment/.content.xml,pdf-dm,converted,https://www.abbvie.com/content/dam/abbvie-com2/pdfs/disclosures/latvia/2023-abbvie-latvia-supporting-document.pdf,https://delivery-p157365-e1665873.adobeaemcloud.com/adobe/assets/urn:aaid:aem:c84fa2b6-20c2-4c20-b4f1-b7ff6354244b/original/as/2023-abbvie-latvia-supporting-document.pdf,not checked
/content/abbvie-nextgen-eds/corporate/abbvie-com/language-masters/en/who-we-are/operating-with-integrity/transparency-in-payment/.content.xml,pdf-dm,converted,https://www.abbvie.com/content/dam/abbvie-com2/pdfs/disclosures/latvia/2024-abbvie-latvia-supporting-document.pdf,https://delivery-p157365-e1665873.adobeaemcloud.com/adobe/assets/urn:aaid:aem:a6889936-9d58-4617-bcf7-8ac5a7d3013f/original/as/2024-abbvie-latvia-supporting-document.pdf,not checked
/content/abbvie-nextgen-eds/corporate/abbvie-com/language-masters/en/who-we-are/operating-with-integrity/transparency-in-payment/.content.xml,pdf-dm,converted,https://www.abbvie.com/content/dam/abbvie-com2/pdfs/disclosures/lithuania/2022-abbvie-lithuania-efpia-report.pdf,https://delivery-p157365-e1665873.adobeaemcloud.com/adobe/assets/urn:aaid:aem:c4478a1e-c65d-44a1-949d-4814fb451124/original/as/2022-abbvie-lithuania-efpia-report.pdf,not checked
/content/abbvie-nextgen-eds/corporate/abbvie-com/language-masters/en/who-we-are/operating-with-integrity/transparency-in-payment/.content.xml,pdf-dm,converted,https://www.abbvie.com/content/dam/abbvie-com2/pdfs/disclosures/lithuania/2022-abbvie-lithuania-supporting-document.pdf,https://delivery-p157365-e1665873.adobeaemcloud.com/adobe/assets/urn:aaid:aem:2bf183d4-b0b1-4022-bbfa-4995f21c16e2/original/as/2022-abbvie-lithuania-supporting-document.pdf,not checked
/content/abbvie-nextgen-eds/corporate/abbvie-com/language-masters/en/who-we-are/operating-with-integrity/transparency-in-payment/.content.xml,pdf-dm,converted,https://www.abbvie.com/content/dam/abbvie-com2/pdfs/disclosures/lithuania/2023-abbvie-lithuania-efpia-report.pdf,https://delivery-p157365-e1665873.adobeaemcloud.com/adobe/assets/urn:aaid:aem:9c18c5e3-7612-40ce-ba46-0b68d3e38b58/original/as/2023-abbvie-lithuania-efpia-report.pdf,not checked
/content/abbvie-nextgen-eds/corporate/abbvie-com/language-masters/en/who-we-are/operating-with-integrity/transparency-in-payment/.content.xml,pdf-dm,converted,https://www.abbvie.com/content/dam/abbvie-com2/pdfs/disclosures/lithuania/2023-abbvie-lithuania-supporting-document.pdf,https://delivery-p157365-e1665873.adobeaemcloud.com/adobe/assets/urn:aaid:aem:3c8ac23e-34dc-49a8-9339-928879ce8d82/original/as/2023-abbvie-lithuania-supporting-document.pdf,not checked
/content/abbvie-nextgen-eds/corporate/abbvie-com/language-masters/en/who-we-are/operating-with-integrity/transparency-in-payment/.content.xml,pdf-dm,converted,https://www.abbvie.com/content/dam/abbvie-com2/pdfs/disclosures/lithuania/2024-abbvie-lithuania-efpia-report.pdf,https://delivery-p157365-e1665873.adobeaemcloud.com/adobe/assets/urn:aaid:aem:51a7b064-f558-40fa-a018-644591e2e7e9/original/as/2024-abbvie-lithuania-efpia-report.pdf,not checked
/content/abbvie-nextgen-eds/corporate/abbvie-com/language-masters/en/who-we-are/operating-with-integrity/transparency-in-payment/.content.xml,pdf-dm,converted,https://www.abbvie.com/content/dam/abbvie-com2/pdfs/disclosures/lithuania/2024-abbvie-lithuania-supporting-document.pdf,https://delivery-p157365-e1665873.adobeaemcloud.com/adobe/assets/urn:aaid:aem:1eb7f822-e4cc-4cbc-9dc9-4d728d9fe614/original/as/2024-abbvie-lithuania-supporting-document.pdf,not checked
/content/abbvie-nextgen-eds/corporate/abbvie-com/language-masters/en/who-we-are/operating-with-integrity/transparency-in-payment/.content.xml,pdf-dm,converted,https://www.abbvie.com/content/dam/abbvie-com2/pdfs/disclosures/luxembourg/2022-abbvie-luxembourg-efpia-report.pdf,https://delivery-p157365-e1665873.adobeaemcloud.com/adobe/assets/urn:aaid:aem:c4d57636-10db-412d-9095-48f9b806afe2/original/as/2022-abbvie-luxembourg-efpia-report.pdf,not checked
/content/abbvie-nextgen-eds/corporate/abbvie-com/language-masters/en/who-we-are/operating-with-integrity/transparency-in-payment/.content.xml,pdf-dm,converted,https://www.abbvie.com/content/dam/abbvie-com2/pdfs/disclosures/luxembourg/2022-abbvie-luxembourg-supporting-document.pdf,https://delivery-p157365-e1665873.adobeaemcloud.com/adobe/assets/urn:aaid:aem:59f32aa5-e558-4a4a-a758-246f09ac0568/original/as/2022-abbvie-luxembourg-supporting-document.pdf,not checked
/content/abbvie-nextgen-eds/corporate/abbvie-com/language-masters/en/who-we-are/operating-with-integrity/transparency-in-payment/.content.xml,pdf-dm,converted,https://www.abbvie.com/content/dam/abbvie-com2/pdfs/disclosures/luxembourg/2023-abbvie-luxembourg-efpia-report.pdf,https://delivery-p157365-e1665873.adobeaemcloud.com/adobe/assets/urn:aaid:aem:90843cdf-1fca-4062-b24b-24ef6d9403e2/original/as/2023-abbvie-luxembourg-efpia-report.pdf,not checked
/content/abbvie-nextgen-eds/corporate/abbvie-com/language-masters/en/who-we-are/operating-with-integrity/transparency-in-payment/.content.xml,pdf-dm,converted,https://www.abbvie.com/content/dam/abbvie-com2/pdfs/disclosures/luxembourg/2023-abbvie-luxembourg-supporting-document.pdf,https://delivery-p157365-e1665873.adobeaemcloud.com/adobe/assets/urn:aaid:aem:31339e46-fb52-407c-8bec-bdd2a8f94426/original/as/2023-abbvie-luxembourg-supporting-document.pdf,not checked
/content/abbvie-nextgen-eds/corporate/abbvie-com/language-masters/en/who-we-are/operating-with-integrity/transparency-in-payment/.content.xml,pdf-dm,converted,https://www.abbvie.com/content/dam/abbvie-com2/pdfs/disclosures/luxembourg/2024-abbvie-luxembourg-efpia-report.pdf,https://delivery-p157365-e1665873.adobeaemcloud.com/adobe/assets/urn:aaid:aem:00c4687c-b81b-44ab-93bb-a3926a84261e/original/as/2024-abbvie-luxembourg-efpia-report.pdf,not checked
/content/abbvie-nextgen-eds/corporate/abbvie-com/language-masters/en/who-we-are/operating-with-integrity/transparency-in-payment/.content.xml,pdf-dm,converted,https://www.abbvie.com/content/dam/abbvie-com2/pdfs/disclosures/luxembourg/2024-abbvie-luxembourg-supporting-document.pdf,https://delivery-p157365-e1665873.adobeaemcloud.com/adobe/assets/urn:aaid:aem:9ba3ac94-4e62-476e-808f-33d1442e4736/original/as/2024-abbvie-luxembourg-supporting-document.pdf,not checked
/content/abbvie-nextgen-eds/corporate/abbvie-com/language-masters/en/who-we-are/operating-with-integrity/transparency-in-payment/.content.xml,pdf-dm,converted,https://www.abbvie.com/content/dam/abbvie-com2/pdfs/disclosures/malta/2022-abbvie-malta-efpia-report.pdf,https://delivery-p157365-e1665873.adobeaemcloud.com/adobe/assets/urn:aaid:aem:4069db60-4553-417d-b19e-aa89f568baed/original/as/2022-abbvie-malta-efpia-report.pdf,not checked
/content/abbvie-nextgen-eds/corporate/abbvie-com/language-masters/en/who-we-are/operating-with-integrity/transparency-in-payment/.content.xml,pdf-dm,converted,https://www.abbvie.com/content/dam/abbvie-com2/pdfs/disclosures/malta/2022-abbvie-malta-supporting-document.pdf,https://delivery-p157365-e1665873.adobeaemcloud.com/adobe/assets/urn:aaid:aem:a5ae02c5-ac1e-4272-a3eb-d1a6503d905d/original/as/2022-abbvie-malta-supporting-document.pdf,not checked
/content/abbvie-nextgen-eds/corporate/abbvie-com/language-masters/en/who-we-are/operating-with-integrity/transparency-in-payment/.content.xml,pdf-dm,converted,https://www.abbvie.com/content/dam/abbvie-com2/pdfs/disclosures/malta/2023-abbvie-malta-efpia-report.pdf,https://delivery-p157365-e1665873.adobeaemcloud.com/adobe/assets/urn:aaid:aem:171a826c-4573-4835-b1a3-7e412100fc25/original/as/2023-abbvie-malta-efpia-report.pdf,not checked
/content/abbvie-nextgen-eds/corporate/abbvie-com/language-masters/en/who-we-are/operating-with-integrity/transparency-in-payment/.content.xml,pdf-dm,converted,https://www.abbvie.com/content/dam/abbvie-com2/pdfs/disclosures/malta/2023-abbvie-malta-supporting-document.pdf,https://delivery-p157365-e1665873.adobeaemcloud.com/adobe/assets/urn:aaid:aem:7b607af8-32bc-44c3-a3ee-15a66d0fc057/original/as/2023-abbvie-malta-supporting-document.pdf,not checked
/content/abbvie-nextgen-eds/corporate/abbvie-com/language-masters/en/who-we-are/operating-with-integrity/transparency-in-payment/.content.xml,pdf-dm,converted,https://www.abbvie.com/content/dam/abbvie-com2/pdfs/disclosures/malta/2024-abbvie-malta-supporting-document.pdf,https://delivery-p157365-e1665873.adobeaemcloud.com/adobe/assets/urn:aaid:aem:fc4f5ba6-295d-4a7f-bb99-67e8a5664fd4/original/as/2024-abbvie-malta-supporting-document.pdf,not checked
/content/abbvie-nextgen-eds/corporate/abbvie-com/language-masters/en/who-we-are/operating-with-integrity/transparency-in-payment/.content.xml,pdf-dm,converted,https://www.abbvie.com/content/dam/abbvie-com2/pdfs/disclosures/norway/2022-abbvie-norway-efpia-report.pdf,https://delivery-p157365-e1665873.adobeaemcloud.com/adobe/assets/urn:aaid:aem:db9ae3a3-ae0a-49d9-9d15-0ae8f26a05e6/original/as/2022-abbvie-norway-efpia-report.pdf,not checked
/content/abbvie-nextgen-eds/corporate/abbvie-com/language-masters/en/who-we-are/operating-with-integrity/transparency-in-payment/.content.xml,pdf-dm,converted,https://www.abbvie.com/content/dam/abbvie-com2/pdfs/disclosures/norway/2022-abbvie-norway-supporting-document.pdf,https://delivery-p157365-e1665873.adobeaemcloud.com/adobe/assets/urn:aaid:aem:a2150e46-b944-4674-a331-d6c5a9e984bb/original/as/2022-abbvie-norway-supporting-document.pdf,not checked
/content/abbvie-nextgen-eds/corporate/abbvie-com/language-masters/en/who-we-are/operating-with-integrity/transparency-in-payment/.content.xml,pdf-dm,converted,https://www.abbvie.com/content/dam/abbvie-com2/pdfs/disclosures/norway/2023-abbvie-norway-efpia-report.pdf,https://delivery-p157365-e1665873.adobeaemcloud.com/adobe/assets/urn:aaid:aem:659b0b4e-20c3-43e2-9c58-6c7cc7b53e27/original/as/2023-abbvie-norway-efpia-report.pdf,not checked
/content/abbvie-nextgen-eds/corporate/abbvie-com/language-masters/en/who-we-are/operating-with-integrity/transparency-in-payment/.content.xml,pdf-dm,converted,https://www.abbvie.com/content/dam/abbvie-com2/pdfs/disclosures/norway/2023-abbvie-norway-supporting-document.pdf,https://delivery-p157365-e1665873.adobeaemcloud.com/adobe/assets/urn:aaid:aem:e212a839-c93a-4cfe-97c3-7877f126b2cc/original/as/2023-abbvie-norway-supporting-document.pdf,not checked
/content/abbvie-nextgen-eds/corporate/abbvie-com/language-masters/en/who-we-are/operating-with-integrity/transparency-in-payment/.content.xml,pdf-dm,converted,https://www.abbvie.com/content/dam/abbvie-com2/pdfs/disclosures/norway/2024-abbvie-norway-efpia-report.pdf,https://delivery-p157365-e1665873.adobeaemcloud.com/adobe/assets/urn:aaid:aem:0ed06582-fe24-47f7-ae12-f400a2306ac6/original/as/2024-abbvie-norway-efpia-report.pdf,not checked
/content/abbvie-nextgen-eds/corporate/abbvie-com/language-masters/en/who-we-are/operating-with-integrity/transparency-in-payment/.content.xml,pdf-dm,converted,https://www.abbvie.com/content/dam/abbvie-com2/pdfs/disclosures/norway/2024-abbvie-norway-supporting-document.pdf,https://delivery-p157365-e1665873.adobeaemcloud.com/adobe/assets/urn:aaid:aem:d4b3b585-12c8-4dd3-8a80-9d4fabee139a/original/as/2024-abbvie-norway-supporting-document.pdf,not checked
/content/abbvie-nextgen-eds/corporate/abbvie-com/language-masters/en/who-we-are/operating-with-integrity/transparency-in-payment/.content.xml,pdf-dm,converted,https://www.abbvie.com/content/dam/abbvie-com2/pdfs/disclosures/republic-of-north-macedonia/2022-abbvie-republic-of-north-macedonia-supporting-document.pdf,https://delivery-p157365-e1665873.adobeaemcloud.com/adobe/assets/urn:aaid:aem:81b01df3-a975-4d42-85b8-2e1e66baf42d/original/as/2022-abbvie-republic-of-north-macedonia-supporting-document.pdf,not checked
/content/abbvie-nextgen-eds/corporate/abbvie-com/language-masters/en/who-we-are/operating-with-integrity/transparency-in-payment/.content.xml,pdf-dm,converted,https://www.abbvie.com/content/dam/abbvie-com2/pdfs/disclosures/republic-of-north-macedonia/2023-abbvie-republic-of-north-macedonia-supporting-document.pdf,https://delivery-p157365-e1665873.adobeaemcloud.com/adobe/assets/urn:aaid:aem:50983746-85f7-4171-91aa-2ca45acfbedb/original/as/2023-abbvie-republic-of-north-macedonia-supporting-document.pdf,not checked
/content/abbvie-nextgen-eds/corporate/abbvie-com/language-masters/en/who-we-are/operating-with-integrity/transparency-in-payment/.content.xml,pdf-dm,converted,https://www.abbvie.com/content/dam/abbvie-com2/pdfs/disclosures/republic-of-north-macedonia/2024-abbvie-republic-of-north-macedonia-supporting-document.pdf,https://delivery-p157365-e1665873.adobeaemcloud.com/adobe/assets/urn:aaid:aem:97e54d88-8ec6-4299-9f5c-04ff262e2924/original/as/2024-abbvie-republic-of-north-macedonia-supporting-document.pdf,not checked
/content/abbvie-nextgen-eds/corporate/abbvie-com/language-masters/en/who-we-are/operating-with-integrity/transparency-in-payment/.content.xml,pdf-dm,converted,https://www.abbvie.com/content/dam/abbvie-com2/pdfs/disclosures/serbia/2022-abbvie-serbia-efpia-report.pdf,https://delivery-p157365-e1665873.adobeaemcloud.com/adobe/assets/urn:aaid:aem:4170da23-5512-4ed7-8e55-e4f0ae35f34b/original/as/2022-abbvie-serbia-efpia-report.pdf,not checked
/content/abbvie-nextgen-eds/corporate/abbvie-com/language-masters/en/who-we-are/operating-with-integrity/transparency-in-payment/.content.xml,pdf-dm,converted,https://www.abbvie.com/content/dam/abbvie-com2/pdfs/disclosures/serbia/2022-abbvie-serbia-supporting-document.pdf,https://delivery-p157365-e1665873.adobeaemcloud.com/adobe/assets/urn:aaid:aem:2a32526f-f147-4ba6-b9d4-e6312d5d22dc/original/as/2022-abbvie-serbia-supporting-document.pdf,not checked
/content/abbvie-nextgen-eds/corporate/abbvie-com/language-masters/en/who-we-are/operating-with-integrity/transparency-in-payment/.content.xml,pdf-dm,converted,https://www.abbvie.com/content/dam/abbvie-com2/pdfs/disclosures/serbia/2023-abbvie-serbia-efpia-report.pdf,https://delivery-p157365-e1665873.adobeaemcloud.com/adobe/assets/urn:aaid:aem:bb666adb-10aa-4da0-8ce3-96f3d155d5f7/original/as/2023-abbvie-serbia-efpia-report.pdf,not checked
/content/abbvie-nextgen-eds/corporate/abbvie-com/language-masters/en/who-we-are/operating-with-integrity/transparency-in-payment/.content.xml,pdf-dm,converted,https://www.abbvie.com/content/dam/abbvie-com2/pdfs/disclosures/serbia/2023-abbvie-serbia-supporting-document.pdf,https://delivery-p157365-e1665873.adobeaemcloud.com/adobe/assets/urn:aaid:aem:a0f17608-cbd7-437c-a1d7-34caabb3ed94/original/as/2023-abbvie-serbia-supporting-document.pdf,not checked
/content/abbvie-nextgen-eds/corporate/abbvie-com/language-masters/en/who-we-are/operating-with-integrity/transparency-in-payment/.content.xml,pdf-dm,converted,https://www.abbvie.com/content/dam/abbvie-com2/pdfs/disclosures/serbia/2024-abbvie-serbia-efpia-report.pdf,https://delivery-p157365-e1665873.adobeaemcloud.com/adobe/assets/urn:aaid:aem:d424ed32-d144-4945-9999-1708a9960c3c/original/as/2024-abbvie-serbia-efpia-report.pdf,not checked
/content/abbvie-nextgen-eds/corporate/abbvie-com/language-masters/en/who-we-are/operating-with-integrity/transparency-in-payment/.content.xml,pdf-dm,converted,https://www.abbvie.com/content/dam/abbvie-com2/pdfs/disclosures/serbia/2024-abbvie-serbia-supporting-document.pdf,https://delivery-p157365-e1665873.adobeaemcloud.com/adobe/assets/urn:aaid:aem:f55841e6-ca06-4150-a9a5-6f9d0c027a7f/original/as/2024-abbvie-serbia-supporting-document.pdf,not checked
/content/abbvie-nextgen-eds/corporate/abbvie-com/language-masters/en/who-we-are/operating-with-integrity/transparency-in-payment/.content.xml,pdf-dm,converted,https://www.abbvie.com/content/dam/abbvie-com2/pdfs/disclosures/slovakia/2022-Abbvie-slovakia-efpia-report.pdf,https://delivery-p157365-e1665873.adobeaemcloud.com/adobe/assets/urn:aaid:aem:23d138f7-f2a6-4687-828f-3ae3b1985c1c/original/as/2022-Abbvie-slovakia-efpia-report.pdf,not checked
/content/abbvie-nextgen-eds/corporate/abbvie-com/language-masters/en/who-we-are/operating-with-integrity/transparency-in-payment/.content.xml,pdf-dm,converted,https://www.abbvie.com/content/dam/abbvie-com2/pdfs/disclosures/slovakia/2022-abbvie-slovakia-supporting-document.pdf,https://delivery-p157365-e1665873.adobeaemcloud.com/adobe/assets/urn:aaid:aem:2517350b-b2b8-4fd3-82b0-9283c26fe6df/original/as/2022-abbvie-slovakia-supporting-document.pdf,not checked
/content/abbvie-nextgen-eds/corporate/abbvie-com/language-masters/en/who-we-are/operating-with-integrity/transparency-in-payment/.content.xml,pdf-dm,converted,https://www.abbvie.com/content/dam/abbvie-com2/pdfs/disclosures/slovakia/2023-abbvie-slovakia-efpia-report.pdf,https://delivery-p157365-e1665873.adobeaemcloud.com/adobe/assets/urn:aaid:aem:10575124-87ea-403e-8d01-2c95fe6771a5/original/as/2023-abbvie-slovakia-efpia-report.pdf,not checked
/content/abbvie-nextgen-eds/corporate/abbvie-com/language-masters/en/who-we-are/operating-with-integrity/transparency-in-payment/.content.xml,pdf-dm,converted,https://www.abbvie.com/content/dam/abbvie-com2/pdfs/disclosures/slovakia/2023-abbvie-slovakia-supporting-document.pdf,https://delivery-p157365-e1665873.adobeaemcloud.com/adobe/assets/urn:aaid:aem:c8889a52-3664-45e6-97c2-eb455833d0ec/original/as/2023-abbvie-slovakia-supporting-document.pdf,not checked
/content/abbvie-nextgen-eds/corporate/abbvie-com/language-masters/en/who-we-are/operating-with-integrity/transparency-in-payment/.content.xml,pdf-dm,converted,https://www.abbvie.com/content/dam/abbvie-com2/pdfs/disclosures/slovakia/2024-abbvie-slovakia-efpia-report.pdf,https://delivery-p157365-e1665873.adobeaemcloud.com/adobe/assets/urn:aaid:aem:d5d0de13-f023-4a6c-9fbf-3b0d8fe7a72a/original/as/2024-abbvie-slovakia-efpia-report.pdf,not checked
/content/abbvie-nextgen-eds/corporate/abbvie-com/language-masters/en/who-we-are/operating-with-integrity/transparency-in-payment/.content.xml,pdf-dm,converted,https://www.abbvie.com/content/dam/abbvie-com2/pdfs/disclosures/slovakia/2024-abbvie-slovakia-supporting-document.pdf,https://delivery-p157365-e1665873.adobeaemcloud.com/adobe/assets/urn:aaid:aem:c12ecfee-db40-4315-ac10-6b5b47824ccb/original/as/2024-abbvie-slovakia-supporting-document.pdf,not checked
/content/abbvie-nextgen-eds/corporate/abbvie-com/language-masters/en/who-we-are/operating-with-integrity/transparency-in-payment/.content.xml,pdf-dm,converted,https://www.abbvie.com/content/dam/abbvie-com2/pdfs/disclosures/slovenia/2022-abbvie-slovenia-efpia-report.pdf,https://delivery-p157365-e1665873.adobeaemcloud.com/adobe/assets/urn:aaid:aem:c37c2c1d-4b10-43c2-be08-faf40639ea47/original/as/2022-abbvie-slovenia-efpia-report.pdf,not checked
/content/abbvie-nextgen-eds/corporate/abbvie-com/language-masters/en/who-we-are/operating-with-integrity/transparency-in-payment/.content.xml,pdf-dm,converted,https://www.abbvie.com/content/dam/abbvie-com2/pdfs/disclosures/slovenia/2022-abbvie-slovenia-supporting-document.pdf,https://delivery-p157365-e1665873.adobeaemcloud.com/adobe/assets/urn:aaid:aem:34aef2e3-27af-4057-8489-eb5bf5c299fd/original/as/2022-abbvie-slovenia-supporting-document.pdf,not checked
/content/abbvie-nextgen-eds/corporate/abbvie-com/language-masters/en/who-we-are/operating-with-integrity/transparency-in-payment/.content.xml,pdf-dm,converted,https://www.abbvie.com/content/dam/abbvie-com2/pdfs/disclosures/slovenia/2023-abbvie-slovenia-efpia-report.pdf,https://delivery-p157365-e1665873.adobeaemcloud.com/adobe/assets/urn:aaid:aem:79f035d5-14f0-4c3b-ae63-2408f316907e/original/as/2023-abbvie-slovenia-efpia-report.pdf,not checked
/content/abbvie-nextgen-eds/corporate/abbvie-com/language-masters/en/who-we-are/operating-with-integrity/transparency-in-payment/.content.xml,pdf-dm,converted,https://www.abbvie.com/content/dam/abbvie-com2/pdfs/disclosures/slovenia/2023-abbvie-slovenia-supporting-document.pdf,https://delivery-p157365-e1665873.adobeaemcloud.com/adobe/assets/urn:aaid:aem:ce503d16-0108-4884-bf08-5bcf4b5f34a8/original/as/2023-abbvie-slovenia-supporting-document.pdf,not checked
/content/abbvie-nextgen-eds/corporate/abbvie-com/language-masters/en/who-we-are/operating-with-integrity/transparency-in-payment/.content.xml,pdf-dm,converted,https://www.abbvie.com/content/dam/abbvie-com2/pdfs/disclosures/slovenia/2024-abbvie-slovenia-efpia-report.pdf,https://delivery-p157365-e1665873.adobeaemcloud.com/adobe/assets/urn:aaid:aem:b0f00592-3d9f-4b49-8704-ee6f5d09c42c/original/as/2024-abbvie-slovenia-efpia-report.pdf,not checked
/content/abbvie-nextgen-eds/corporate/abbvie-com/language-masters/en/who-we-are/operating-with-integrity/transparency-in-payment/.content.xml,pdf-dm,converted,https://www.abbvie.com/content/dam/abbvie-com2/pdfs/disclosures/slovenia/2024-abbvie-slovenia-supporting-document.pdf,https://delivery-p157365-e1665873.adobeaemcloud.com/adobe/assets/urn:aaid:aem:4515158f-c217-49a5-b9ae-fa7c8d1a3b8f/original/as/2024-abbvie-slovenia-supporting-document.pdf,not checked
/content/abbvie-nextgen-eds/corporate/abbvie-com/language-masters/en/who-we-are/operating-with-integrity/transparency-in-payment/.content.xml,pdf-dm,converted,https://www.abbvie.com/content/dam/abbvie-com2/pdfs/disclosures/switzerland/2022-abbvie-switzerland-efpia-report.pdf,https://delivery-p157365-e1665873.adobeaemcloud.com/adobe/assets/urn:aaid:aem:6e5f29e8-d143-46dd-95da-0706c3ca47d2/original/as/2022-abbvie-switzerland-efpia-report.pdf,not checked
/content/abbvie-nextgen-eds/corporate/abbvie-com/language-masters/en/who-we-are/operating-with-integrity/transparency-in-payment/.content.xml,pdf-dm,converted,https://www.abbvie.com/content/dam/abbvie-com2/pdfs/disclosures/switzerland/2022-abbvie-switzerland-supporting-document.pdf,https://delivery-p157365-e1665873.adobeaemcloud.com/adobe/assets/urn:aaid:aem:31e7e074-6bf3-4176-8a3b-f0d65a7c54ce/original/as/2022-abbvie-switzerland-supporting-document.pdf,not checked
/content/abbvie-nextgen-eds/corporate/abbvie-com/language-masters/en/who-we-are/operating-with-integrity/transparency-in-payment/.content.xml,pdf-dm,converted,https://www.abbvie.com/content/dam/abbvie-com2/pdfs/disclosures/switzerland/2023-abbvie-switzerland-efpia-report.pdf,https://delivery-p157365-e1665873.adobeaemcloud.com/adobe/assets/urn:aaid:aem:b25d3481-2f9e-427c-922b-306797a218b7/original/as/2023-abbvie-switzerland-efpia-report.pdf,not checked
/content/abbvie-nextgen-eds/corporate/abbvie-com/language-masters/en/who-we-are/operating-with-integrity/transparency-in-payment/.content.xml,pdf-dm,converted,https://www.abbvie.com/content/dam/abbvie-com2/pdfs/disclosures/switzerland/2023-abbvie-switzerland-supporting-document.pdf,https://delivery-p157365-e1665873.adobeaemcloud.com/adobe/assets/urn:aaid:aem:9a968608-9029-4570-b4ac-78a2b55de1cf/original/as/2023-abbvie-switzerland-supporting-document.pdf,not checked
/content/abbvie-nextgen-eds/corporate/abbvie-com/language-masters/en/who-we-are/operating-with-integrity/transparency-in-payment/.content.xml,pdf-dm,converted,https://www.abbvie.com/content/dam/abbvie-com2/pdfs/disclosures/switzerland/2024-abbvie-switzerland-efpia-report.pdf,https://delivery-p157365-e1665873.adobeaemcloud.com/adobe/assets/urn:aaid:aem:dd73228d-93d4-4b91-a9d1-bc933824235a/original/as/2024-abbvie-switzerland-efpia-report.pdf,not checked
/content/abbvie-nextgen-eds/corporate/abbvie-com/language-masters/en/who-we-are/operating-with-integrity/transparency-in-payment/.content.xml,pdf-dm,converted,https://www.abbvie.com/content/dam/abbvie-com2/pdfs/disclosures/switzerland/2024-abbvie-switzerland-supporting-document.pdf,https://delivery-p157365-e1665873.adobeaemcloud.com/adobe/assets/urn:aaid:aem:93f4531b-0d47-4d4a-b1dc-e19312c1ddb1/original/as/2024-abbvie-switzerland-supporting-document.pdf,not checked
/content/abbvie-nextgen-eds/corporate/abbvie-com/language-masters/en/who-we-are/operating-with-integrity/transparency-in-payment/.content.xml,pdf-dm,converted,https://www.abbvie.com/content/dam/abbvie-com2/pdfs/disclosures/ukraine/2023-abbvie-ukraine-efpia-report.pdf,https://delivery-p157365-e1665873.adobeaemcloud.com/adobe/assets/urn:aaid:aem:7cea0f9e-4f72-49a5-830f-863e3ca4d406/original/as/2023-abbvie-ukraine-efpia-report.pdf,not checked
/content/abbvie-nextgen-eds/corporate/abbvie-com/language-masters/en/who-we-are/operating-with-integrity/transparency-in-payment/.content.xml,pdf-dm,converted,https://www.abbvie.com/content/dam/abbvie-com2/pdfs/disclosures/ukraine/2023-abbvie-ukraine-supporting-document.pdf,https://delivery-p157365-e1665873.adobeaemcloud.com/adobe/assets/urn:aaid:aem:834d2c9d-f854-472e-a0bc-5c3472ee0c3c/original/as/2023-abbvie-ukraine-supporting-document.pdf,not checked
/content/abbvie-nextgen-eds/corporate/abbvie-com/language-masters/en/who-we-are/operating-with-integrity/transparency-in-payment/.content.xml,pdf-dm,converted,https://www.abbvie.com/content/dam/abbvie-com2/pdfs/disclosures/ukraine/2024-abbvie-ukraine-efpia-report.pdf,https://delivery-p157365-e1665873.adobeaemcloud.com/adobe/assets/urn:aaid:aem:e6beea0d-b024-410c-b1df-30791d4d21d5/original/as/2024-abbvie-ukraine-efpia-report.pdf,not checked
/content/abbvie-nextgen-eds/corporate/abbvie-com/language-masters/en/who-we-are/operating-with-integrity/transparency-in-payment/.content.xml,pdf-dm,converted,https://www.abbvie.com/content/dam/abbvie-com2/pdfs/disclosures/ukraine/2024-abbvie-ukraine-supporting-document.pdf,https://delivery-p157365-e1665873.adobeaemcloud.com/adobe/assets/urn:aaid:aem:cf1e9c15-cbda-4c07-bf64-eaf35e771004/original/as/2024-abbvie-ukraine-supporting-document.pdf,not checked
/content/abbvie-nextgen-eds/corporate/abbvie-com/language-masters/en/who-we-are/operating-with-integrity/transparency-in-payment/.content.xml,pdf-dm,converted,https://www.abbvie.com/content/dam/abbvie-com2/pdfs/disclosures/efpia-code/2023-self-certification-scheme-for-efpia.pdf,https://delivery-p157365-e1665873.adobeaemcloud.com/adobe/assets/urn:aaid:aem:dd046cc3-b174-45b0-ab82-608120b036c6/original/as/2023-self-certification-scheme-for-efpia.pdf,not checked
/content/abbvie-nextgen-eds/corporate/abbvie-com/language-masters/en/who-we-are/operating-with-integrity/transparency-in-payment/.content.xml,pdf-dm,converted,https://www.abbvie.com/content/dam/abbvie-com2/pdfs/disclosures/efpia-code/2024-self-certification-scheme-for-efpia.pdf,https://delivery-p157365-e1665873.adobeaemcloud.com/adobe/assets/urn:aaid:aem:2218fc47-c6d1-4133-89c2-61768bcf4361/original/as/2024-self-certification-scheme-for-efpia.pdf,not checked
/content/abbvie-nextgen-eds/corporate/abbvie-com/language-masters/en/who-we-are/operating-with-integrity/transparency-in-payment/.content.xml,pdf-dm,converted,https://www.abbvie.com/content/dam/abbvie-com2/pdfs/disclosures/efpia-code/2025-self-certification-scheme-for-efpia.pdf,https://delivery-p157365-e1665873.adobeaemcloud.com/adobe/assets/urn:aaid:aem:08018251-3df9-4423-b56f-1adcf23197aa/original/as/2025-self-certification-scheme-for-efpia.pdf,not checked
/content/abbvie-nextgen-eds/corporate/abbvie-com/language-masters/en/who-we-are/operating-with-integrity/transparency-in-payment/.content.xml,pdf-dm,converted,https://www.abbvie.com/content/dam/abbvie-com2/pdfs/disclosures/2022-ToV-Bosnia-Herzegovina.pdf,https://delivery-p157365-e1665873.adobeaemcloud.com/adobe/assets/urn:aaid:aem:a427bda2-61a8-444e-b337-263a3d260e4d/original/as/2022-ToV-Bosnia-Herzegovina.pdf,not checked
/content/abbvie-nextgen-eds/corporate/abbvie-com/language-masters/en/who-we-are/operating-with-integrity/transparency-in-payment/.content.xml,pdf-dm,converted,https://www.abbvie.com/content/dam/abbvie-com2/pdfs/disclosures/2022-ToV-Croatia.pdf,https://delivery-p157365-e1665873.adobeaemcloud.com/adobe/assets/urn:aaid:aem:d9adfdcd-58cd-4d4d-af72-56d1eb25700e/original/as/2022-ToV-Croatia.pdf,not checked
/content/abbvie-nextgen-eds/corporate/abbvie-com/language-masters/en/who-we-are/operating-with-integrity/transparency-in-payment/.content.xml,pdf-dm,converted,https://www.abbvie.com/content/dam/abbvie-com2/pdfs/disclosures/Patient-Organization-Support-Reporting-2023-Croatia.pdf,https://delivery-p157365-e1665873.adobeaemcloud.com/adobe/assets/urn:aaid:aem:97e5159a-02d8-4d16-affd-a4d642c0e1d9/original/as/Patient-Organization-Support-Reporting-2023-Croatia.pdf,not checked
/content/abbvie-nextgen-eds/corporate/abbvie-com/language-masters/en/who-we-are/operating-with-integrity/transparency-in-payment/.content.xml,pdf-dm,converted,https://www.abbvie.com/content/dam/abbvie-com2/pdfs/disclosures/CROATIA-Patient-Organization-Support-Reporting-2024.pdf,https://delivery-p157365-e1665873.adobeaemcloud.com/adobe/assets/urn:aaid:aem:42ab0cd7-8eb3-4dea-ac03-0681e749cd7e/original/as/CROATIA-Patient-Organization-Support-Reporting-2024.pdf,not checked
/content/abbvie-nextgen-eds/corporate/abbvie-com/language-masters/en/who-we-are/operating-with-integrity/transparency-in-payment/.content.xml,pdf-dm,converted,https://www.abbvie.com/content/dam/abbvie-com2/pdfs/disclosures/Patient-Organization-Support-Report-Estonia-2023.pdf,https://delivery-p157365-e1665873.adobeaemcloud.com/adobe/assets/urn:aaid:aem:b8e99022-113a-4a30-9566-06d0939f97cc/original/as/Patient-Organization-Support-Report-Estonia-2023.pdf,not checked
/content/abbvie-nextgen-eds/corporate/abbvie-com/language-masters/en/who-we-are/operating-with-integrity/transparency-in-payment/.content.xml,pdf-dm,converted,https://www.abbvie.com/content/dam/abbvie-com2/pdfs/disclosures/Patient-Organization-Support-Report-Estonia-2024.pdf,https://delivery-p157365-e1665873.adobeaemcloud.com/adobe/assets/urn:aaid:aem:979e09de-2668-4d75-a3d8-29dc3920c3f8/original/as/Patient-Organization-Support-Report-Estonia-2024.pdf,not checked
/content/abbvie-nextgen-eds/corporate/abbvie-com/language-masters/en/who-we-are/operating-with-integrity/transparency-in-payment/.content.xml,pdf-dm,converted,https://www.abbvie.com/content/dam/abbvie-com2/pdfs/disclosures/2022-ToV-Hungary.pdf,https://delivery-p157365-e1665873.adobeaemcloud.com/adobe/assets/urn:aaid:aem:9fd19503-0c65-403f-a9b7-583cf3441ca6/original/as/2022-ToV-Hungary.pdf,not checked
/content/abbvie-nextgen-eds/corporate/abbvie-com/language-masters/en/who-we-are/operating-with-integrity/transparency-in-payment/.content.xml,pdf-dm,converted,https://www.abbvie.com/content/dam/abbvie-com2/pdfs/disclosures/Patient-Organization-Support-Reporting-Hungary-2023.pdf,https://delivery-p157365-e1665873.adobeaemcloud.com/adobe/assets/urn:aaid:aem:490edce8-8984-4d41-ab54-8fd84ae4e84d/original/as/Patient-Organization-Support-Reporting-Hungary-2023.pdf,not checked
/content/abbvie-nextgen-eds/corporate/abbvie-com/language-masters/en/who-we-are/operating-with-integrity/transparency-in-payment/.content.xml,pdf-dm,converted,https://www.abbvie.com/content/dam/abbvie-com2/pdfs/disclosures/HUNGARY-Patient-Organization-Support-Reporting-2024.pdf,https://delivery-p157365-e1665873.adobeaemcloud.com/adobe/assets/urn:aaid:aem:b118c88e-4e48-4a3b-aded-b6379ecc25e2/original/as/HUNGARY-Patient-Organization-Support-Reporting-2024.pdf,not checked
/content/abbvie-nextgen-eds/corporate/abbvie-com/language-masters/en/who-we-are/operating-with-integrity/transparency-in-payment/.content.xml,pdf-dm,converted,https://www.abbvie.ie/content/dam/abbvie-com2/ie/documents/IPHAs-mandatory-template-for-patient-organisation-disclosure-2024.pdf,https://delivery-p157365-e1665873.adobeaemcloud.com/adobe/assets/urn:aaid:aem:8b644d33-5863-442c-aca2-58db9a8abcf4/original/as/IPHAs-mandatory-template-for-patient-organisation-disclosure-2024.pdf,not checked
/content/abbvie-nextgen-eds/corporate/abbvie-com/language-masters/en/who-we-are/operating-with-integrity/transparency-in-payment/.content.xml,pdf-dm,converted,https://www.abbvie.com/content/dam/abbvie-com2/pdfs/disclosures/ITALY-Patient-Organization-Support-Reporting-2024.pdf,https://delivery-p157365-e1665873.adobeaemcloud.com/adobe/assets/urn:aaid:aem:9be45daf-5c2f-41f1-bfa6-647b62806876/original/as/ITALY-Patient-Organization-Support-Reporting-2024.pdf,not checked
/content/abbvie-nextgen-eds/corporate/abbvie-com/language-masters/en/who-we-are/operating-with-integrity/transparency-in-payment/.content.xml,pdf-dm,converted,https://www.abbvie.com/content/dam/abbvie-com2/pdfs/disclosures/2022-ToV-Latvia.pdf,https://delivery-p157365-e1665873.adobeaemcloud.com/adobe/assets/urn:aaid:aem:a62e4f5e-55b7-4ebe-9472-21ec2bea5cd1/original/as/2022-ToV-Latvia.pdf,not checked
/content/abbvie-nextgen-eds/corporate/abbvie-com/language-masters/en/who-we-are/operating-with-integrity/transparency-in-payment/.content.xml,pdf-dm,converted,https://www.abbvie.com/content/dam/abbvie-com2/pdfs/disclosures/Patient-Organization-Support-Report-Latvia-2023.pdf,https://delivery-p157365-e1665873.adobeaemcloud.com/adobe/assets/urn:aaid:aem:53ea0565-61df-4f9f-8e33-940fecfe97f7/original/as/Patient-Organization-Support-Report-Latvia-2023.pdf,not checked
/content/abbvie-nextgen-eds/corporate/abbvie-com/language-masters/en/who-we-are/operating-with-integrity/transparency-in-payment/.content.xml,pdf-dm,converted,https://www.abbvie.com/content/dam/abbvie-com2/pdfs/disclosures/LATVIA-Patient-Organization-Support-Reporting-2024.pdf,https://delivery-p157365-e1665873.adobeaemcloud.com/adobe/assets/urn:aaid:aem:7c8c7b9f-c07f-4274-964a-830ac4e125c4/original/as/LATVIA-Patient-Organization-Support-Reporting-2024.pdf,not checked
/content/abbvie-nextgen-eds/corporate/abbvie-com/language-masters/en/who-we-are/operating-with-integrity/transparency-in-payment/.content.xml,pdf-dm,converted,https://www.abbvie.com/content/dam/abbvie-com2/pdfs/disclosures/2022-ToV-Lithuania.pdf,https://delivery-p157365-e1665873.adobeaemcloud.com/adobe/assets/urn:aaid:aem:d32f0f59-a81f-4f66-bb0f-45f38772fd22/original/as/2022-ToV-Lithuania.pdf,not checked
/content/abbvie-nextgen-eds/corporate/abbvie-com/language-masters/en/who-we-are/operating-with-integrity/transparency-in-payment/.content.xml,pdf-dm,converted,https://www.abbvie.com/content/dam/abbvie-com2/pdfs/disclosures/Patient-Organization-Support-Report-Lithuania-2023.pdf,https://delivery-p157365-e1665873.adobeaemcloud.com/adobe/assets/urn:aaid:aem:001cc04d-2153-43b7-8198-615e4816e1bb/original/as/Patient-Organization-Support-Report-Lithuania-2023.pdf,not checked
/content/abbvie-nextgen-eds/corporate/abbvie-com/language-masters/en/who-we-are/operating-with-integrity/transparency-in-payment/.content.xml,pdf-dm,converted,https://www.abbvie.com/content/dam/abbvie-com2/pdfs/disclosures/LITHUANIA-Patient-Organization-Support-Reporting-2024.pdf,https://delivery-p157365-e1665873.adobeaemcloud.com/adobe/assets/urn:aaid:aem:67a8628a-7ef0-4f08-b1a7-a52e1ef0d571/original/as/LITHUANIA-Patient-Organization-Support-Reporting-2024.pdf,not checked
/content/abbvie-nextgen-eds/corporate/abbvie-com/language-masters/en/who-we-are/operating-with-integrity/transparency-in-payment/.content.xml,pdf-dm,converted,https://www.abbvie.com/content/dam/abbvie-com2/pdfs/disclosures/Patient-Organization-Support-Reporting-2022-Slovenia.pdf,https://delivery-p157365-e1665873.adobeaemcloud.com/adobe/assets/urn:aaid:aem:e0ca1b91-3dfb-4163-930c-ad58e92244bf/original/as/Patient-Organization-Support-Reporting-2022-Slovenia.pdf,not checked
/content/abbvie-nextgen-eds/corporate/abbvie-com/language-masters/en/who-we-are/operating-with-integrity/transparency-in-payment/.content.xml,pdf-dm,converted,https://www.abbvie.com/content/dam/abbvie-com2/pdfs/disclosures/Patient-Organization-Support-Reporting-2023-Slovenia.pdf,https://delivery-p157365-e1665873.adobeaemcloud.com/adobe/assets/urn:aaid:aem:108461f2-3ba9-42fe-ba5e-88f8d4452373/original/as/Patient-Organization-Support-Reporting-2023-Slovenia.pdf,not checked
/content/abbvie-nextgen-eds/corporate/abbvie-com/language-masters/en/who-we-are/operating-with-integrity/transparency-in-payment/.content.xml,pdf-dm,converted,https://www.abbvie.com/content/dam/abbvie-com2/pdfs/disclosures/SLOVENIA-Patient-Organization-Support-Reporting-2024.pdf,https://delivery-p157365-e1665873.adobeaemcloud.com/adobe/assets/urn:aaid:aem:a144ce3f-26aa-4762-8d8e-4228497f0655/original/as/SLOVENIA-Patient-Organization-Support-Reporting-2024.pdf,not checked
/content/abbvie-nextgen-eds/corporate/abbvie-com/language-masters/en/who-we-are/operating-with-integrity/transparency-in-payment/.content.xml,pdf-dm,converted,https://www.abbvie.com/content/dam/abbvie-com2/pdfs/disclosures/2024-Methodological-Note-for-PO-ToV-Disclosure.pdf,https://delivery-p157365-e1665873.adobeaemcloud.com/adobe/assets/urn:aaid:aem:5f81cc57-8105-4105-9335-64f1d249dc4b/original/as/2024-Methodological-Note-for-PO-ToV-Disclosure.pdf,not checked
/content/abbvie-nextgen-eds/corporate/abbvie-com/language-masters/en/who-we-are/operating-with-integrity/transparency-in-payment/.content.xml,pdf-dm,converted,https://www.abbvie.com/content/dam/abbvie-com2/pdfs/disclosures/Professional_sponsored_events_for_Aug-Dec_2013.pdf,https://delivery-p157365-e1665873.adobeaemcloud.com/adobe/assets/urn:aaid:aem:728ae17a-c531-4910-a9a4-e93499f651fd/original/as/Professional_sponsored_events_for_Aug-Dec_2013.pdf,not checked
/content/abbvie-nextgen-eds/corporate/abbvie-com/language-masters/en/who-we-are/operating-with-integrity/transparency-in-payment/.content.xml,pdf-dm,converted,https://www.abbvie.com/content/dam/abbvie-com2/pdfs/disclosures/Sponsored-Professional-Conferences-2014.pdf,https://delivery-p157365-e1665873.adobeaemcloud.com/adobe/assets/urn:aaid:aem:07c6b69c-dc49-4db6-92bf-27723cb18a49/original/as/Sponsored-Professional-Conferences-2014.pdf,not checked
/content/abbvie-nextgen-eds/corporate/abbvie-com/language-masters/en/who-we-are/operating-with-integrity/transparency-in-payment/.content.xml,pdf-dm,converted,https://www.abbvie.com/content/dam/abbvie-com2/pdfs/disclosures/Professional-conferences-sponsored-2015.pdf,https://delivery-p157365-e1665873.adobeaemcloud.com/adobe/assets/urn:aaid:aem:2a2fd9f0-62fc-4e70-a251-b2957cc6839a/original/as/Professional-conferences-sponsored-2015.pdf,not checked
/content/abbvie-nextgen-eds/corporate/abbvie-com/language-masters/en/who-we-are/operating-with-integrity/transparency-in-payment/.content.xml,pdf-dm,converted,https://www.abbvie.com/content/dam/abbvie-com2/pdfs/disclosures/Professional-conferences-sponsored-2016.pdf,https://delivery-p157365-e1665873.adobeaemcloud.com/adobe/assets/urn:aaid:aem:a4a41a3d-bda3-44c6-b0f1-e25eb2c3a8f2/original/as/Professional-conferences-sponsored-2016.pdf,not checked
/content/abbvie-nextgen-eds/corporate/abbvie-com/language-masters/en/who-we-are/operating-with-integrity/transparency-in-payment/.content.xml,pdf-dm,converted,https://www.abbvie.com/content/dam/abbvie-com2/pdfs/disclosures/Professional-conferences-sponsored-2017.pdf,https://delivery-p157365-e1665873.adobeaemcloud.com/adobe/assets/urn:aaid:aem:29c34370-54cf-4c61-b020-c88a6a32b0de/original/as/Professional-conferences-sponsored-2017.pdf,not checked
/content/abbvie-nextgen-eds/corporate/abbvie-com/language-masters/en/who-we-are/operating-with-integrity/transparency-in-payment/.content.xml,pdf-dm,converted,https://www.abbvie.com/content/dam/abbvie-com2/pdfs/disclosures/Sponsored-Professional-Conferences-2018.pdf,https://delivery-p157365-e1665873.adobeaemcloud.com/adobe/assets/urn:aaid:aem:50c0fb0b-2e47-4c1f-91c6-714848f77c83/original/as/Sponsored-Professional-Conferences-2018.pdf,not checked
/content/abbvie-nextgen-eds/corporate/abbvie-com/language-masters/en/who-we-are/operating-with-integrity/transparency-in-payment/.content.xml,pdf-dm,converted,https://www.abbvie.com/content/dam/abbvie-com2/pdfs/disclosures/Sponsored-Professional-Conferences-2019.pdf,https://delivery-p157365-e1665873.adobeaemcloud.com/adobe/assets/urn:aaid:aem:f96dbc79-0882-466d-b954-6eadb8e10642/original/as/Sponsored-Professional-Conferences-2019.pdf,not checked
/content/abbvie-nextgen-eds/corporate/abbvie-com/language-masters/en/who-we-are/operating-with-integrity/transparency-in-payment/.content.xml,pdf-dm,converted,https://www.abbvie.com/content/dam/abbvie-com2/pdfs/disclosures/Sponsored-Professional-Conferences-2020.pdf,https://delivery-p157365-e1665873.adobeaemcloud.com/adobe/assets/urn:aaid:aem:3b7f4c08-3390-412c-a5d0-9f1b94525923/original/as/Sponsored-Professional-Conferences-2020.pdf,not checked
/content/abbvie-nextgen-eds/corporate/abbvie-com/language-masters/en/who-we-are/operating-with-integrity/transparency-in-payment/.content.xml,abbvie-abs,changed,https://www.abbvie.com/who-we-are/operating-with-integrity/transparency-in-payment/frequently-asked-questions-physician-and-other-payments.html,/content/abbvie-nextgen-eds/corporate/abbvie-com/language-masters/en/who-we-are/operating-with-integrity/transparency-in-payment/frequently-asked-questions-physician-and-other-payments,not checked
/content/abbvie-nextgen-eds/corporate/abbvie-com/language-masters/en/who-we-are/operating-with-integrity/transparency-in-payment/.content.xml,abbvie-abs,changed,https://www.abbvie.com/content/dam/abbvie-com2/pdfs/disclosures/estonia/2025-abbvie-estonia-supporting-document.pdf,/content/dam/corporate/abbvie-com2/pdfs/disclosures/estonia/2025-abbvie-estonia-supporting-document.pdf,not checked
/content/abbvie-nextgen-eds/corporate/abbvie-com/language-masters/en/who-we-are/operating-with-integrity/transparency-in-payment/.content.xml,abbvie-abs,changed,https://www.abbvie.com/content/dam/abbvie-com2/pdfs/disclosures/finland/2025-abbvie-finland-supporting-document.pdf,/content/dam/corporate/abbvie-com2/pdfs/disclosures/finland/2025-abbvie-finland-supporting-document.pdf,not checked
/content/abbvie-nextgen-eds/corporate/abbvie-com/language-masters/en/who-we-are/operating-with-integrity/transparency-in-payment/.content.xml,abbvie-abs,changed,https://www.abbvie.com/content/dam/abbvie-com2/pdfs/disclosures/2025-patient-organization-support-report-estonia.pdf,/content/dam/corporate/abbvie-com2/pdfs/disclosures/2025-patient-organization-support-report-estonia.pdf,not checked
/content/abbvie-nextgen-eds/corporate/abbvie-com/language-masters/en/who-we-are/operating-with-integrity/transparency-in-payment/.content.xml,short-path,changed,/who-we-are/operating-with-integrity/transparency-in-payment/allergan-ous-disclosures.html,/content/abbvie-nextgen-eds/corporate/abbvie-com/language-masters/en/who-we-are/operating-with-integrity/transparency-in-payment/allergan-ous-disclosures,not checked
/content/abbvie-nextgen-eds/corporate/abbvie-com/language-masters/en/who-we-are/operating-with-integrity/transparency-in-payment/allergan-ous-disclosures/.content.xml,abbvie-abs,changed,https://www.abbvie.com/content/dam/abbvie-dotcom/uploads/PDFs/Patient-Organization-Report-Allergan-2022.pdf,/content/dam/abbvie-dotcom/uploads/PDFs/Patient-Organization-Report-Allergan-2022.pdf,not checked
/content/abbvie-nextgen-eds/corporate/abbvie-com/language-masters/en/sustainability/.content.xml,abbvie-abs,changed,https://www.abbvie.com/sustainability/abbvie-foundation.html,/content/abbvie-nextgen-eds/corporate/abbvie-com/language-masters/en/sustainability/abbvie-foundation,not checked
/content/abbvie-nextgen-eds/corporate/abbvie-com/language-masters/en/sustainability/.content.xml,abbvie-abs,changed,https://www.abbvie.com/sustainability/disaster-relief.html,/content/abbvie-nextgen-eds/corporate/abbvie-com/language-masters/en/sustainability/disaster-relief,not checked
/content/abbvie-nextgen-eds/corporate/abbvie-com/language-masters/en/sustainability/.content.xml,abbvie-abs,changed,https://www.abbvie.com/sustainability/environmental-social-and-governance.html,/content/abbvie-nextgen-eds/corporate/abbvie-com/language-masters/en/sustainability/environmental-social-and-governance,not checked
/content/abbvie-nextgen-eds/corporate/abbvie-com/language-masters/en/sustainability/abbvie-foundation/.content.xml,abbvie-abs,changed,https://www.abbvie.com/contact-center/locations/united-states.html,/content/abbvie-nextgen-eds/corporate/abbvie-com/language-masters/en/contact-center/locations/united-states,not checked
/content/abbvie-nextgen-eds/corporate/abbvie-com/language-masters/en/sustainability/abbvie-foundation/.content.xml,short-path,changed,/who-we-are/our-stories/new-microsite-clinic-brings-healthcare-to-chicago-southwest-side,/content/abbvie-nextgen-eds/corporate/abbvie-com/language-masters/en/who-we-are/our-stories/new-microsite-clinic-brings-healthcare-to-chicago-southwest-side,not checked
/content/abbvie-nextgen-eds/corporate/abbvie-com/language-masters/en/sustainability/abbvie-foundation/.content.xml,short-path,changed,/sustainability/abbvie-foundation/addressing-systemic-barriers.html,/content/abbvie-nextgen-eds/corporate/abbvie-com/language-masters/en/sustainability/abbvie-foundation/addressing-systemic-barriers,not checked
/content/abbvie-nextgen-eds/corporate/abbvie-com/language-masters/en/sustainability/abbvie-foundation/.content.xml,short-path,changed,/who-we-are/our-stories/new-microsite-clinic-brings-healthcare-to-chicago-southwest-side.html,/content/abbvie-nextgen-eds/corporate/abbvie-com/language-masters/en/who-we-are/our-stories/new-microsite-clinic-brings-healthcare-to-chicago-southwest-side,not checked
/content/abbvie-nextgen-eds/corporate/abbvie-com/language-masters/en/sustainability/abbvie-foundation/.content.xml,short-path,changed,/sustainability/abbvie-foundation/innovative-impact.html,/content/abbvie-nextgen-eds/corporate/abbvie-com/language-masters/en/sustainability/abbvie-foundation/innovative-impact,not checked
/content/abbvie-nextgen-eds/corporate/abbvie-com/language-masters/en/sustainability/abbvie-foundation/.content.xml,short-path,changed,/who-we-are/our-stories/abbvie-volunteers-return-to-serving,/content/abbvie-nextgen-eds/corporate/abbvie-com/language-masters/en/who-we-are/our-stories/abbvie-volunteers-return-to-serving,not checked
/content/abbvie-nextgen-eds/corporate/abbvie-com/language-masters/en/sustainability/abbvie-foundation/.content.xml,short-path,changed,/join-us/life-at-abbvie/employee-resource-groups.html,/content/abbvie-nextgen-eds/corporate/abbvie-com/language-masters/en/join-us/life-at-abbvie/employee-resource-groups,not checked
/content/abbvie-nextgen-eds/corporate/abbvie-com/language-masters/en/sustainability/abbvie-foundation/.content.xml,short-path,changed,/sustainability/disaster-relief.html,/content/abbvie-nextgen-eds/corporate/abbvie-com/language-masters/en/sustainability/disaster-relief,not checked
/content/abbvie-nextgen-eds/corporate/abbvie-com/language-masters/en/sustainability/abbvie-foundation/innovative-impact/.content.xml,abbvie-abs,changed,https://www.abbvie.com/content/dam/abbvie-com2/images/csr/woman-sitting-hands.jpg,/content/dam/corporate/abbvie-com2/images/csr/woman-sitting-hands.jpg,not checked
/content/abbvie-nextgen-eds/corporate/abbvie-com/language-masters/en/sustainability/disaster-relief/.content.xml,short-path,changed,/who-we-are/our-stories/abbvies-2024-working-parents-finding-purpose-in-adversity,/content/abbvie-nextgen-eds/corporate/abbvie-com/language-masters/en/who-we-are/our-stories/abbvies-2024-working-parents-finding-purpose-in-adversity,not checked
/content/abbvie-nextgen-eds/corporate/abbvie-com/language-masters/en/sustainability/disaster-relief/.content.xml,short-path,changed,/who-we-are/our-principles,/content/abbvie-nextgen-eds/corporate/abbvie-com/language-masters/en/who-we-are/our-principles,not checked
/content/abbvie-nextgen-eds/corporate/abbvie-com/language-masters/en/sustainability/environmental-social-and-governance/.content.xml,pdf-dm,converted,/content/dam/abbvie-com2/pdfs/2025-esg-disclosure-supplement.pdf,https://delivery-p157365-e1665873.adobeaemcloud.com/adobe/assets/urn:aaid:aem:3ab859bf-55fa-4bb7-81ba-bdf5c0b376f5/original/as/2025-esg-disclosure-supplement.pdf,not checked
/content/abbvie-nextgen-eds/corporate/abbvie-com/language-masters/en/sustainability/environmental-social-and-governance/.content.xml,abbvie-abs,changed,https://www.abbvie.com/content/dam/abbvie-com2/images/csr/sitting-in-hammock-by-lake-hero.jpg,/content/dam/corporate/abbvie-com2/images/csr/sitting-in-hammock-by-lake-hero.jpg,not checked
/content/abbvie-nextgen-eds/corporate/abbvie-com/language-masters/en/sustainability/environmental-social-and-governance/.content.xml,scene7,changed,https://abbvie.scene7.com/is/image/abbviecorp/2025-esg-action-report,https://delivery-p157365-e1665873.adobeaemcloud.com/adobe/assets/urn:aaid:aem:e8ac1044-d998-4836-a065-5e7d3a981f3b/as/2025-esg-action-report.jpg,not checked
/content/abbvie-nextgen-eds/corporate/abbvie-com/language-masters/en/sustainability/environmental-social-and-governance/.content.xml,scene7,changed,https://abbvie.scene7.com/is/image/abbviecorp/rd-female-working-on-computer,https://delivery-p157365-e1665873.adobeaemcloud.com/adobe/assets/urn:aaid:aem:f25890ca-dc2c-4443-9865-ff58e28c12ef/as/rd-female-working-on-computer.jpg,not checked
/content/abbvie-nextgen-eds/corporate/abbvie-com/language-masters/en/sustainability/environmental-social-and-governance/.content.xml,dam-path,changed,/content/dam/abbvie-com2/pdfs/abbvie-esg-action-report.pdf,/content/dam/corporate/abbvie-com2/pdfs/abbvie-esg-action-report.pdf,not checked
/content/abbvie-nextgen-eds/corporate/abbvie-com/language-masters/en/sustainability/environmental-social-and-governance/environmental-sustainability/.content.xml,pdf-dm,converted,/content/dam/abbvie-com2/pdfs/2025-climate-related-financial-risk-report.pdf,https://delivery-p157365-e1665873.adobeaemcloud.com/adobe/assets/urn:aaid:aem:544855bb-082f-417b-a24e-15056fe3e40c/original/as/2025-climate-related-financial-risk-report.pdf,not checked
/content/abbvie-nextgen-eds/corporate/abbvie-com/language-masters/en/sustainability/environmental-social-and-governance/environmental-sustainability/.content.xml,pdf-dm,converted,https://www.abbvie.com/content/dam/abbvie-com2/pdfs/about/environment-and-safety-performance-report.pdf,https://delivery-p157365-e1665873.adobeaemcloud.com/adobe/assets/urn:aaid:aem:62c20f0b-237a-4641-a580-f93edcc20670/original/as/environment-and-safety-performance-report.pdf,not checked
/content/abbvie-nextgen-eds/corporate/abbvie-com/language-masters/en/sustainability/environmental-social-and-governance/environmental-sustainability/.content.xml,pdf-dm,converted,https://www.abbvie.com/content/dam/abbvie-com2/pdfs/about/our-environmental-procurement-guidelines.pdf,https://delivery-p157365-e1665873.adobeaemcloud.com/adobe/assets/urn:aaid:aem:705be4d7-5424-4aac-a77c-211283fcb369/original/as/our-environmental-procurement-guidelines.pdf,not checked
/content/abbvie-nextgen-eds/corporate/abbvie-com/language-masters/en/sustainability/environmental-social-and-governance/environmental-sustainability/.content.xml,dam-path,changed,/content/dam/abbvie-com2/pdfs/abbvie-esg-action-report.pdf,/content/dam/corporate/abbvie-com2/pdfs/abbvie-esg-action-report.pdf,not checked
/content/abbvie-nextgen-eds/corporate/abbvie-com/language-masters/en/sustainability/environmental-social-and-governance/environmental-sustainability/.content.xml,short-path,changed,/who-we-are/operating-with-integrity/responsible-supply-chain.html,/content/abbvie-nextgen-eds/corporate/abbvie-com/language-masters/en/who-we-are/operating-with-integrity/responsible-supply-chain,not checked
/content/abbvie-nextgen-eds/corporate/abbvie-com/language-masters/en/sustainability/environmental-social-and-governance/human-capital-management/.content.xml,pdf-dm,converted,/content/dam/abbvie-com2/pdfs/about/abbvie-EEO-report.pdf,https://delivery-p157365-e1665873.adobeaemcloud.com/adobe/assets/urn:aaid:aem:82eb482b-b695-4467-b3ce-2b5ba5845197/original/as/abbvie-EEO-report.pdf,not checked
/content/abbvie-nextgen-eds/corporate/abbvie-com/language-masters/en/sustainability/environmental-social-and-governance/resources/.content.xml,pdf-dm,converted,https://www.abbvie.com/content/dam/abbvie-com2/pdfs/2025-climate-related-financial-risk-report.pdf,https://delivery-p157365-e1665873.adobeaemcloud.com/adobe/assets/urn:aaid:aem:544855bb-082f-417b-a24e-15056fe3e40c/original/as/2025-climate-related-financial-risk-report.pdf,not checked
/content/abbvie-nextgen-eds/corporate/abbvie-com/language-masters/en/sustainability/environmental-social-and-governance/resources/.content.xml,pdf-dm,converted,/content/dam/abbvie-com2/pdfs/sustainability/2022-cdp-climate-change.pdf,https://delivery-p157365-e1665873.adobeaemcloud.com/adobe/assets/urn:aaid:aem:8df507cc-5617-480e-a68b-377116b94555/original/as/2022-cdp-climate-change.pdf,not checked
/content/abbvie-nextgen-eds/corporate/abbvie-com/language-masters/en/sustainability/environmental-social-and-governance/resources/.content.xml,pdf-dm,converted,/content/dam/abbvie-com2/pdfs/sustainability/2022-cdp-water.pdf,https://delivery-p157365-e1665873.adobeaemcloud.com/adobe/assets/urn:aaid:aem:5e509ce4-1c01-46cd-a530-d2601a6ff87a/original/as/2022-cdp-water.pdf,not checked
/content/abbvie-nextgen-eds/corporate/abbvie-com/language-masters/en/sustainability/environmental-social-and-governance/resources/.content.xml,pdf-dm,converted,/content/dam/abbvie-com2/pdfs/sustainability/2023-cdp-climate-change.pdf,https://delivery-p157365-e1665873.adobeaemcloud.com/adobe/assets/urn:aaid:aem:7b63c164-dd11-4a65-b2ec-d77a978222d7/original/as/2023-cdp-climate-change.pdf,not checked
/content/abbvie-nextgen-eds/corporate/abbvie-com/language-masters/en/sustainability/environmental-social-and-governance/resources/.content.xml,pdf-dm,converted,/content/dam/abbvie-com2/pdfs/sustainability/2023-cdp-water.pdf,https://delivery-p157365-e1665873.adobeaemcloud.com/adobe/assets/urn:aaid:aem:6ac7eb8b-181f-46d5-9b51-be13a83ec2aa/original/as/2023-cdp-water.pdf,not checked
/content/abbvie-nextgen-eds/corporate/abbvie-com/language-masters/en/sustainability/environmental-social-and-governance/resources/.content.xml,pdf-dm,converted,/content/dam/abbvie-com2/pdfs/sustainability/2024-cdp.pdf,https://delivery-p157365-e1665873.adobeaemcloud.com/adobe/assets/urn:aaid:aem:2c7976f7-6d65-492a-87a4-22f57b73a5a2/original/as/2024-cdp.pdf,not checked
/content/abbvie-nextgen-eds/corporate/abbvie-com/language-masters/en/sustainability/environmental-social-and-governance/resources/.content.xml,pdf-dm,converted,/content/dam/abbvie-com2/pdfs/2024-abbvie-esg-action-report.pdf,https://delivery-p157365-e1665873.adobeaemcloud.com/adobe/assets/urn:aaid:aem:229317f3-03ee-4d25-ab85-4aebc9eb815a/original/as/2024-abbvie-esg-action-report.pdf,not checked
/content/abbvie-nextgen-eds/corporate/abbvie-com/language-masters/en/sustainability/environmental-social-and-governance/resources/.content.xml,pdf-dm,converted,/content/dam/abbvie-com2/pdfs/2023-abbvie-esg-action-report.pdf,https://delivery-p157365-e1665873.adobeaemcloud.com/adobe/assets/urn:aaid:aem:a10bbf28-c0ad-47db-ab8c-d6b79d106147/original/as/2023-abbvie-esg-action-report.pdf,not checked
/content/abbvie-nextgen-eds/corporate/abbvie-com/language-masters/en/sustainability/environmental-social-and-governance/resources/.content.xml,pdf-dm,converted,/content/dam/abbvie-com2/pdfs/2022-abbvie-esg-action-report.pdf,https://delivery-p157365-e1665873.adobeaemcloud.com/adobe/assets/urn:aaid:aem:d4876d82-5f6b-4ad0-a1ff-f48d8e31d74d/original/as/2022-abbvie-esg-action-report.pdf,not checked
/content/abbvie-nextgen-eds/corporate/abbvie-com/language-masters/en/sustainability/environmental-social-and-governance/resources/.content.xml,pdf-dm,converted,/content/dam/abbvie-com2/pdfs/2021-abbvie-esg-action-report.pdf,https://delivery-p157365-e1665873.adobeaemcloud.com/adobe/assets/urn:aaid:aem:8ac4ad74-f986-446e-91a9-8bfe02d58c30/original/as/2021-abbvie-esg-action-report.pdf,not checked
/content/abbvie-nextgen-eds/corporate/abbvie-com/language-masters/en/sustainability/environmental-social-and-governance/resources/.content.xml,pdf-dm,converted,/content/dam/abbvie-com2/pdfs/2020-abbvie-esg-action-report.pdf,https://delivery-p157365-e1665873.adobeaemcloud.com/adobe/assets/urn:aaid:aem:20faf029-87ce-4284-aed7-9d9efac01c80/original/as/2020-abbvie-esg-action-report.pdf,not checked
/content/abbvie-nextgen-eds/corporate/abbvie-com/language-masters/en/sustainability/environmental-social-and-governance/resources/.content.xml,dam-path,changed,/content/dam/abbvie-com2/pdfs/abbvie-esg-action-report.pdf,/content/dam/corporate/abbvie-com2/pdfs/abbvie-esg-action-report.pdf,not checked
/content/abbvie-nextgen-eds/corporate/abbvie-com/language-masters/en/terms-of-use/.content.xml,abbvie-abs,changed,https://www.abbvie.com/privacy.html,/content/abbvie-nextgen-eds/corporate/abbvie-com/language-masters/en/privacy,not checked
/content/abbvie-nextgen-eds/corporate/abbvie-com/language-masters/en/terms-of-use/.content.xml,abbvie-abs,changed,https://www.abbvie.com/privacy.html,/content/abbvie-nextgen-eds/corporate/abbvie-com/language-masters/en/privacy,not checked
/content/abbvie-nextgen-eds/corporate/abbvie-com/language-masters/en/terms-of-use/.content.xml,abbvie-abs,changed,https://www.abbvie.com/privacy.html,/content/abbvie-nextgen-eds/corporate/abbvie-com/language-masters/en/privacy,not checked
/content/abbvie-nextgen-eds/corporate/abbvie-com/language-masters/en/terms-of-use/.content.xml,abbvie-abs,changed,https://www.abbvie.com/privacy.html,/content/abbvie-nextgen-eds/corporate/abbvie-com/language-masters/en/privacy,not checked
/content/abbvie-nextgen-eds/corporate/abbvie-com/language-masters/en/terms-of-use/.content.xml,abbvie-abs,changed,https://www.abbvie.com/privacy.html,/content/abbvie-nextgen-eds/corporate/abbvie-com/language-masters/en/privacy,not checked
/content/abbvie-nextgen-eds/corporate/abbvie-com/language-masters/en/terms-of-use/.content.xml,abbvie-abs,changed,https://www.abbvie.com/privacy.html,/content/abbvie-nextgen-eds/corporate/abbvie-com/language-masters/en/privacy,not checked
/content/abbvie-nextgen-eds/corporate/abbvie-com/language-masters/en/accessibility-statement/.content.xml,abbvie-abs,changed,https://www.abbvie.com/contactus.html,/content/abbvie-nextgen-eds/corporate/abbvie-com/language-masters/en/contactus,not checked
/content/abbvie-nextgen-eds/corporate/abbvie-com/language-masters/en/accessibility-statement/declaracion-de-accessibilidad/.content.xml,abbvie-abs,changed,https://www.abbvie.com/contactus.html,/content/abbvie-nextgen-eds/corporate/abbvie-com/language-masters/en/contactus,not checked
/content/abbvie-nextgen-eds/corporate/abbvie-com/language-masters/en/join-us/life-at-abbvie/benefits/.content.xml,abbvie-abs,changed,https://www.abbvie.com/join-us/life-at-abbvie/well-being-in-the-workplace.html,/content/abbvie-nextgen-eds/corporate/abbvie-com/language-masters/en/join-us/life-at-abbvie/well-being-in-the-workplace,not checked
/content/abbvie-nextgen-eds/corporate/abbvie-com/language-masters/en/join-us/life-at-abbvie/benefits/.content.xml,abbvie-abs,changed,https://www.abbvie.com/join-us/life-at-abbvie/learning-and-development.html,/content/abbvie-nextgen-eds/corporate/abbvie-com/language-masters/en/join-us/life-at-abbvie/learning-and-development,not checked
/content/abbvie-nextgen-eds/corporate/abbvie-com/language-masters/en/join-us/life-at-abbvie/well-being-in-the-workplace/.content.xml,short-path,changed,/sustainability/abbvie-foundation.html,/content/abbvie-nextgen-eds/corporate/abbvie-com/language-masters/en/sustainability/abbvie-foundation,not checked
/content/abbvie-nextgen-eds/corporate/abbvie-com/language-masters/en/join-us/opportunities/research-and-development/.content.xml,short-path,changed,/corporate/abbvie-com/language-masters/en/science/areas-of-focus/neuroscience,/content/abbvie-nextgen-eds/corporate/abbvie-com/language-masters/en/science/areas-of-focus/neuroscience,not checked
/content/abbvie-nextgen-eds/corporate/abbvie-com/language-masters/en/join-us/why-abbvie/.content.xml,scene7,changed,https://abbvie.scene7.com/is/image/abbviecorp/man-with-arms-wide-hero,https://delivery-p157365-e1665873.adobeaemcloud.com/adobe/assets/urn:aaid:aem:21a8316d-5928-414f-be70-b04435946b0f/as/man-with-arms-wide-hero.jpg,not checked
/content/abbvie-nextgen-eds/corporate/abbvie-com/language-masters/en/join-us/why-abbvie/.content.xml,scene7,changed,https://abbvie.scene7.com/is/image/abbviecorp/maha-noujeime-headshot,https://delivery-p157365-e1665873.adobeaemcloud.com/adobe/assets/urn:aaid:aem:faedff91-1cfc-4356-8dc8-9ab7c79b3e22/as/maha-noujeime-headshot.jpg,not checked
/content/abbvie-nextgen-eds/corporate/abbvie-com/language-masters/en/join-us/why-abbvie/.content.xml,scene7,changed,https://abbvie.scene7.com/is/image/abbviecorp/older-man-scientist,https://delivery-p157365-e1665873.adobeaemcloud.com/adobe/assets/urn:aaid:aem:c7f45525-f213-491a-9b4b-b164e1c423a7/as/older-man-scientist.jpg,not checked
/content/abbvie-nextgen-eds/corporate/abbvie-com/language-masters/en/join-us/why-abbvie/.content.xml,scene7,changed,https://abbvie.scene7.com/is/image/abbviecorp/group-women-around-table-hero,https://delivery-p157365-e1665873.adobeaemcloud.com/adobe/assets/urn:aaid:aem:0d943cc8-e482-4e9a-b265-68c9dcaa16e1/as/group-women-around-table-hero.jpg,not checked
/content/abbvie-nextgen-eds/corporate/abbvie-com/language-masters/en/join-us/why-abbvie/.content.xml,scene7,changed,https://abbvie.scene7.com/is/image/abbviecorp/woman-scientist-lab,https://delivery-p157365-e1665873.adobeaemcloud.com/adobe/assets/urn:aaid:aem:c78e4df0-e976-4d0a-b7b7-aa425d2b5ce3/as/woman-scientist-lab.jpg,not checked
/content/abbvie-nextgen-eds/corporate/abbvie-com/language-masters/en/join-us/why-abbvie/.content.xml,scene7,changed,https://abbvie.scene7.com/is/image/abbviecorp/man-woman-walking-down-hall,https://delivery-p157365-e1665873.adobeaemcloud.com/adobe/assets/urn:aaid:aem:48cb1979-e288-42f3-a72f-b7aec8a2406d/as/man-woman-walking-down-hall.jpg,not checked
/content/abbvie-nextgen-eds/corporate/abbvie-com/language-masters/en/join-us/why-abbvie/.content.xml,scene7,changed,https://abbvie.scene7.com/is/image/abbviecorp/two-women-walking-upstairs,https://delivery-p157365-e1665873.adobeaemcloud.com/adobe/assets/urn:aaid:aem:f986ca37-c50e-4c77-984c-0a47c0994f10/as/two-women-walking-upstairs.jpg,not checked
/content/abbvie-nextgen-eds/corporate/abbvie-com/language-masters/en/join-us/why-abbvie/.content.xml,short-path,changed,/join-us/life-at-abbvie.html,/content/abbvie-nextgen-eds/corporate/abbvie-com/language-masters/en/join-us/life-at-abbvie,not checked
/content/abbvie-nextgen-eds/corporate/abbvie-com/language-masters/en/join-us/why-abbvie/.content.xml,short-path,changed,/who-we-are/our-principles/equity-equality-inclusion-diversity.html,/content/abbvie-nextgen-eds/corporate/abbvie-com/language-masters/en/who-we-are/our-principles/equity-equality-inclusion-diversity,not checked
/content/abbvie-nextgen-eds/corporate/abbvie-com/language-masters/en/join-us/why-abbvie/.content.xml,short-path,changed,/join-us/life-at-abbvie/learning-and-development.html,/content/abbvie-nextgen-eds/corporate/abbvie-com/language-masters/en/join-us/life-at-abbvie/learning-and-development,not checked
/content/abbvie-nextgen-eds/corporate/abbvie-com/language-masters/en/join-us/equal-employment-opportunity-employer/.content.xml,pdf-dm,converted,https://www.abbvie.com/content/dam/abbvie-com2/pdfs/joinus/eeo/FEDAPP-english.pdf,https://delivery-p157365-e1665873.adobeaemcloud.com/adobe/assets/urn:aaid:aem:14256323-1e4f-47ae-a390-993f2bf73b3c/original/as/FEDAPP-english.pdf,not checked
/content/abbvie-nextgen-eds/corporate/abbvie-com/language-masters/en/join-us/equal-employment-opportunity-employer/.content.xml,pdf-dm,converted,https://www.abbvie.com/content/dam/abbvie-com2/pdfs/joinus/eeo/FEDAPP-spanish.pdf,https://delivery-p157365-e1665873.adobeaemcloud.com/adobe/assets/urn:aaid:aem:74073e37-7a21-4c82-9d8f-aec11f539b9c/original/as/FEDAPP-spanish.pdf,not checked
/content/abbvie-nextgen-eds/corporate/abbvie-com/language-masters/en/join-us/student-and-new-graduates/.content.xml,abbvie-abs,changed,https://abbvie.com/,/content/abbvie-nextgen-eds/corporate/abbvie-com/language-masters/en/,not checked
/content/abbvie-nextgen-eds/corporate/abbvie-com/language-masters/en/join-us/student-and-new-graduates/.content.xml,abbvie-abs,changed,https://www.abbvie.com/join-us/life-at-abbvie.html,/content/abbvie-nextgen-eds/corporate/abbvie-com/language-masters/en/join-us/life-at-abbvie,not checked
/content/abbvie-nextgen-eds/corporate/abbvie-com/language-masters/en/join-us/student-and-new-graduates/.content.xml,scene7,changed,https://abbvie.scene7.com/is/image/abbviecorp/abbvie-students,https://delivery-p157365-e1665873.adobeaemcloud.com/adobe/assets/urn:aaid:aem:da62c3f1-60cb-4a9f-a449-444d61ef1ab2/as/abbvie-students.jpg,not checked
/content/abbvie-nextgen-eds/corporate/abbvie-com/language-masters/en/join-us/student-and-new-graduates/.content.xml,scene7,changed,https://abbvie.scene7.com/is/image/abbviecorp/abbvie-new-graduates-and-entry-level-positions-hero,https://delivery-p157365-e1665873.adobeaemcloud.com/adobe/assets/urn:aaid:aem:f760ad5e-4d15-40fd-8136-8c2014eed650/as/abbvie-new-graduates-and-entry-level-positions-hero.jpg,not checked
/content/abbvie-nextgen-eds/corporate/abbvie-com/language-masters/en/join-us/student-and-new-graduates/.content.xml,scene7,changed,https://abbvie.scene7.com/is/image/abbviecorp/2025-nid-top-100-list-1,https://delivery-p157365-e1665873.adobeaemcloud.com/adobe/assets/urn:aaid:aem:9403e71f-2416-4e40-a94d-8f22d71c8e4c/as/2025-nid-top-100-list.jpg,not checked
/content/abbvie-nextgen-eds/corporate/abbvie-com/language-masters/en/join-us/student-and-new-graduates/.content.xml,scene7,changed,https://abbvie.scene7.com/is/image/abbviecorp/abbvie-students-and-new-graduates-come-meet-us,https://delivery-p157365-e1665873.adobeaemcloud.com/adobe/assets/urn:aaid:aem:1d41ccfc-5206-41b8-98e7-6dc730bcddf6/as/abbvie-students-and-new-graduates-come-meet-us.jpg,not checked
/content/abbvie-nextgen-eds/corporate/abbvie-com/language-masters/en/join-us/student-and-new-graduates/.content.xml,scene7,changed,https://abbvie.scene7.com/is/image/abbviecorp/male-in-lab-science-hero,https://delivery-p157365-e1665873.adobeaemcloud.com/adobe/assets/urn:aaid:aem:f1466dd9-b02b-46a2-85ff-d16b3870265c/as/male-in-lab-science-hero.jpg,not checked
/content/abbvie-nextgen-eds/corporate/abbvie-com/language-masters/en/join-us/student-and-new-graduates/.content.xml,short-path,changed,/join-us/student-programs.html,/content/abbvie-nextgen-eds/corporate/abbvie-com/language-masters/en/join-us/student-programs,not checked
/content/abbvie-nextgen-eds/corporate/abbvie-com/language-masters/en/join-us/student-and-new-graduates/.content.xml,short-path,changed,/join-us/student-and-new-graduates/new-graduates-and-entry-level-positions.html,/content/abbvie-nextgen-eds/corporate/abbvie-com/language-masters/en/join-us/student-and-new-graduates/new-graduates-and-entry-level-positions,not checked
/content/abbvie-nextgen-eds/corporate/abbvie-com/language-masters/en/join-us/student-and-new-graduates/.content.xml,short-path,changed,/join-us/why-abbvie.html,/content/abbvie-nextgen-eds/corporate/abbvie-com/language-masters/en/join-us/why-abbvie,not checked
/content/abbvie-nextgen-eds/corporate/abbvie-com/language-masters/en/join-us/student-and-new-graduates/.content.xml,short-path,changed,/join-us/opportunities.html,/content/abbvie-nextgen-eds/corporate/abbvie-com/language-masters/en/join-us/opportunities,not checked
/content/abbvie-nextgen-eds/corporate/abbvie-com/language-masters/en/join-us/student-and-new-graduates/new-graduates-and-entry-level-positions/.content.xml,abbvie-abs,changed,https://www.abbvie.com/join-us/postdoctoral-program.html,/content/abbvie-nextgen-eds/corporate/abbvie-com/language-masters/en/join-us/postdoctoral-program,not checked
/content/abbvie-nextgen-eds/corporate/abbvie-com/language-masters/en/join-us/bay-area-opportunities/.content.xml,scene7,changed,https://abbvie.scene7.com/is/image/abbviecorp/bay-area-exterior-hero,https://delivery-p157365-e1665873.adobeaemcloud.com/adobe/assets/urn:aaid:aem:5ab1d2f0-a50d-4cdd-86e3-212953253b40/as/bay-area-exterior-hero.jpg,not checked
/content/abbvie-nextgen-eds/corporate/abbvie-com/language-masters/en/join-us/bay-area-opportunities/.content.xml,scene7,changed,https://abbvie.scene7.com/is/image/abbviecorp/gallery-image-1,https://delivery-p157365-e1665873.adobeaemcloud.com/adobe/assets/urn:aaid:aem:cdc70720-930f-4455-a5f4-0a4a7af3b8db/as/gallery-image-1.jpg,not checked
/content/abbvie-nextgen-eds/corporate/abbvie-com/language-masters/en/join-us/bay-area-opportunities/.content.xml,scene7,changed,https://abbvie.scene7.com/is/image/abbviecorp/gallery-image-6,https://delivery-p157365-e1665873.adobeaemcloud.com/adobe/assets/urn:aaid:aem:3f82abdd-1eba-434a-a713-d11501121aca/as/gallery-image-6.jpg,not checked
/content/abbvie-nextgen-eds/corporate/abbvie-com/language-masters/en/join-us/bay-area-opportunities/.content.xml,scene7,changed,https://abbvie.scene7.com/is/image/abbviecorp/gallery-image-5,https://delivery-p157365-e1665873.adobeaemcloud.com/adobe/assets/urn:aaid:aem:a0aa36d5-6a99-4e34-a62a-4b8a93af4747/as/gallery-image-5.jpg,not checked
/content/abbvie-nextgen-eds/corporate/abbvie-com/language-masters/en/join-us/bay-area-opportunities/.content.xml,scene7,changed,https://abbvie.scene7.com/is/image/abbviecorp/gallery-image-2,https://delivery-p157365-e1665873.adobeaemcloud.com/adobe/assets/urn:aaid:aem:ca02a5c2-acbb-415b-8966-f671a8dba141/as/gallery-image-2.jpg,not checked
/content/abbvie-nextgen-eds/corporate/abbvie-com/language-masters/en/join-us/bay-area-opportunities/.content.xml,scene7,changed,https://abbvie.scene7.com/is/image/abbviecorp/gallery-image-3,https://delivery-p157365-e1665873.adobeaemcloud.com/adobe/assets/urn:aaid:aem:99bb271e-304d-4f23-9606-af3dc7661319/as/gallery-image-3.jpg,not checked
/content/abbvie-nextgen-eds/corporate/abbvie-com/language-masters/en/join-us/bay-area-opportunities/.content.xml,scene7,changed,https://abbvie.scene7.com/is/image/abbviecorp/gallery-image-4,https://delivery-p157365-e1665873.adobeaemcloud.com/adobe/assets/urn:aaid:aem:a561a5d7-27ac-4412-bfe8-fa275667046a/as/gallery-image-4.jpg,not checked
/content/abbvie-nextgen-eds/corporate/abbvie-com/language-masters/en/join-us/bay-area-opportunities/.content.xml,scene7,changed,https://abbvie.scene7.com/is/image/abbviecorp/gallery-image-7,https://delivery-p157365-e1665873.adobeaemcloud.com/adobe/assets/urn:aaid:aem:53c45255-d35b-45e1-899e-3b110342fa7f/as/gallery-image-7.jpg,not checked
/content/abbvie-nextgen-eds/corporate/abbvie-com/language-masters/en/join-us/bay-area-opportunities/.content.xml,scene7,changed,https://abbvie.scene7.com/is/image/abbviecorp/two-men-scientist-whiteboard-feature,https://delivery-p157365-e1665873.adobeaemcloud.com/adobe/assets/urn:aaid:aem:8c32be80-2ff7-4d01-a514-ba000a94cd55/as/two-men-scientist-whiteboard-feature.jpg,not checked
/content/abbvie-nextgen-eds/corporate/abbvie-com/language-masters/en/join-us/bay-area-opportunities/.content.xml,scene7,changed,https://abbvie.scene7.com/is/image/abbviecorp/two-women-scientist-talking-hero,https://delivery-p157365-e1665873.adobeaemcloud.com/adobe/assets/urn:aaid:aem:20902a61-01f9-4b7f-b01d-f57ba06bf2e7/as/two-women-scientist-talking-hero.jpg,not checked
/content/abbvie-nextgen-eds/corporate/abbvie-com/language-masters/en/join-us/bay-area-opportunities/.content.xml,scene7,changed,https://abbvie.scene7.com/is/image/abbviecorp/man-with-gloves-main,https://delivery-p157365-e1665873.adobeaemcloud.com/adobe/assets/urn:aaid:aem:2c7ee66e-2726-42f5-b154-7069c4b14a5e/as/man-with-gloves-main.jpg,not checked
/content/abbvie-nextgen-eds/corporate/abbvie-com/language-masters/en/join-us/bay-area-opportunities/.content.xml,short-path,changed,/who-we-are/our-stories/ready-set-launch-abbvie-opens-new-facility-in-the-bay-area,/content/abbvie-nextgen-eds/corporate/abbvie-com/language-masters/en/who-we-are/our-stories/ready-set-launch-abbvie-opens-new-facility-in-the-bay-area,not checked
/content/abbvie-nextgen-eds/corporate/abbvie-com/language-masters/en/join-us/postdoctoral-program/.content.xml,scene7,changed,https://abbvie.scene7.com/is/image/abbviecorp/man-woman-in-lab-hero,https://delivery-p157365-e1665873.adobeaemcloud.com/adobe/assets/urn:aaid:aem:adb0f459-e94d-453f-9855-54988f358c75/as/man-woman-in-lab-hero.jpg,not checked
/content/abbvie-nextgen-eds/corporate/abbvie-com/language-masters/en/join-us/postdoctoral-program/.content.xml,scene7,changed,https://abbvie.scene7.com/is/image/abbviecorp/scientist-hands-tube-feature-small,https://delivery-p157365-e1665873.adobeaemcloud.com/adobe/assets/urn:aaid:aem:3bf60132-984b-490b-b288-eb0524699e5a/as/scientist-hands-tube-feature-small.jpg,not checked
/content/abbvie-nextgen-eds/corporate/abbvie-com/language-masters/en/join-us/postdoctoral-program/.content.xml,scene7,changed,https://abbvie.scene7.com/is/image/abbviecorp/woman-scientist-looking-down-hero,https://delivery-p157365-e1665873.adobeaemcloud.com/adobe/assets/urn:aaid:aem:3fef13a0-0683-4696-b7b9-80bd1c52fc0d/as/woman-scientist-looking-down-hero.jpg,not checked
/content/abbvie-nextgen-eds/corporate/abbvie-com/language-masters/en/join-us/postdoctoral-program/.content.xml,scene7,changed,https://abbvie.scene7.com/is/image/abbviecorp/young-group-women-smiling-feature-small,https://delivery-p157365-e1665873.adobeaemcloud.com/adobe/assets/urn:aaid:aem:6f2b71ef-4b54-4c79-8b9a-e3e9ade59190/as/young-group-women-smiling-feature-small.jpg,not checked
/content/abbvie-nextgen-eds/corporate/abbvie-com/language-masters/en/join-us/postdoctoral-program/.content.xml,scene7,changed,https://abbvie.scene7.com/is/image/abbviecorp/shuhong-zhang-headshot-quote,https://delivery-p157365-e1665873.adobeaemcloud.com/adobe/assets/urn:aaid:aem:0f46ce73-6755-4561-af75-0d0bc3ab6baa/as/shuhong-zhang-headshot-quote.jpg,not checked
/content/abbvie-nextgen-eds/corporate/abbvie-com/language-masters/en/join-us/postdoctoral-program/.content.xml,short-path,changed,/science/publications.html,/content/abbvie-nextgen-eds/corporate/abbvie-com/language-masters/en/science/publications,not checked
/content/abbvie-nextgen-eds/corporate/abbvie-com/language-masters/en/join-us/internships/.content.xml,abbvie-abs,changed,https://abbvie.com/,/content/abbvie-nextgen-eds/corporate/abbvie-com/language-masters/en/,not checked
/content/abbvie-nextgen-eds/corporate/abbvie-com/language-masters/en/join-us/internships/.content.xml,abbvie-abs,changed,https://www.abbvie.com/join-us/life-at-abbvie.html,/content/abbvie-nextgen-eds/corporate/abbvie-com/language-masters/en/join-us/life-at-abbvie,not checked
/content/abbvie-nextgen-eds/corporate/abbvie-com/language-masters/en/join-us/internships/.content.xml,scene7,changed,https://abbvie.scene7.com/is/image/abbviecorp/abbvie-internships-hero,https://delivery-p157365-e1665873.adobeaemcloud.com/adobe/assets/urn:aaid:aem:259222a1-c44c-4363-a6d1-53c093d8c65b/as/abbvie-internships-hero.jpg,not checked
/content/abbvie-nextgen-eds/corporate/abbvie-com/language-masters/en/join-us/internships/.content.xml,scene7,changed,https://abbvie.scene7.com/is/image/abbviecorp/abbvie-students-internships-v2,https://delivery-p157365-e1665873.adobeaemcloud.com/adobe/assets/urn:aaid:aem:30f6ad9a-9987-4806-aa96-5f41affbf1e7/as/abbvie-students-internships-v2.jpg,not checked
/content/abbvie-nextgen-eds/corporate/abbvie-com/language-masters/en/join-us/student-programs/.content.xml,short-path,changed,/join-us/internships.html,/content/abbvie-nextgen-eds/corporate/abbvie-com/language-masters/en/join-us/internships,not checked
/content/abbvie-nextgen-eds/corporate/abbvie-com/language-masters/en/join-us/welcome-to-abbvie/.content.xml,pdf-dm,converted,https://www.abbvie.com/content/dam/abbvie-com2/pdfs/joinus/acceptable-documents.pdf,https://delivery-p157365-e1665873.adobeaemcloud.com/adobe/assets/urn:aaid:aem:235eed55-b405-4b0b-b623-36993d66f9d5/original/as/acceptable-documents.pdf,not checked
/content/abbvie-nextgen-eds/corporate/abbvie-com/language-masters/en/join-us/welcome-to-abbvie/.content.xml,pdf-dm,converted,/content/dam/abbvie-com2/pdfs/joinus/acceptable-documents.pdf,https://delivery-p157365-e1665873.adobeaemcloud.com/adobe/assets/urn:aaid:aem:235eed55-b405-4b0b-b623-36993d66f9d5/original/as/acceptable-documents.pdf,not checked
/content/abbvie-nextgen-eds/corporate/abbvie-com/language-masters/en/join-us/welcome-to-abbvie/.content.xml,pdf-dm,converted,https://www.abbvie.com/content/dam/abbvie-com2/pdfs/joinus/2026-abv-total-rewards-resources-guide-jan-publish.pdf,https://delivery-p157365-e1665873.adobeaemcloud.com/adobe/assets/urn:aaid:aem:0b92502a-f815-4850-9e8b-50b9072b4a52/original/as/2026-abv-total-rewards-resources-guide-jan-publish.pdf,not checked
/content/abbvie-nextgen-eds/corporate/abbvie-com/language-masters/en/join-us/welcome-to-abbvie/.content.xml,pdf-dm,converted,https://www.abbvie.com/content/dam/abbvie-com2/pdfs/joinus/abbvie-new-hire-checklist.pdf,https://delivery-p157365-e1665873.adobeaemcloud.com/adobe/assets/urn:aaid:aem:7cf52e0a-1207-4014-ab40-11532631fef7/original/as/abbvie-new-hire-checklist.pdf,not checked
/content/abbvie-nextgen-eds/corporate/abbvie-com/language-masters/en/join-us/welcome-to-abbvie/.content.xml,pdf-dm,converted,https://www.abbvie.com/content/dam/abbvie-com2/pdfs/joinus/time-of-hire-pamphlet.pdf,https://delivery-p157365-e1665873.adobeaemcloud.com/adobe/assets/urn:aaid:aem:4611d4f2-d616-4b4b-a794-26832c495ee2/original/as/time-of-hire-pamphlet.pdf,not checked
/content/abbvie-nextgen-eds/corporate/abbvie-com/language-masters/en/join-us/welcome-to-abbvie/.content.xml,pdf-dm,converted,https://www.abbvie.com/content/dam/abbvie-com2/pdfs/joinus/dfeh_sexualharassment_pamphlet.pdf,https://delivery-p157365-e1665873.adobeaemcloud.com/adobe/assets/urn:aaid:aem:89ca8ed0-7e1d-4cbf-9a85-cd3b18b935d0/original/as/dfeh_sexualharassment_pamphlet.pdf,not checked
/content/abbvie-nextgen-eds/corporate/abbvie-com/language-masters/en/join-us/welcome-to-abbvie/.content.xml,pdf-dm,converted,https://www.abbvie.com/content/dam/abbvie-com2/pdfs/joinus/work-related-injury-information-california.pdf,https://delivery-p157365-e1665873.adobeaemcloud.com/adobe/assets/urn:aaid:aem:b9fe64b2-62db-40ae-9cea-753ab9f01582/original/as/work-related-injury-information-california.pdf,not checked
/content/abbvie-nextgen-eds/corporate/abbvie-com/language-masters/en/join-us/welcome-to-abbvie/.content.xml,pdf-dm,converted,https://www.abbvie.com/content/dam/abbvie-com2/pdfs/joinus/californias-program-for-the-unemployed.pdf,https://delivery-p157365-e1665873.adobeaemcloud.com/adobe/assets/urn:aaid:aem:3eaaefaa-3285-481f-a52d-e6e2039075b8/original/as/californias-program-for-the-unemployed.pdf,not checked
/content/abbvie-nextgen-eds/corporate/abbvie-com/language-masters/en/join-us/welcome-to-abbvie/.content.xml,pdf-dm,converted,https://www.abbvie.com/content/dam/abbvie-com2/pdfs/joinus/know-your-rights-notice-english.pdf,https://delivery-p157365-e1665873.adobeaemcloud.com/adobe/assets/urn:aaid:aem:933cca76-a2f9-4c77-a2f3-fb1ab44c3a59/original/as/know-your-rights-notice-english.pdf,not checked
/content/abbvie-nextgen-eds/corporate/abbvie-com/language-masters/en/join-us/welcome-to-abbvie/.content.xml,pdf-dm,converted,https://www.abbvie.com/content/dam/abbvie-com2/pdfs/joinus/nj-state-disability-insurance-provisions.pdf,https://delivery-p157365-e1665873.adobeaemcloud.com/adobe/assets/urn:aaid:aem:cf1b5462-c859-4f7d-b011-079b4c760909/original/as/nj-state-disability-insurance-provisions.pdf,not checked
/content/abbvie-nextgen-eds/corporate/abbvie-com/language-masters/en/join-us/welcome-to-abbvie/.content.xml,pdf-dm,converted,https://www.abbvie.com/content/dam/abbvie-com2/pdfs/joinus/nj-paid-family-leave.pdf,https://delivery-p157365-e1665873.adobeaemcloud.com/adobe/assets/urn:aaid:aem:e9a70ab7-b8c0-46ca-9b02-2b47ed7c5783/original/as/nj-paid-family-leave.pdf,not checked
/content/abbvie-nextgen-eds/corporate/abbvie-com/language-masters/en/join-us/welcome-to-abbvie/.content.xml,pdf-dm,converted,https://www.abbvie.com/content/dam/abbvie-com2/pdfs/joinus/nj-conscientious-employee-protection-act-cepa.pdf,https://delivery-p157365-e1665873.adobeaemcloud.com/adobe/assets/urn:aaid:aem:369c9f8d-391b-4eab-8dff-97cc0a7c073f/original/as/nj-conscientious-employee-protection-act-cepa.pdf,not checked
/content/abbvie-nextgen-eds/corporate/abbvie-com/language-masters/en/join-us/welcome-to-abbvie/.content.xml,pdf-dm,converted,https://www.abbvie.com/content/dam/abbvie-com2/pdfs/joinus/nj-reporting-and-recordkeeping.pdf,https://delivery-p157365-e1665873.adobeaemcloud.com/adobe/assets/urn:aaid:aem:d9d090d5-a56e-4a32-86ed-c5b24babff6f/original/as/nj-reporting-and-recordkeeping.pdf,not checked
/content/abbvie-nextgen-eds/corporate/abbvie-com/language-masters/en/join-us/welcome-to-abbvie/.content.xml,pdf-dm,converted,https://www.abbvie.com/content/dam/abbvie-com2/pdfs/joinus/nj-gender-equity-protections.pdf,https://delivery-p157365-e1665873.adobeaemcloud.com/adobe/assets/urn:aaid:aem:ece76df7-54ee-41eb-ad8e-95017524f167/original/as/nj-gender-equity-protections.pdf,not checked
/content/abbvie-nextgen-eds/corporate/abbvie-com/language-masters/en/join-us/welcome-to-abbvie/.content.xml,pdf-dm,converted,https://www.abbvie.com/content/dam/abbvie-com2/pdfs/joinus/nyc-stop-sexual-harassment-factsheet.pdf,https://delivery-p157365-e1665873.adobeaemcloud.com/adobe/assets/urn:aaid:aem:584a703e-de75-4c10-9468-1443e7dd1129/original/as/nyc-stop-sexual-harassment-factsheet.pdf,not checked
/content/abbvie-nextgen-eds/corporate/abbvie-com/language-masters/en/join-us/welcome-to-abbvie/.content.xml,pdf-dm,converted,https://www.abbvie.com/content/dam/abbvie-com2/pdfs/joinus/neo-welcome-pages.pdf,https://delivery-p157365-e1665873.adobeaemcloud.com/adobe/assets/urn:aaid:aem:d5dc99a1-a5b4-4908-a25e-10de2a99d4c0/original/as/neo-welcome-pages.pdf,not checked
/content/abbvie-nextgen-eds/corporate/abbvie-com/us/en/terms-of-use/.content.xml,abbvie-abs,changed,https://www.abbvie.com/privacy.html,/content/abbvie-nextgen-eds/corporate/abbvie-com/us/en/privacy,not checked
/content/abbvie-nextgen-eds/corporate/abbvie-com/us/en/terms-of-use/.content.xml,abbvie-abs,changed,https://www.abbvie.com/privacy.html,/content/abbvie-nextgen-eds/corporate/abbvie-com/us/en/privacy,not checked
/content/abbvie-nextgen-eds/corporate/abbvie-com/us/en/terms-of-use/.content.xml,abbvie-abs,changed,https://www.abbvie.com/privacy.html,/content/abbvie-nextgen-eds/corporate/abbvie-com/us/en/privacy,not checked
/content/abbvie-nextgen-eds/corporate/abbvie-com/us/en/terms-of-use/.content.xml,abbvie-abs,changed,https://www.abbvie.com/privacy.html,/content/abbvie-nextgen-eds/corporate/abbvie-com/us/en/privacy,not checked
/content/abbvie-nextgen-eds/corporate/abbvie-com/us/en/terms-of-use/.content.xml,abbvie-abs,changed,https://www.abbvie.com/privacy.html,/content/abbvie-nextgen-eds/corporate/abbvie-com/us/en/privacy,not checked
/content/abbvie-nextgen-eds/corporate/abbvie-com/us/en/terms-of-use/.content.xml,abbvie-abs,changed,https://www.abbvie.com/privacy.html,/content/abbvie-nextgen-eds/corporate/abbvie-com/us/en/privacy,not checked
/content/abbvie-nextgen-eds/corporate/abbvie-com/us/en/contact-center/.content.xml,pdf-dm,converted,https://www.abbvie.com/content/dam/abbvie-com2/pdfs/cobc/cobc_English.pdf,https://delivery-p157365-e1665873.adobeaemcloud.com/adobe/assets/urn:aaid:aem:5af598af-d07e-4e8b-b4c1-29bc1eaf4c8c/original/as/cobc_English.pdf,not checked
/content/abbvie-nextgen-eds/corporate/abbvie-com/us/en/contact-center/.content.xml,abbvie-abs,changed,https://www.abbvie.com/content/dam/abbvie-com2/images/cc/women-working-in-lab-contact-center.jpg,/content/dam/corporate/abbvie-com2/images/cc/women-working-in-lab-contact-center.jpg,not checked
/content/abbvie-nextgen-eds/corporate/abbvie-com/us/en/contact-center/.content.xml,short-path,changed,/patients/patient-support.html,/content/abbvie-nextgen-eds/corporate/abbvie-com/us/en/patients/patient-support,not checked
/content/abbvie-nextgen-eds/corporate/abbvie-com/us/en/contact-center/.content.xml,short-path,changed,/patients/patient-support/patient-assistance/savings-card.html,/content/abbvie-nextgen-eds/corporate/abbvie-com/us/en/patients/patient-support/patient-assistance/savings-card,not checked
/content/abbvie-nextgen-eds/corporate/abbvie-com/us/en/contact-center/.content.xml,short-path,changed,/patients/patient-support/patient-assistance.html,/content/abbvie-nextgen-eds/corporate/abbvie-com/us/en/patients/patient-support/patient-assistance,not checked
/content/abbvie-nextgen-eds/corporate/abbvie-com/us/en/patients/patient-support/.content.xml,pdf-dm,converted,/content/dam/corporate/abbvie-com2/pdfs/pap/understanding-medicare.pdf,https://delivery-p157365-e1665873.adobeaemcloud.com/adobe/assets/urn:aaid:aem:b301d9ea-107c-4fda-a67e-fb2fb172509f/original/as/understanding-medicare.pdf,not checked
/content/abbvie-nextgen-eds/corporate/abbvie-com/us/en/patients/patient-support/.content.xml,pdf-dm,converted,/content/dam/corporate/abbvie-com2/pdfs/prior-authorization-fact-sheet.pdf,https://delivery-p157365-e1665873.adobeaemcloud.com/adobe/assets/urn:aaid:aem:be97fbfa-e607-40da-b008-2a488b3bfd5d/original/as/prior-authorization-fact-sheet.pdf,not checked
/content/abbvie-nextgen-eds/corporate/abbvie-com/us/en/patients/patient-support/patient-assistance/.content.xml,pdf-dm,converted,https://www.abbvie.com/content/dam/abbvie-com2/pdfs/pap/understanding-medicare.pdf,https://delivery-p157365-e1665873.adobeaemcloud.com/adobe/assets/urn:aaid:aem:b301d9ea-107c-4fda-a67e-fb2fb172509f/original/as/understanding-medicare.pdf,not checked
/content/abbvie-nextgen-eds/corporate/abbvie-com/us/en/patients/patient-support/patient-assistance/.content.xml,pdf-dm,converted,/content/dam/corporate/abbvie-com2/pdfs/pap/understanding-medicare.pdf,https://delivery-p157365-e1665873.adobeaemcloud.com/adobe/assets/urn:aaid:aem:b301d9ea-107c-4fda-a67e-fb2fb172509f/original/as/understanding-medicare.pdf,not checked
/content/abbvie-nextgen-eds/corporate/abbvie-com/us/en/patients/patient-support/patient-assistance/.content.xml,abbvie-abs,changed,https://www.abbvie.com/patients/patient-support/patient-assistance/income-criteria.html,/content/abbvie-nextgen-eds/corporate/abbvie-com/us/en/patients/patient-support/patient-assistance/income-criteria,not checked
/content/abbvie-nextgen-eds/corporate/abbvie-com/us/en/patients/patient-support/patient-assistance/.content.xml,abbvie-abs,changed,https://www.abbvie.com/patients/patient-support/patient-assistance/savings-card.html,/content/abbvie-nextgen-eds/corporate/abbvie-com/us/en/patients/patient-support/patient-assistance/savings-card,not checked
/content/abbvie-nextgen-eds/corporate/abbvie-com/us/en/patients/patient-support/patient-assistance/.content.xml,short-path,changed,/PAS/s,/content/abbvie-nextgen-eds/corporate/abbvie-com/us/en/PAS/s,not checked
/content/abbvie-nextgen-eds/corporate/abbvie-com/us/en/patients/patient-support/patient-assistance/online-application-overview/.content.xml,pdf-dm,converted,https://www.abbvie.com/content/dam/abbvie-com2/pdfs/pap/patient-assistance-application-expense-form.pdf,https://delivery-p157365-e1665873.adobeaemcloud.com/adobe/assets/urn:aaid:aem:2af949ac-ed84-4be8-bb96-76c314ad0c72/original/as/patient-assistance-application-expense-form.pdf,not checked
/content/abbvie-nextgen-eds/corporate/abbvie-com/us/en/patients/patient-support/patient-assistance/online-application-overview/.content.xml,pdf-dm,converted,https://www.abbvie.com/content/dam/abbvie-com2/pdfs/pap/gastro-health-application.pdf,https://delivery-p157365-e1665873.adobeaemcloud.com/adobe/assets/urn:aaid:aem:fff0c0e1-5d1b-4d78-b3d8-c0b3cf0f52f8/original/as/gastro-health-application.pdf,not checked
/content/abbvie-nextgen-eds/corporate/abbvie-com/us/en/patients/patient-support/patient-assistance/online-application-overview/.content.xml,pdf-dm,converted,https://www.abbvie.com/content/dam/abbvie-com2/pdfs/pap/emrelis-application.pdf,https://delivery-p157365-e1665873.adobeaemcloud.com/adobe/assets/urn:aaid:aem:2d19c92f-53e4-48f4-ab5f-2df9d4c59e43/original/as/emrelis-application.pdf,not checked
/content/abbvie-nextgen-eds/corporate/abbvie-com/us/en/patients/patient-support/patient-assistance/online-application-overview/.content.xml,pdf-dm,converted,https://www.abbvie.com/content/dam/abbvie-com2/pdfs/pap/humira-patient-assistance-application.pdf,https://delivery-p157365-e1665873.adobeaemcloud.com/adobe/assets/urn:aaid:aem:e0425dfb-bbff-4e29-93c2-82309752993f/original/as/humira-patient-assistance-application.pdf,not checked
/content/abbvie-nextgen-eds/corporate/abbvie-com/us/en/patients/patient-support/patient-assistance/online-application-overview/.content.xml,pdf-dm,converted,https://www.abbvie.com/content/dam/abbvie-com2/pdfs/pap/gastro-health-application.pdf,https://delivery-p157365-e1665873.adobeaemcloud.com/adobe/assets/urn:aaid:aem:fff0c0e1-5d1b-4d78-b3d8-c0b3cf0f52f8/original/as/gastro-health-application.pdf,not checked
/content/abbvie-nextgen-eds/corporate/abbvie-com/us/en/patients/patient-support/patient-assistance/online-application-overview/.content.xml,pdf-dm,converted,https://www.abbvie.com/content/dam/abbvie-com2/pdfs/pap/mavyret-application.pdf,https://delivery-p157365-e1665873.adobeaemcloud.com/adobe/assets/urn:aaid:aem:8e21eef8-3e58-4cc9-b918-ddadd98eb64f/original/as/mavyret-application.pdf,not checked
/content/abbvie-nextgen-eds/corporate/abbvie-com/us/en/patients/patient-support/patient-assistance/online-application-overview/.content.xml,pdf-dm,converted,https://www.abbvie.com/content/dam/abbvie-com2/pdfs/pap/qulipta-ubrelvy-patient-assistance-application.pdf,https://delivery-p157365-e1665873.adobeaemcloud.com/adobe/assets/urn:aaid:aem:1b0888c0-d26c-4d7a-b2f9-27689603dc6a/original/as/qulipta-ubrelvy-patient-assistance-application.pdf,not checked
/content/abbvie-nextgen-eds/corporate/abbvie-com/us/en/patients/patient-support/patient-assistance/online-application-overview/.content.xml,pdf-dm,converted,https://www.abbvie.com/content/dam/abbvie-com2/pdfs/pap/rinvoq-patient-assistance-application.pdf,https://delivery-p157365-e1665873.adobeaemcloud.com/adobe/assets/urn:aaid:aem:210c9297-ad74-4d80-b718-84f94b313c0e/original/as/rinvoq-patient-assistance-application.pdf,not checked
/content/abbvie-nextgen-eds/corporate/abbvie-com/us/en/patients/patient-support/patient-assistance/online-application-overview/.content.xml,pdf-dm,converted,https://www.abbvie.com/content/dam/abbvie-com2/pdfs/pap/skyrizi-patient-assistance-application.pdf,https://delivery-p157365-e1665873.adobeaemcloud.com/adobe/assets/urn:aaid:aem:2d59969a-a25e-4f8b-ad27-a0a025a1e798/original/as/skyrizi-patient-assistance-application.pdf,not checked
/content/abbvie-nextgen-eds/corporate/abbvie-com/us/en/patients/patient-support/patient-assistance/online-application-overview/.content.xml,pdf-dm,converted,https://www.abbvie.com/content/dam/abbvie-com2/pdfs/pap/qulipta-ubrelvy-patient-assistance-application.pdf,https://delivery-p157365-e1665873.adobeaemcloud.com/adobe/assets/urn:aaid:aem:1b0888c0-d26c-4d7a-b2f9-27689603dc6a/original/as/qulipta-ubrelvy-patient-assistance-application.pdf,not checked
/content/abbvie-nextgen-eds/corporate/abbvie-com/us/en/patients/patient-support/patient-assistance/online-application-overview/.content.xml,pdf-dm,converted,https://www.abbvie.com/content/dam/abbvie-com2/pdfs/pap/gastro-health-application.pdf,https://delivery-p157365-e1665873.adobeaemcloud.com/adobe/assets/urn:aaid:aem:fff0c0e1-5d1b-4d78-b3d8-c0b3cf0f52f8/original/as/gastro-health-application.pdf,not checked
/content/abbvie-nextgen-eds/corporate/abbvie-com/us/en/patients/patient-support/patient-assistance/online-application-overview/.content.xml,pdf-dm,converted,https://www.abbvie.com/content/dam/abbvie-com2/pdfs/pap/vraylar-patient-assistance-application.pdf,https://delivery-p157365-e1665873.adobeaemcloud.com/adobe/assets/urn:aaid:aem:bc5e7d27-e022-4b19-ae6d-30f9608aec4d/original/as/vraylar-patient-assistance-application.pdf,not checked
/content/abbvie-nextgen-eds/corporate/abbvie-com/us/en/patients/patient-support/patient-assistance/patient-assistance-frequently-asked-questions/.content.xml,short-path,changed,/patients/patient-support/patient-assistance.html,/content/abbvie-nextgen-eds/corporate/abbvie-com/us/en/patients/patient-support/patient-assistance,not checked
/content/abbvie-nextgen-eds/corporate/abbvie-com/us/en/patients/patient-support/patient-assistance/patient-assistance-frequently-asked-questions/.content.xml,short-path,changed,/patients/patient-support/patient-assistance/eligibility-criteria.html,/content/abbvie-nextgen-eds/corporate/abbvie-com/us/en/patients/patient-support/patient-assistance/eligibility-criteria,not checked
/content/abbvie-nextgen-eds/corporate/abbvie-com/us/en/patients/patient-support/patient-assistance/patient-assistance-frequently-asked-questions/.content.xml,short-path,changed,/patients/patient-support/patient-assistance/eligibility-criteria.html,/content/abbvie-nextgen-eds/corporate/abbvie-com/us/en/patients/patient-support/patient-assistance/eligibility-criteria,not checked
/content/abbvie-nextgen-eds/corporate/abbvie-com/us/en/patients/patient-support/patient-assistance/patient-assistance-frequently-asked-questions/.content.xml,short-path,changed,/patients/patient-support/patient-assistance/eligibility-criteria.html,/content/abbvie-nextgen-eds/corporate/abbvie-com/us/en/patients/patient-support/patient-assistance/eligibility-criteria,not checked
/content/abbvie-nextgen-eds/corporate/abbvie-com/us/en/patients/patient-support/patient-assistance/income-criteria/.content.xml,short-path,changed,/patients/patient-support/patient-assistance/eligibility-criteria.html,/content/abbvie-nextgen-eds/corporate/abbvie-com/us/en/patients/patient-support/patient-assistance/eligibility-criteria,not checked
/content/abbvie-nextgen-eds/corporate/abbvie-com/us/en/patients/patient-support/patient-assistance/income-criteria/.content.xml,short-path,changed,/patients/patient-support/patient-assistance/patient-assistance-frequently-asked-questions.html,/content/abbvie-nextgen-eds/corporate/abbvie-com/us/en/patients/patient-support/patient-assistance/patient-assistance-frequently-asked-questions,not checked
/content/abbvie-nextgen-eds/corporate/abbvie-com/us/en/patients/patient-support/patient-assistance/available-programs/.content.xml,pdf-dm,converted,https://www.abbvie.com/content/dam/abbvie-com2/pdfs/pap/application-for-allergan-aesthetics.pdf,https://delivery-p157365-e1665873.adobeaemcloud.com/adobe/assets/urn:aaid:aem:5408429b-f40f-4378-b368-7391e3be15cc/original/as/application-for-allergan-aesthetics.pdf,not checked
/content/abbvie-nextgen-eds/corporate/abbvie-com/us/en/patients/patient-support/patient-assistance/available-programs/.content.xml,pdf-dm,converted,https://www.abbvie.com/content/dam/abbvie-com2/pdfs/pap/application-for-allergan-aesthetics-spanish.pdf,https://delivery-p157365-e1665873.adobeaemcloud.com/adobe/assets/urn:aaid:aem:a1995276-9add-439a-b1d4-c826db909763/original/as/application-for-allergan-aesthetics-spanish.pdf,not checked
/content/abbvie-nextgen-eds/corporate/abbvie-com/us/en/patients/patient-support/patient-assistance/available-programs/.content.xml,pdf-dm,converted,https://www.abbvie.com/content/dam/abbvie-com2/pdfs/pap/application-for-allergan-aesthetics.pdf,https://delivery-p157365-e1665873.adobeaemcloud.com/adobe/assets/urn:aaid:aem:5408429b-f40f-4378-b368-7391e3be15cc/original/as/application-for-allergan-aesthetics.pdf,not checked
/content/abbvie-nextgen-eds/corporate/abbvie-com/us/en/patients/patient-support/patient-assistance/available-programs/.content.xml,pdf-dm,converted,https://www.abbvie.com/content/dam/abbvie-com2/pdfs/pap/application-for-allergan-aesthetics-spanish.pdf,https://delivery-p157365-e1665873.adobeaemcloud.com/adobe/assets/urn:aaid:aem:a1995276-9add-439a-b1d4-c826db909763/original/as/application-for-allergan-aesthetics-spanish.pdf,not checked
/content/abbvie-nextgen-eds/corporate/abbvie-com/us/en/patients/patient-support/patient-assistance/available-programs/.content.xml,pdf-dm,converted,https://www.abbvie.com/content/dam/abbvie-com2/pdfs/pap/eye-care-application.pdf,https://delivery-p157365-e1665873.adobeaemcloud.com/adobe/assets/urn:aaid:aem:608c9ef6-b4bf-4f58-a1ac-27f85dffa8f0/original/as/eye-care-application.pdf,not checked
/content/abbvie-nextgen-eds/corporate/abbvie-com/us/en/patients/patient-support/patient-assistance/available-programs/.content.xml,pdf-dm,converted,https://www.abbvie.com/content/dam/abbvie-com2/pdfs/pap/eye-care-application-spanish.pdf,https://delivery-p157365-e1665873.adobeaemcloud.com/adobe/assets/urn:aaid:aem:17b92ec6-28e8-479e-869f-9e8e223332d5/original/as/eye-care-application-spanish.pdf,not checked
/content/abbvie-nextgen-eds/corporate/abbvie-com/us/en/patients/patient-support/patient-assistance/available-programs/.content.xml,pdf-dm,converted,https://www.abbvie.com/content/dam/abbvie-com2/pdfs/pap/general-product-patient-assistance-application.pdf,https://delivery-p157365-e1665873.adobeaemcloud.com/adobe/assets/urn:aaid:aem:00d88ef4-b2ab-4de9-a375-7ae3b5d8d591/original/as/general-product-patient-assistance-application.pdf,not checked
/content/abbvie-nextgen-eds/corporate/abbvie-com/us/en/patients/patient-support/patient-assistance/available-programs/.content.xml,pdf-dm,converted,https://www.abbvie.com/content/dam/abbvie-com2/pdfs/pap/general-product-patient-assistance-application-spanish.pdf,https://delivery-p157365-e1665873.adobeaemcloud.com/adobe/assets/urn:aaid:aem:49ce6fbb-118c-4ebd-aa7d-d423fdb76adc/original/as/general-product-patient-assistance-application-spanish.pdf,not checked
/content/abbvie-nextgen-eds/corporate/abbvie-com/us/en/patients/patient-support/patient-assistance/available-programs/.content.xml,pdf-dm,converted,https://www.abbvie.com/content/dam/abbvie-com2/pdfs/pap/critical-care-application.pdf,https://delivery-p157365-e1665873.adobeaemcloud.com/adobe/assets/urn:aaid:aem:9828eeb4-edb7-4642-9554-afa173ed33fc/original/as/critical-care-application.pdf,not checked
/content/abbvie-nextgen-eds/corporate/abbvie-com/us/en/patients/patient-support/patient-assistance/available-programs/.content.xml,pdf-dm,converted,https://www.abbvie.com/content/dam/abbvie-com2/pdfs/pap/critical-care-application-spanish.pdf,https://delivery-p157365-e1665873.adobeaemcloud.com/adobe/assets/urn:aaid:aem:5a0c5b6d-fb1a-4668-ac19-2a1a9dd171b4/original/as/critical-care-application-spanish.pdf,not checked
/content/abbvie-nextgen-eds/corporate/abbvie-com/us/en/patients/patient-support/patient-assistance/available-programs/.content.xml,pdf-dm,converted,https://www.abbvie.com/content/dam/abbvie-com2/pdfs/pap/botox-patient-assistance-application.pdf,https://delivery-p157365-e1665873.adobeaemcloud.com/adobe/assets/urn:aaid:aem:7f361b33-07ad-46a7-8d5d-ec0461a380cc/original/as/botox-patient-assistance-application.pdf,not checked
/content/abbvie-nextgen-eds/corporate/abbvie-com/us/en/patients/patient-support/patient-assistance/available-programs/.content.xml,pdf-dm,converted,https://www.abbvie.com/content/dam/abbvie-com2/pdfs/pap/botox-patient-assistance-application-spanish.pdf,https://delivery-p157365-e1665873.adobeaemcloud.com/adobe/assets/urn:aaid:aem:5e9c2e8a-244d-48a1-83c5-cd595e355694/original/as/botox-patient-assistance-application-spanish.pdf,not checked
/content/abbvie-nextgen-eds/corporate/abbvie-com/us/en/patients/patient-support/patient-assistance/available-programs/.content.xml,pdf-dm,converted,https://www.abbvie.com/content/dam/abbvie-com2/pdfs/pap/gastro-health-application.pdf,https://delivery-p157365-e1665873.adobeaemcloud.com/adobe/assets/urn:aaid:aem:fff0c0e1-5d1b-4d78-b3d8-c0b3cf0f52f8/original/as/gastro-health-application.pdf,not checked
/content/abbvie-nextgen-eds/corporate/abbvie-com/us/en/patients/patient-support/patient-assistance/available-programs/.content.xml,pdf-dm,converted,https://www.abbvie.com/content/dam/abbvie-com2/pdfs/pap/gastro-health-application-spanish.pdf,https://delivery-p157365-e1665873.adobeaemcloud.com/adobe/assets/urn:aaid:aem:89342835-7c89-48f6-87cf-1c1f68a66393/original/as/gastro-health-application-spanish.pdf,not checked
/content/abbvie-nextgen-eds/corporate/abbvie-com/us/en/patients/patient-support/patient-assistance/available-programs/.content.xml,pdf-dm,converted,https://www.abbvie.com/content/dam/abbvie-com2/pdfs/pap/general-product-patient-assistance-application.pdf,https://delivery-p157365-e1665873.adobeaemcloud.com/adobe/assets/urn:aaid:aem:00d88ef4-b2ab-4de9-a375-7ae3b5d8d591/original/as/general-product-patient-assistance-application.pdf,not checked
/content/abbvie-nextgen-eds/corporate/abbvie-com/us/en/patients/patient-support/patient-assistance/available-programs/.content.xml,pdf-dm,converted,https://www.abbvie.com/content/dam/abbvie-com2/pdfs/pap/general-product-patient-assistance-application-spanish.pdf,https://delivery-p157365-e1665873.adobeaemcloud.com/adobe/assets/urn:aaid:aem:49ce6fbb-118c-4ebd-aa7d-d423fdb76adc/original/as/general-product-patient-assistance-application-spanish.pdf,not checked
/content/abbvie-nextgen-eds/corporate/abbvie-com/us/en/patients/patient-support/patient-assistance/available-programs/.content.xml,pdf-dm,converted,https://www.abbvie.com/content/dam/abbvie-com2/pdfs/pap/critical-care-application.pdf,https://delivery-p157365-e1665873.adobeaemcloud.com/adobe/assets/urn:aaid:aem:9828eeb4-edb7-4642-9554-afa173ed33fc/original/as/critical-care-application.pdf,not checked
/content/abbvie-nextgen-eds/corporate/abbvie-com/us/en/patients/patient-support/patient-assistance/available-programs/.content.xml,pdf-dm,converted,https://www.abbvie.com/content/dam/abbvie-com2/pdfs/pap/critical-care-application-spanish.pdf,https://delivery-p157365-e1665873.adobeaemcloud.com/adobe/assets/urn:aaid:aem:5a0c5b6d-fb1a-4668-ac19-2a1a9dd171b4/original/as/critical-care-application-spanish.pdf,not checked
/content/abbvie-nextgen-eds/corporate/abbvie-com/us/en/patients/patient-support/patient-assistance/available-programs/.content.xml,pdf-dm,converted,https://www.abbvie.com/content/dam/abbvie-com2/pdfs/pap/depakote-application.pdf,https://delivery-p157365-e1665873.adobeaemcloud.com/adobe/assets/urn:aaid:aem:65df5889-e604-4d0d-9717-4ada94f79540/original/as/depakote-application.pdf,not checked
/content/abbvie-nextgen-eds/corporate/abbvie-com/us/en/patients/patient-support/patient-assistance/available-programs/.content.xml,pdf-dm,converted,https://www.abbvie.com/content/dam/abbvie-com2/pdfs/pap/depakote-application-spanish.pdf,https://delivery-p157365-e1665873.adobeaemcloud.com/adobe/assets/urn:aaid:aem:963e0087-80a9-4896-b596-dbb1414a96ad/original/as/depakote-application-spanish.pdf,not checked
/content/abbvie-nextgen-eds/corporate/abbvie-com/us/en/patients/patient-support/patient-assistance/available-programs/.content.xml,pdf-dm,converted,https://www.abbvie.com/content/dam/abbvie-com2/pdfs/pap/duopa-application.pdf,https://delivery-p157365-e1665873.adobeaemcloud.com/adobe/assets/urn:aaid:aem:12df5f53-5874-444d-8273-511155cf9f1b/original/as/duopa-application.pdf,not checked
/content/abbvie-nextgen-eds/corporate/abbvie-com/us/en/patients/patient-support/patient-assistance/available-programs/.content.xml,pdf-dm,converted,https://www.abbvie.com/content/dam/abbvie-com2/pdfs/pap/duopa-application-spanish.pdf,https://delivery-p157365-e1665873.adobeaemcloud.com/adobe/assets/urn:aaid:aem:3e565782-a8f2-45a5-a869-5f5993a18ec5/original/as/duopa-application-spanish.pdf,not checked
/content/abbvie-nextgen-eds/corporate/abbvie-com/us/en/patients/patient-support/patient-assistance/available-programs/.content.xml,pdf-dm,converted,https://www.abbvie.com/content/dam/abbvie-com2/pdfs/pap/eye-care-application.pdf,https://delivery-p157365-e1665873.adobeaemcloud.com/adobe/assets/urn:aaid:aem:608c9ef6-b4bf-4f58-a1ac-27f85dffa8f0/original/as/eye-care-application.pdf,not checked
/content/abbvie-nextgen-eds/corporate/abbvie-com/us/en/patients/patient-support/patient-assistance/available-programs/.content.xml,pdf-dm,converted,https://www.abbvie.com/content/dam/abbvie-com2/pdfs/pap/eye-care-application-spanish.pdf,https://delivery-p157365-e1665873.adobeaemcloud.com/adobe/assets/urn:aaid:aem:17b92ec6-28e8-479e-869f-9e8e223332d5/original/as/eye-care-application-spanish.pdf,not checked
/content/abbvie-nextgen-eds/corporate/abbvie-com/us/en/patients/patient-support/patient-assistance/available-programs/.content.xml,pdf-dm,converted,https://www.abbvie.com/content/dam/abbvie-com2/pdfs/pap/emrelis-application.pdf,https://delivery-p157365-e1665873.adobeaemcloud.com/adobe/assets/urn:aaid:aem:2d19c92f-53e4-48f4-ab5f-2df9d4c59e43/original/as/emrelis-application.pdf,not checked
/content/abbvie-nextgen-eds/corporate/abbvie-com/us/en/patients/patient-support/patient-assistance/available-programs/.content.xml,pdf-dm,converted,https://www.abbvie.com/content/dam/abbvie-com2/pdfs/pap/general-product-patient-assistance-application.pdf,https://delivery-p157365-e1665873.adobeaemcloud.com/adobe/assets/urn:aaid:aem:00d88ef4-b2ab-4de9-a375-7ae3b5d8d591/original/as/general-product-patient-assistance-application.pdf,not checked
/content/abbvie-nextgen-eds/corporate/abbvie-com/us/en/patients/patient-support/patient-assistance/available-programs/.content.xml,pdf-dm,converted,https://www.abbvie.com/content/dam/abbvie-com2/pdfs/pap/general-product-patient-assistance-application-spanish.pdf,https://delivery-p157365-e1665873.adobeaemcloud.com/adobe/assets/urn:aaid:aem:49ce6fbb-118c-4ebd-aa7d-d423fdb76adc/original/as/general-product-patient-assistance-application-spanish.pdf,not checked
/content/abbvie-nextgen-eds/corporate/abbvie-com/us/en/patients/patient-support/patient-assistance/available-programs/.content.xml,pdf-dm,converted,https://www.abbvie.com/content/dam/abbvie-com2/pdfs/pap/general-product-patient-assistance-application.pdf,https://delivery-p157365-e1665873.adobeaemcloud.com/adobe/assets/urn:aaid:aem:00d88ef4-b2ab-4de9-a375-7ae3b5d8d591/original/as/general-product-patient-assistance-application.pdf,not checked
/content/abbvie-nextgen-eds/corporate/abbvie-com/us/en/patients/patient-support/patient-assistance/available-programs/.content.xml,pdf-dm,converted,https://www.abbvie.com/content/dam/abbvie-com2/pdfs/pap/general-product-patient-assistance-application-spanish.pdf,https://delivery-p157365-e1665873.adobeaemcloud.com/adobe/assets/urn:aaid:aem:49ce6fbb-118c-4ebd-aa7d-d423fdb76adc/original/as/general-product-patient-assistance-application-spanish.pdf,not checked
/content/abbvie-nextgen-eds/corporate/abbvie-com/us/en/patients/patient-support/patient-assistance/available-programs/.content.xml,pdf-dm,converted,https://www.abbvie.com/content/dam/abbvie-com2/pdfs/pap/humira-eng-final-11-20-25.pdf,https://delivery-p157365-e1665873.adobeaemcloud.com/adobe/assets/urn:aaid:aem:12c1038e-9f5c-4ad3-9477-b3fcf2b1a6e4/original/as/humira-eng-final-11-20-25.pdf,not checked
/content/abbvie-nextgen-eds/corporate/abbvie-com/us/en/patients/patient-support/patient-assistance/available-programs/.content.xml,pdf-dm,converted,https://www.abbvie.com/content/dam/abbvie-com2/pdfs/pap/humira-spanish-final-11-20-25.pdf,https://delivery-p157365-e1665873.adobeaemcloud.com/adobe/assets/urn:aaid:aem:78041d10-6627-4659-a6bc-726d38b36eaf/original/as/humira-spanish-final-11-20-25.pdf,not checked
/content/abbvie-nextgen-eds/corporate/abbvie-com/us/en/patients/patient-support/patient-assistance/available-programs/.content.xml,pdf-dm,converted,https://www.abbvie.com/content/dam/abbvie-com2/pdfs/pap/humira-english-large-font-final-11-20-25.pdf,https://delivery-p157365-e1665873.adobeaemcloud.com/adobe/assets/urn:aaid:aem:9ac7101a-b447-40cd-989a-2e327b1dfe6b/original/as/humira-english-large-font-final-11-20-25.pdf,not checked
/content/abbvie-nextgen-eds/corporate/abbvie-com/us/en/patients/patient-support/patient-assistance/available-programs/.content.xml,pdf-dm,converted,https://www.abbvie.com/content/dam/abbvie-com2/pdfs/pap/imbruvica-application.pdf,https://delivery-p157365-e1665873.adobeaemcloud.com/adobe/assets/urn:aaid:aem:9bf003b2-d405-431b-836f-aa0d82dc1d10/original/as/imbruvica-application.pdf,not checked
/content/abbvie-nextgen-eds/corporate/abbvie-com/us/en/patients/patient-support/patient-assistance/available-programs/.content.xml,pdf-dm,converted,https://www.abbvie.com/content/dam/abbvie-com2/pdfs/pap/imbruvica-application-spanish.pdf,https://delivery-p157365-e1665873.adobeaemcloud.com/adobe/assets/urn:aaid:aem:c04a74dc-a17f-4fb2-8994-c311e21ff72a/original/as/imbruvica-application-spanish.pdf,not checked
/content/abbvie-nextgen-eds/corporate/abbvie-com/us/en/patients/patient-support/patient-assistance/available-programs/.content.xml,pdf-dm,converted,https://www.abbvie.com/content/dam/abbvie-com2/pdfs/pap/general-product-patient-assistance-application.pdf,https://delivery-p157365-e1665873.adobeaemcloud.com/adobe/assets/urn:aaid:aem:00d88ef4-b2ab-4de9-a375-7ae3b5d8d591/original/as/general-product-patient-assistance-application.pdf,not checked
/content/abbvie-nextgen-eds/corporate/abbvie-com/us/en/patients/patient-support/patient-assistance/available-programs/.content.xml,pdf-dm,converted,https://www.abbvie.com/content/dam/abbvie-com2/pdfs/pap/general-product-patient-assistance-application-spanish.pdf,https://delivery-p157365-e1665873.adobeaemcloud.com/adobe/assets/urn:aaid:aem:49ce6fbb-118c-4ebd-aa7d-d423fdb76adc/original/as/general-product-patient-assistance-application-spanish.pdf,not checked
/content/abbvie-nextgen-eds/corporate/abbvie-com/us/en/patients/patient-support/patient-assistance/available-programs/.content.xml,pdf-dm,converted,https://www.abbvie.com/content/dam/abbvie-com2/pdfs/pap/application-for-allergan-aesthetics.pdf,https://delivery-p157365-e1665873.adobeaemcloud.com/adobe/assets/urn:aaid:aem:5408429b-f40f-4378-b368-7391e3be15cc/original/as/application-for-allergan-aesthetics.pdf,not checked
/content/abbvie-nextgen-eds/corporate/abbvie-com/us/en/patients/patient-support/patient-assistance/available-programs/.content.xml,pdf-dm,converted,https://www.abbvie.com/content/dam/abbvie-com2/pdfs/pap/application-for-allergan-aesthetics-spanish.pdf,https://delivery-p157365-e1665873.adobeaemcloud.com/adobe/assets/urn:aaid:aem:a1995276-9add-439a-b1d4-c826db909763/original/as/application-for-allergan-aesthetics-spanish.pdf,not checked
/content/abbvie-nextgen-eds/corporate/abbvie-com/us/en/patients/patient-support/patient-assistance/available-programs/.content.xml,pdf-dm,converted,https://www.abbvie.com/content/dam/abbvie-com2/pdfs/pap/gastro-health-application.pdf,https://delivery-p157365-e1665873.adobeaemcloud.com/adobe/assets/urn:aaid:aem:fff0c0e1-5d1b-4d78-b3d8-c0b3cf0f52f8/original/as/gastro-health-application.pdf,not checked
/content/abbvie-nextgen-eds/corporate/abbvie-com/us/en/patients/patient-support/patient-assistance/available-programs/.content.xml,pdf-dm,converted,https://www.abbvie.com/content/dam/abbvie-com2/pdfs/pap/gastro-health-application-spanish.pdf,https://delivery-p157365-e1665873.adobeaemcloud.com/adobe/assets/urn:aaid:aem:89342835-7c89-48f6-87cf-1c1f68a66393/original/as/gastro-health-application-spanish.pdf,not checked
/content/abbvie-nextgen-eds/corporate/abbvie-com/us/en/patients/patient-support/patient-assistance/available-programs/.content.xml,pdf-dm,converted,https://www.abbvie.com/content/dam/abbvie-com2/pdfs/pap/eye-care-application.pdf,https://delivery-p157365-e1665873.adobeaemcloud.com/adobe/assets/urn:aaid:aem:608c9ef6-b4bf-4f58-a1ac-27f85dffa8f0/original/as/eye-care-application.pdf,not checked
/content/abbvie-nextgen-eds/corporate/abbvie-com/us/en/patients/patient-support/patient-assistance/available-programs/.content.xml,pdf-dm,converted,https://www.abbvie.com/content/dam/abbvie-com2/pdfs/pap/eye-care-application-spanish.pdf,https://delivery-p157365-e1665873.adobeaemcloud.com/adobe/assets/urn:aaid:aem:17b92ec6-28e8-479e-869f-9e8e223332d5/original/as/eye-care-application-spanish.pdf,not checked
/content/abbvie-nextgen-eds/corporate/abbvie-com/us/en/patients/patient-support/patient-assistance/available-programs/.content.xml,pdf-dm,converted,https://www.abbvie.com/content/dam/abbvie-com2/pdfs/pap/lupron-application.pdf,https://delivery-p157365-e1665873.adobeaemcloud.com/adobe/assets/urn:aaid:aem:571d654a-1092-46ad-a394-8bc7e4f25f1d/original/as/lupron-application.pdf,not checked
/content/abbvie-nextgen-eds/corporate/abbvie-com/us/en/patients/patient-support/patient-assistance/available-programs/.content.xml,pdf-dm,converted,https://www.abbvie.com/content/dam/abbvie-com2/pdfs/pap/lupron-application-spanish.pdf,https://delivery-p157365-e1665873.adobeaemcloud.com/adobe/assets/urn:aaid:aem:04a8a26f-d271-4ba5-9338-cd37cb86be3e/original/as/lupron-application-spanish.pdf,not checked
/content/abbvie-nextgen-eds/corporate/abbvie-com/us/en/patients/patient-support/patient-assistance/available-programs/.content.xml,pdf-dm,converted,https://www.abbvie.com/content/dam/abbvie-com2/pdfs/pap/lupron-application.pdf,https://delivery-p157365-e1665873.adobeaemcloud.com/adobe/assets/urn:aaid:aem:571d654a-1092-46ad-a394-8bc7e4f25f1d/original/as/lupron-application.pdf,not checked
/content/abbvie-nextgen-eds/corporate/abbvie-com/us/en/patients/patient-support/patient-assistance/available-programs/.content.xml,pdf-dm,converted,https://www.abbvie.com/content/dam/abbvie-com2/pdfs/pap/lupron-application-spanish.pdf,https://delivery-p157365-e1665873.adobeaemcloud.com/adobe/assets/urn:aaid:aem:04a8a26f-d271-4ba5-9338-cd37cb86be3e/original/as/lupron-application-spanish.pdf,not checked
/content/abbvie-nextgen-eds/corporate/abbvie-com/us/en/patients/patient-support/patient-assistance/available-programs/.content.xml,pdf-dm,converted,https://www.abbvie.com/content/dam/abbvie-com2/pdfs/pap/mavyret-application.pdf,https://delivery-p157365-e1665873.adobeaemcloud.com/adobe/assets/urn:aaid:aem:8e21eef8-3e58-4cc9-b918-ddadd98eb64f/original/as/mavyret-application.pdf,not checked
/content/abbvie-nextgen-eds/corporate/abbvie-com/us/en/patients/patient-support/patient-assistance/available-programs/.content.xml,pdf-dm,converted,https://www.abbvie.com/content/dam/abbvie-com2/pdfs/pap/mavyret-application-spanish.pdf,https://delivery-p157365-e1665873.adobeaemcloud.com/adobe/assets/urn:aaid:aem:c3a71bf5-0ee6-4962-9130-9cddc9b48e67/original/as/mavyret-application-spanish.pdf,not checked
/content/abbvie-nextgen-eds/corporate/abbvie-com/us/en/patients/patient-support/patient-assistance/available-programs/.content.xml,pdf-dm,converted,https://www.abbvie.com/content/dam/abbvie-com2/pdfs/pap/general-product-patient-assistance-application.pdf,https://delivery-p157365-e1665873.adobeaemcloud.com/adobe/assets/urn:aaid:aem:00d88ef4-b2ab-4de9-a375-7ae3b5d8d591/original/as/general-product-patient-assistance-application.pdf,not checked
/content/abbvie-nextgen-eds/corporate/abbvie-com/us/en/patients/patient-support/patient-assistance/available-programs/.content.xml,pdf-dm,converted,https://www.abbvie.com/content/dam/abbvie-com2/pdfs/pap/general-product-patient-assistance-application-spanish.pdf,https://delivery-p157365-e1665873.adobeaemcloud.com/adobe/assets/urn:aaid:aem:49ce6fbb-118c-4ebd-aa7d-d423fdb76adc/original/as/general-product-patient-assistance-application-spanish.pdf,not checked
/content/abbvie-nextgen-eds/corporate/abbvie-com/us/en/patients/patient-support/patient-assistance/available-programs/.content.xml,pdf-dm,converted,https://www.abbvie.com/content/dam/abbvie-com2/pdfs/pap/application-for-allergan-aesthetics.pdf,https://delivery-p157365-e1665873.adobeaemcloud.com/adobe/assets/urn:aaid:aem:5408429b-f40f-4378-b368-7391e3be15cc/original/as/application-for-allergan-aesthetics.pdf,not checked
/content/abbvie-nextgen-eds/corporate/abbvie-com/us/en/patients/patient-support/patient-assistance/available-programs/.content.xml,pdf-dm,converted,https://www.abbvie.com/content/dam/abbvie-com2/pdfs/pap/application-for-allergan-aesthetics-spanish.pdf,https://delivery-p157365-e1665873.adobeaemcloud.com/adobe/assets/urn:aaid:aem:a1995276-9add-439a-b1d4-c826db909763/original/as/application-for-allergan-aesthetics-spanish.pdf,not checked
/content/abbvie-nextgen-eds/corporate/abbvie-com/us/en/patients/patient-support/patient-assistance/available-programs/.content.xml,pdf-dm,converted,https://www.abbvie.com/content/dam/abbvie-com2/pdfs/pap/general-product-patient-assistance-application.pdf,https://delivery-p157365-e1665873.adobeaemcloud.com/adobe/assets/urn:aaid:aem:00d88ef4-b2ab-4de9-a375-7ae3b5d8d591/original/as/general-product-patient-assistance-application.pdf,not checked
/content/abbvie-nextgen-eds/corporate/abbvie-com/us/en/patients/patient-support/patient-assistance/available-programs/.content.xml,pdf-dm,converted,https://www.abbvie.com/content/dam/abbvie-com2/pdfs/pap/general-product-patient-assistance-application-spanish.pdf,https://delivery-p157365-e1665873.adobeaemcloud.com/adobe/assets/urn:aaid:aem:49ce6fbb-118c-4ebd-aa7d-d423fdb76adc/original/as/general-product-patient-assistance-application-spanish.pdf,not checked
/content/abbvie-nextgen-eds/corporate/abbvie-com/us/en/patients/patient-support/patient-assistance/available-programs/.content.xml,pdf-dm,converted,https://www.abbvie.com/content/dam/abbvie-com2/pdfs/pap/women-health-application.pdf,https://delivery-p157365-e1665873.adobeaemcloud.com/adobe/assets/urn:aaid:aem:ea39af64-dddf-4468-b03e-3d625a890f49/original/as/women-health-application.pdf,not checked
/content/abbvie-nextgen-eds/corporate/abbvie-com/us/en/patients/patient-support/patient-assistance/available-programs/.content.xml,pdf-dm,converted,https://www.abbvie.com/content/dam/abbvie-com2/pdfs/pap/women-health-application-spanish.pdf,https://delivery-p157365-e1665873.adobeaemcloud.com/adobe/assets/urn:aaid:aem:be0a441d-d5bb-4c47-bd9d-52a4eb847edf/original/as/women-health-application-spanish.pdf,not checked
/content/abbvie-nextgen-eds/corporate/abbvie-com/us/en/patients/patient-support/patient-assistance/available-programs/.content.xml,pdf-dm,converted,https://www.abbvie.com/content/dam/abbvie-com2/pdfs/pap/women-health-application.pdf,https://delivery-p157365-e1665873.adobeaemcloud.com/adobe/assets/urn:aaid:aem:ea39af64-dddf-4468-b03e-3d625a890f49/original/as/women-health-application.pdf,not checked
/content/abbvie-nextgen-eds/corporate/abbvie-com/us/en/patients/patient-support/patient-assistance/available-programs/.content.xml,pdf-dm,converted,https://www.abbvie.com/content/dam/abbvie-com2/pdfs/pap/women-health-application-spanish.pdf,https://delivery-p157365-e1665873.adobeaemcloud.com/adobe/assets/urn:aaid:aem:be0a441d-d5bb-4c47-bd9d-52a4eb847edf/original/as/women-health-application-spanish.pdf,not checked
/content/abbvie-nextgen-eds/corporate/abbvie-com/us/en/patients/patient-support/patient-assistance/available-programs/.content.xml,pdf-dm,converted,https://www.abbvie.com/content/dam/abbvie-com2/pdfs/pap/eye-care-application.pdf,https://delivery-p157365-e1665873.adobeaemcloud.com/adobe/assets/urn:aaid:aem:608c9ef6-b4bf-4f58-a1ac-27f85dffa8f0/original/as/eye-care-application.pdf,not checked
/content/abbvie-nextgen-eds/corporate/abbvie-com/us/en/patients/patient-support/patient-assistance/available-programs/.content.xml,pdf-dm,converted,https://www.abbvie.com/content/dam/abbvie-com2/pdfs/pap/eye-care-application-spanish.pdf,https://delivery-p157365-e1665873.adobeaemcloud.com/adobe/assets/urn:aaid:aem:17b92ec6-28e8-479e-869f-9e8e223332d5/original/as/eye-care-application-spanish.pdf,not checked
/content/abbvie-nextgen-eds/corporate/abbvie-com/us/en/patients/patient-support/patient-assistance/available-programs/.content.xml,pdf-dm,converted,https://www.abbvie.com/content/dam/abbvie-com2/pdfs/pap/qulipta-ubrelvy-patient-assistance-application.pdf,https://delivery-p157365-e1665873.adobeaemcloud.com/adobe/assets/urn:aaid:aem:1b0888c0-d26c-4d7a-b2f9-27689603dc6a/original/as/qulipta-ubrelvy-patient-assistance-application.pdf,not checked
/content/abbvie-nextgen-eds/corporate/abbvie-com/us/en/patients/patient-support/patient-assistance/available-programs/.content.xml,pdf-dm,converted,https://www.abbvie.com/content/dam/abbvie-com2/pdfs/pap/qulipta-ubrelvy-patient-assistance-application-sp.pdf,https://delivery-p157365-e1665873.adobeaemcloud.com/adobe/assets/urn:aaid:aem:09ad95f2-53c9-4610-9d83-b67496501fb5/original/as/qulipta-ubrelvy-patient-assistance-application-sp.pdf,not checked
/content/abbvie-nextgen-eds/corporate/abbvie-com/us/en/patients/patient-support/patient-assistance/available-programs/.content.xml,pdf-dm,converted,https://www.abbvie.com/content/dam/abbvie-com2/pdfs/pap/general-product-patient-assistance-application.pdf,https://delivery-p157365-e1665873.adobeaemcloud.com/adobe/assets/urn:aaid:aem:00d88ef4-b2ab-4de9-a375-7ae3b5d8d591/original/as/general-product-patient-assistance-application.pdf,not checked
/content/abbvie-nextgen-eds/corporate/abbvie-com/us/en/patients/patient-support/patient-assistance/available-programs/.content.xml,pdf-dm,converted,https://www.abbvie.com/content/dam/abbvie-com2/pdfs/pap/general-product-patient-assistance-application-spanish.pdf,https://delivery-p157365-e1665873.adobeaemcloud.com/adobe/assets/urn:aaid:aem:49ce6fbb-118c-4ebd-aa7d-d423fdb76adc/original/as/general-product-patient-assistance-application-spanish.pdf,not checked
/content/abbvie-nextgen-eds/corporate/abbvie-com/us/en/patients/patient-support/patient-assistance/available-programs/.content.xml,pdf-dm,converted,https://www.abbvie.com/content/dam/abbvie-com2/pdfs/pap/eye-care-application.pdf,https://delivery-p157365-e1665873.adobeaemcloud.com/adobe/assets/urn:aaid:aem:608c9ef6-b4bf-4f58-a1ac-27f85dffa8f0/original/as/eye-care-application.pdf,not checked
/content/abbvie-nextgen-eds/corporate/abbvie-com/us/en/patients/patient-support/patient-assistance/available-programs/.content.xml,pdf-dm,converted,https://www.abbvie.com/content/dam/abbvie-com2/pdfs/pap/eye-care-application-spanish.pdf,https://delivery-p157365-e1665873.adobeaemcloud.com/adobe/assets/urn:aaid:aem:17b92ec6-28e8-479e-869f-9e8e223332d5/original/as/eye-care-application-spanish.pdf,not checked
/content/abbvie-nextgen-eds/corporate/abbvie-com/us/en/patients/patient-support/patient-assistance/available-programs/.content.xml,pdf-dm,converted,https://www.abbvie.com/content/dam/abbvie-com2/pdfs/pap/application-for-allergan-aesthetics.pdf,https://delivery-p157365-e1665873.adobeaemcloud.com/adobe/assets/urn:aaid:aem:5408429b-f40f-4378-b368-7391e3be15cc/original/as/application-for-allergan-aesthetics.pdf,not checked
/content/abbvie-nextgen-eds/corporate/abbvie-com/us/en/patients/patient-support/patient-assistance/available-programs/.content.xml,pdf-dm,converted,https://www.abbvie.com/content/dam/abbvie-com2/pdfs/pap/application-for-allergan-aesthetics-spanish.pdf,https://delivery-p157365-e1665873.adobeaemcloud.com/adobe/assets/urn:aaid:aem:a1995276-9add-439a-b1d4-c826db909763/original/as/application-for-allergan-aesthetics-spanish.pdf,not checked
/content/abbvie-nextgen-eds/corporate/abbvie-com/us/en/patients/patient-support/patient-assistance/available-programs/.content.xml,pdf-dm,converted,https://www.abbvie.com/content/dam/abbvie-com2/pdfs/pap/rinvoq-patient-assistance-application.pdf,https://delivery-p157365-e1665873.adobeaemcloud.com/adobe/assets/urn:aaid:aem:210c9297-ad74-4d80-b718-84f94b313c0e/original/as/rinvoq-patient-assistance-application.pdf,not checked
/content/abbvie-nextgen-eds/corporate/abbvie-com/us/en/patients/patient-support/patient-assistance/available-programs/.content.xml,pdf-dm,converted,https://www.abbvie.com/content/dam/abbvie-com2/pdfs/pap/rinvoq-patient-assistance-application-spanish.pdf,https://delivery-p157365-e1665873.adobeaemcloud.com/adobe/assets/urn:aaid:aem:2c6776d1-2647-439c-a791-4a935c522536/original/as/rinvoq-patient-assistance-application-spanish.pdf,not checked
/content/abbvie-nextgen-eds/corporate/abbvie-com/us/en/patients/patient-support/patient-assistance/available-programs/.content.xml,pdf-dm,converted,https://www.abbvie.com/content/dam/abbvie-com2/pdfs/pap/general-product-patient-assistance-application.pdf,https://delivery-p157365-e1665873.adobeaemcloud.com/adobe/assets/urn:aaid:aem:00d88ef4-b2ab-4de9-a375-7ae3b5d8d591/original/as/general-product-patient-assistance-application.pdf,not checked
/content/abbvie-nextgen-eds/corporate/abbvie-com/us/en/patients/patient-support/patient-assistance/available-programs/.content.xml,pdf-dm,converted,https://www.abbvie.com/content/dam/abbvie-com2/pdfs/pap/general-product-patient-assistance-application-spanish.pdf,https://delivery-p157365-e1665873.adobeaemcloud.com/adobe/assets/urn:aaid:aem:49ce6fbb-118c-4ebd-aa7d-d423fdb76adc/original/as/general-product-patient-assistance-application-spanish.pdf,not checked
/content/abbvie-nextgen-eds/corporate/abbvie-com/us/en/patients/patient-support/patient-assistance/available-programs/.content.xml,pdf-dm,converted,https://www.abbvie.com/content/dam/abbvie-com2/pdfs/pap/general-product-patient-assistance-application.pdf,https://delivery-p157365-e1665873.adobeaemcloud.com/adobe/assets/urn:aaid:aem:00d88ef4-b2ab-4de9-a375-7ae3b5d8d591/original/as/general-product-patient-assistance-application.pdf,not checked
/content/abbvie-nextgen-eds/corporate/abbvie-com/us/en/patients/patient-support/patient-assistance/available-programs/.content.xml,pdf-dm,converted,https://www.abbvie.com/content/dam/abbvie-com2/pdfs/pap/general-product-patient-assistance-application-spanish.pdf,https://delivery-p157365-e1665873.adobeaemcloud.com/adobe/assets/urn:aaid:aem:49ce6fbb-118c-4ebd-aa7d-d423fdb76adc/original/as/general-product-patient-assistance-application-spanish.pdf,not checked
/content/abbvie-nextgen-eds/corporate/abbvie-com/us/en/patients/patient-support/patient-assistance/available-programs/.content.xml,pdf-dm,converted,https://www.abbvie.com/content/dam/abbvie-com2/pdfs/pap/skyrizi-patient-assistance-application.pdf,https://delivery-p157365-e1665873.adobeaemcloud.com/adobe/assets/urn:aaid:aem:2d59969a-a25e-4f8b-ad27-a0a025a1e798/original/as/skyrizi-patient-assistance-application.pdf,not checked
/content/abbvie-nextgen-eds/corporate/abbvie-com/us/en/patients/patient-support/patient-assistance/available-programs/.content.xml,pdf-dm,converted,https://www.abbvie.com/content/dam/abbvie-com2/pdfs/pap/skyrizi-patient-assistance-application-spanish.pdf,https://delivery-p157365-e1665873.adobeaemcloud.com/adobe/assets/urn:aaid:aem:3f97b75f-d0a4-49d4-abdf-8e01202ed0f4/original/as/skyrizi-patient-assistance-application-spanish.pdf,not checked
/content/abbvie-nextgen-eds/corporate/abbvie-com/us/en/patients/patient-support/patient-assistance/available-programs/.content.xml,pdf-dm,converted,https://www.abbvie.com/content/dam/abbvie-com2/pdfs/pap/application-for-allergan-aesthetics.pdf,https://delivery-p157365-e1665873.adobeaemcloud.com/adobe/assets/urn:aaid:aem:5408429b-f40f-4378-b368-7391e3be15cc/original/as/application-for-allergan-aesthetics.pdf,not checked
/content/abbvie-nextgen-eds/corporate/abbvie-com/us/en/patients/patient-support/patient-assistance/available-programs/.content.xml,pdf-dm,converted,https://www.abbvie.com/content/dam/abbvie-com2/pdfs/pap/application-for-allergan-aesthetics-spanish.pdf,https://delivery-p157365-e1665873.adobeaemcloud.com/adobe/assets/urn:aaid:aem:a1995276-9add-439a-b1d4-c826db909763/original/as/application-for-allergan-aesthetics-spanish.pdf,not checked
/content/abbvie-nextgen-eds/corporate/abbvie-com/us/en/patients/patient-support/patient-assistance/available-programs/.content.xml,pdf-dm,converted,https://www.abbvie.com/content/dam/abbvie-com2/pdfs/pap/general-product-patient-assistance-application.pdf,https://delivery-p157365-e1665873.adobeaemcloud.com/adobe/assets/urn:aaid:aem:00d88ef4-b2ab-4de9-a375-7ae3b5d8d591/original/as/general-product-patient-assistance-application.pdf,not checked
/content/abbvie-nextgen-eds/corporate/abbvie-com/us/en/patients/patient-support/patient-assistance/available-programs/.content.xml,pdf-dm,converted,https://www.abbvie.com/content/dam/abbvie-com2/pdfs/pap/general-product-patient-assistance-application-spanish.pdf,https://delivery-p157365-e1665873.adobeaemcloud.com/adobe/assets/urn:aaid:aem:49ce6fbb-118c-4ebd-aa7d-d423fdb76adc/original/as/general-product-patient-assistance-application-spanish.pdf,not checked
/content/abbvie-nextgen-eds/corporate/abbvie-com/us/en/patients/patient-support/patient-assistance/available-programs/.content.xml,pdf-dm,converted,https://www.abbvie.com/content/dam/abbvie-com2/pdfs/pap/critical-care-application.pdf,https://delivery-p157365-e1665873.adobeaemcloud.com/adobe/assets/urn:aaid:aem:9828eeb4-edb7-4642-9554-afa173ed33fc/original/as/critical-care-application.pdf,not checked
/content/abbvie-nextgen-eds/corporate/abbvie-com/us/en/patients/patient-support/patient-assistance/available-programs/.content.xml,pdf-dm,converted,https://www.abbvie.com/content/dam/abbvie-com2/pdfs/pap/critical-care-application-spanish.pdf,https://delivery-p157365-e1665873.adobeaemcloud.com/adobe/assets/urn:aaid:aem:5a0c5b6d-fb1a-4668-ac19-2a1a9dd171b4/original/as/critical-care-application-spanish.pdf,not checked
/content/abbvie-nextgen-eds/corporate/abbvie-com/us/en/patients/patient-support/patient-assistance/available-programs/.content.xml,pdf-dm,converted,https://www.abbvie.com/content/dam/abbvie-com2/pdfs/pap/qulipta-ubrelvy-patient-assistance-application.pdf,https://delivery-p157365-e1665873.adobeaemcloud.com/adobe/assets/urn:aaid:aem:1b0888c0-d26c-4d7a-b2f9-27689603dc6a/original/as/qulipta-ubrelvy-patient-assistance-application.pdf,not checked
/content/abbvie-nextgen-eds/corporate/abbvie-com/us/en/patients/patient-support/patient-assistance/available-programs/.content.xml,pdf-dm,converted,https://www.abbvie.com/content/dam/abbvie-com2/pdfs/pap/qulipta-ubrelvy-patient-assistance-application-sp.pdf,https://delivery-p157365-e1665873.adobeaemcloud.com/adobe/assets/urn:aaid:aem:09ad95f2-53c9-4610-9d83-b67496501fb5/original/as/qulipta-ubrelvy-patient-assistance-application-sp.pdf,not checked
/content/abbvie-nextgen-eds/corporate/abbvie-com/us/en/patients/patient-support/patient-assistance/available-programs/.content.xml,pdf-dm,converted,https://www.abbvie.com/content/dam/abbvie-com2/pdfs/pap/gastro-health-application.pdf,https://delivery-p157365-e1665873.adobeaemcloud.com/adobe/assets/urn:aaid:aem:fff0c0e1-5d1b-4d78-b3d8-c0b3cf0f52f8/original/as/gastro-health-application.pdf,not checked
/content/abbvie-nextgen-eds/corporate/abbvie-com/us/en/patients/patient-support/patient-assistance/available-programs/.content.xml,pdf-dm,converted,https://www.abbvie.com/content/dam/abbvie-com2/pdfs/pap/gastro-health-application-spanish.pdf,https://delivery-p157365-e1665873.adobeaemcloud.com/adobe/assets/urn:aaid:aem:89342835-7c89-48f6-87cf-1c1f68a66393/original/as/gastro-health-application-spanish.pdf,not checked
/content/abbvie-nextgen-eds/corporate/abbvie-com/us/en/patients/patient-support/patient-assistance/available-programs/.content.xml,pdf-dm,converted,https://www.abbvie.com/content/dam/abbvie-com2/pdfs/pap/general-product-patient-assistance-application.pdf,https://delivery-p157365-e1665873.adobeaemcloud.com/adobe/assets/urn:aaid:aem:00d88ef4-b2ab-4de9-a375-7ae3b5d8d591/original/as/general-product-patient-assistance-application.pdf,not checked
/content/abbvie-nextgen-eds/corporate/abbvie-com/us/en/patients/patient-support/patient-assistance/available-programs/.content.xml,pdf-dm,converted,https://www.abbvie.com/content/dam/abbvie-com2/pdfs/pap/general-product-patient-assistance-application-spanish.pdf,https://delivery-p157365-e1665873.adobeaemcloud.com/adobe/assets/urn:aaid:aem:49ce6fbb-118c-4ebd-aa7d-d423fdb76adc/original/as/general-product-patient-assistance-application-spanish.pdf,not checked
/content/abbvie-nextgen-eds/corporate/abbvie-com/us/en/patients/patient-support/patient-assistance/available-programs/.content.xml,pdf-dm,converted,https://www.abbvie.com/content/dam/abbvie-com2/pdfs/pap/vraylar-patient-assistance-application.pdf,https://delivery-p157365-e1665873.adobeaemcloud.com/adobe/assets/urn:aaid:aem:bc5e7d27-e022-4b19-ae6d-30f9608aec4d/original/as/vraylar-patient-assistance-application.pdf,not checked
/content/abbvie-nextgen-eds/corporate/abbvie-com/us/en/patients/patient-support/patient-assistance/available-programs/.content.xml,pdf-dm,converted,https://www.abbvie.com/content/dam/abbvie-com2/pdfs/pap/vraylar-patient-assistance-application-sp.pdf,https://delivery-p157365-e1665873.adobeaemcloud.com/adobe/assets/urn:aaid:aem:6c2483c2-5039-47fa-a809-434b54e4a790/original/as/vraylar-patient-assistance-application-sp.pdf,not checked
/content/abbvie-nextgen-eds/corporate/abbvie-com/us/en/patients/patient-support/patient-assistance/available-programs/.content.xml,pdf-dm,converted,https://www.abbvie.com/content/dam/abbvie-com2/pdfs/pap/vyalev-patient-assistance-application.pdf,https://delivery-p157365-e1665873.adobeaemcloud.com/adobe/assets/urn:aaid:aem:fb119639-ed7c-4a65-96d8-6811915f61c6/original/as/vyalev-patient-assistance-application.pdf,not checked
/content/abbvie-nextgen-eds/corporate/abbvie-com/us/en/patients/patient-support/patient-assistance/available-programs/.content.xml,pdf-dm,converted,https://www.abbvie.com/content/dam/abbvie-com2/pdfs/pap/vyalev-patient-assistance-application-spanish.pdf,https://delivery-p157365-e1665873.adobeaemcloud.com/adobe/assets/urn:aaid:aem:ec1bf6d8-1cab-4dcc-a6c3-ab27168b9fd5/original/as/vyalev-patient-assistance-application-spanish.pdf,not checked
/content/abbvie-nextgen-eds/corporate/abbvie-com/us/en/patients/patient-support/patient-assistance/available-programs/.content.xml,pdf-dm,converted,https://www.abbvie.com/content/dam/abbvie-com2/pdfs/pap/eye-care-application.pdf,https://delivery-p157365-e1665873.adobeaemcloud.com/adobe/assets/urn:aaid:aem:608c9ef6-b4bf-4f58-a1ac-27f85dffa8f0/original/as/eye-care-application.pdf,not checked
/content/abbvie-nextgen-eds/corporate/abbvie-com/us/en/patients/patient-support/patient-assistance/available-programs/.content.xml,pdf-dm,converted,https://www.abbvie.com/content/dam/abbvie-com2/pdfs/pap/eye-care-application-spanish.pdf,https://delivery-p157365-e1665873.adobeaemcloud.com/adobe/assets/urn:aaid:aem:17b92ec6-28e8-479e-869f-9e8e223332d5/original/as/eye-care-application-spanish.pdf,not checked
/content/abbvie-nextgen-eds/corporate/abbvie-com/us/en/patients/patient-support/patient-assistance/available-programs/.content.xml,abbvie-abs,changed,https://www.abbvie.com/content/dam/abbvie-com2/pdfs/pap/elahere-application.pdf,/content/dam/corporate/abbvie-com2/pdfs/pap/elahere-application.pdf,not checked
/content/abbvie-nextgen-eds/corporate/abbvie-com/us/en/patients/patient-support/patient-assistance/available-programs/.content.xml,short-path,changed,/patients/patient-support/patient-assistance/available-programs/humira-program-update.html,/content/abbvie-nextgen-eds/corporate/abbvie-com/us/en/patients/patient-support/patient-assistance/available-programs/humira-program-update,not checked
/content/abbvie-nextgen-eds/corporate/abbvie-com/us/en/patients/products/.content.xml,pdf-dm,converted,/content/dam/corporate/abbvie-com2/pdfs/ESA.pdf,https://delivery-p157365-e1665873.adobeaemcloud.com/adobe/assets/urn:aaid:aem:a3d537fb-96c0-496c-9f36-311ef5c81f16/original/as/ESA.pdf,not checked
/content/abbvie-nextgen-eds/corporate/abbvie-com/us/en/patients/product-quality-and-safety/.content.xml,pdf-dm,converted,/content/dam/corporate/abbvie-com2/pdfs/suppliers/2021-environment-and-safety-performance-report.pdf,https://delivery-p157365-e1665873.adobeaemcloud.com/adobe/assets/urn:aaid:aem:637b38b3-c88e-45b8-bcc4-24bff39da7cd/original/as/2021-environment-and-safety-performance-report.pdf,not checked
/content/abbvie-nextgen-eds/corporate/abbvie-com/us/en/join-us/.content.xml,short-path,changed,/join-us/opportunities.html,/content/abbvie-nextgen-eds/corporate/abbvie-com/us/en/join-us/opportunities,not checked
/content/abbvie-nextgen-eds/corporate/abbvie-com/us/en/join-us/life-at-abbvie/benefits/.content.xml,abbvie-abs,changed,https://www.abbvie.com/join-us/life-at-abbvie/well-being-in-the-workplace.html,/content/abbvie-nextgen-eds/corporate/abbvie-com/us/en/join-us/life-at-abbvie/well-being-in-the-workplace,not checked
/content/abbvie-nextgen-eds/corporate/abbvie-com/us/en/join-us/life-at-abbvie/benefits/.content.xml,abbvie-abs,changed,https://www.abbvie.com/join-us/life-at-abbvie/learning-and-development.html,/content/abbvie-nextgen-eds/corporate/abbvie-com/us/en/join-us/life-at-abbvie/learning-and-development,not checked
/content/abbvie-nextgen-eds/corporate/abbvie-com/us/en/join-us/life-at-abbvie/employee-resource-groups/abbvie-pride/.content.xml,short-path,changed,/who-we-are/our-stories/abbvies-2024-working-parents-finding-purpose-in-adversity,/content/abbvie-nextgen-eds/corporate/abbvie-com/us/en/who-we-are/our-stories/abbvies-2024-working-parents-finding-purpose-in-adversity,not checked
/content/abbvie-nextgen-eds/corporate/abbvie-com/us/en/join-us/life-at-abbvie/employee-resource-groups/black-business-network/.content.xml,short-path,changed,/who-we-are/our-stories/abbvies-2024-working-parents-finding-purpose-in-adversity,/content/abbvie-nextgen-eds/corporate/abbvie-com/us/en/who-we-are/our-stories/abbvies-2024-working-parents-finding-purpose-in-adversity,not checked
/content/abbvie-nextgen-eds/corporate/abbvie-com/us/en/join-us/life-at-abbvie/well-being-in-the-workplace/.content.xml,short-path,changed,/sustainability/abbvie-foundation.html,/content/abbvie-nextgen-eds/corporate/abbvie-com/us/en/sustainability/abbvie-foundation,not checked
/content/abbvie-nextgen-eds/corporate/abbvie-com/us/en/join-us/opportunities/research-and-development/.content.xml,short-path,changed,/corporate/abbvie-com/language-masters/en/science/areas-of-focus/neuroscience,/content/abbvie-nextgen-eds/corporate/abbvie-com/language-masters/en/science/areas-of-focus/neuroscience,not checked
/content/abbvie-nextgen-eds/corporate/abbvie-com/us/en/join-us/why-abbvie/.content.xml,scene7,changed,https://abbvie.scene7.com/is/image/abbviecorp/man-with-arms-wide-hero,https://delivery-p157365-e1665873.adobeaemcloud.com/adobe/assets/urn:aaid:aem:21a8316d-5928-414f-be70-b04435946b0f/as/man-with-arms-wide-hero.jpg,not checked
/content/abbvie-nextgen-eds/corporate/abbvie-com/us/en/join-us/why-abbvie/.content.xml,scene7,changed,https://abbvie.scene7.com/is/image/abbviecorp/maha-noujeime-headshot,https://delivery-p157365-e1665873.adobeaemcloud.com/adobe/assets/urn:aaid:aem:faedff91-1cfc-4356-8dc8-9ab7c79b3e22/as/maha-noujeime-headshot.jpg,not checked
/content/abbvie-nextgen-eds/corporate/abbvie-com/us/en/join-us/why-abbvie/.content.xml,scene7,changed,https://abbvie.scene7.com/is/image/abbviecorp/older-man-scientist,https://delivery-p157365-e1665873.adobeaemcloud.com/adobe/assets/urn:aaid:aem:c7f45525-f213-491a-9b4b-b164e1c423a7/as/older-man-scientist.jpg,not checked
/content/abbvie-nextgen-eds/corporate/abbvie-com/us/en/join-us/why-abbvie/.content.xml,scene7,changed,https://abbvie.scene7.com/is/image/abbviecorp/group-women-around-table-hero,https://delivery-p157365-e1665873.adobeaemcloud.com/adobe/assets/urn:aaid:aem:0d943cc8-e482-4e9a-b265-68c9dcaa16e1/as/group-women-around-table-hero.jpg,not checked
/content/abbvie-nextgen-eds/corporate/abbvie-com/us/en/join-us/why-abbvie/.content.xml,scene7,changed,https://abbvie.scene7.com/is/image/abbviecorp/woman-scientist-lab,https://delivery-p157365-e1665873.adobeaemcloud.com/adobe/assets/urn:aaid:aem:c78e4df0-e976-4d0a-b7b7-aa425d2b5ce3/as/woman-scientist-lab.jpg,not checked
/content/abbvie-nextgen-eds/corporate/abbvie-com/us/en/join-us/why-abbvie/.content.xml,scene7,changed,https://abbvie.scene7.com/is/image/abbviecorp/man-woman-walking-down-hall,https://delivery-p157365-e1665873.adobeaemcloud.com/adobe/assets/urn:aaid:aem:48cb1979-e288-42f3-a72f-b7aec8a2406d/as/man-woman-walking-down-hall.jpg,not checked
/content/abbvie-nextgen-eds/corporate/abbvie-com/us/en/join-us/why-abbvie/.content.xml,scene7,changed,https://abbvie.scene7.com/is/image/abbviecorp/two-women-walking-upstairs,https://delivery-p157365-e1665873.adobeaemcloud.com/adobe/assets/urn:aaid:aem:f986ca37-c50e-4c77-984c-0a47c0994f10/as/two-women-walking-upstairs.jpg,not checked
/content/abbvie-nextgen-eds/corporate/abbvie-com/us/en/join-us/why-abbvie/.content.xml,short-path,changed,/join-us/life-at-abbvie.html,/content/abbvie-nextgen-eds/corporate/abbvie-com/us/en/join-us/life-at-abbvie,not checked
/content/abbvie-nextgen-eds/corporate/abbvie-com/us/en/join-us/why-abbvie/.content.xml,short-path,changed,/who-we-are/our-principles/equity-equality-inclusion-diversity.html,/content/abbvie-nextgen-eds/corporate/abbvie-com/us/en/who-we-are/our-principles/equity-equality-inclusion-diversity,not checked
/content/abbvie-nextgen-eds/corporate/abbvie-com/us/en/join-us/why-abbvie/.content.xml,short-path,changed,/join-us/life-at-abbvie/learning-and-development.html,/content/abbvie-nextgen-eds/corporate/abbvie-com/us/en/join-us/life-at-abbvie/learning-and-development,not checked
/content/abbvie-nextgen-eds/corporate/abbvie-com/us/en/join-us/equal-employment-opportunity-employer/.content.xml,pdf-dm,converted,https://www.abbvie.com/content/dam/abbvie-com2/pdfs/joinus/eeo/FEDAPP-english.pdf,https://delivery-p157365-e1665873.adobeaemcloud.com/adobe/assets/urn:aaid:aem:14256323-1e4f-47ae-a390-993f2bf73b3c/original/as/FEDAPP-english.pdf,not checked
/content/abbvie-nextgen-eds/corporate/abbvie-com/us/en/join-us/equal-employment-opportunity-employer/.content.xml,pdf-dm,converted,https://www.abbvie.com/content/dam/abbvie-com2/pdfs/joinus/eeo/FEDAPP-spanish.pdf,https://delivery-p157365-e1665873.adobeaemcloud.com/adobe/assets/urn:aaid:aem:74073e37-7a21-4c82-9d8f-aec11f539b9c/original/as/FEDAPP-spanish.pdf,not checked
/content/abbvie-nextgen-eds/corporate/abbvie-com/us/en/join-us/student-and-new-graduates/.content.xml,abbvie-abs,changed,https://abbvie.com/,/content/abbvie-nextgen-eds/corporate/abbvie-com/us/en/,not checked
/content/abbvie-nextgen-eds/corporate/abbvie-com/us/en/join-us/student-and-new-graduates/.content.xml,abbvie-abs,changed,https://www.abbvie.com/join-us/life-at-abbvie.html,/content/abbvie-nextgen-eds/corporate/abbvie-com/us/en/join-us/life-at-abbvie,not checked
/content/abbvie-nextgen-eds/corporate/abbvie-com/us/en/join-us/student-and-new-graduates/.content.xml,scene7,changed,https://abbvie.scene7.com/is/image/abbviecorp/abbvie-students,https://delivery-p157365-e1665873.adobeaemcloud.com/adobe/assets/urn:aaid:aem:da62c3f1-60cb-4a9f-a449-444d61ef1ab2/as/abbvie-students.jpg,not checked
/content/abbvie-nextgen-eds/corporate/abbvie-com/us/en/join-us/student-and-new-graduates/.content.xml,scene7,changed,https://abbvie.scene7.com/is/image/abbviecorp/abbvie-new-graduates-and-entry-level-positions-hero,https://delivery-p157365-e1665873.adobeaemcloud.com/adobe/assets/urn:aaid:aem:f760ad5e-4d15-40fd-8136-8c2014eed650/as/abbvie-new-graduates-and-entry-level-positions-hero.jpg,not checked
/content/abbvie-nextgen-eds/corporate/abbvie-com/us/en/join-us/student-and-new-graduates/.content.xml,scene7,changed,https://abbvie.scene7.com/is/image/abbviecorp/2025-nid-top-100-list-1,https://delivery-p157365-e1665873.adobeaemcloud.com/adobe/assets/urn:aaid:aem:9403e71f-2416-4e40-a94d-8f22d71c8e4c/as/2025-nid-top-100-list.jpg,not checked
/content/abbvie-nextgen-eds/corporate/abbvie-com/us/en/join-us/student-and-new-graduates/.content.xml,scene7,changed,https://abbvie.scene7.com/is/image/abbviecorp/abbvie-students-and-new-graduates-come-meet-us,https://delivery-p157365-e1665873.adobeaemcloud.com/adobe/assets/urn:aaid:aem:1d41ccfc-5206-41b8-98e7-6dc730bcddf6/as/abbvie-students-and-new-graduates-come-meet-us.jpg,not checked
/content/abbvie-nextgen-eds/corporate/abbvie-com/us/en/join-us/student-and-new-graduates/.content.xml,scene7,changed,https://abbvie.scene7.com/is/image/abbviecorp/male-in-lab-science-hero,https://delivery-p157365-e1665873.adobeaemcloud.com/adobe/assets/urn:aaid:aem:f1466dd9-b02b-46a2-85ff-d16b3870265c/as/male-in-lab-science-hero.jpg,not checked
/content/abbvie-nextgen-eds/corporate/abbvie-com/us/en/join-us/student-and-new-graduates/.content.xml,short-path,changed,/join-us/student-programs.html,/content/abbvie-nextgen-eds/corporate/abbvie-com/us/en/join-us/student-programs,not checked
/content/abbvie-nextgen-eds/corporate/abbvie-com/us/en/join-us/student-and-new-graduates/.content.xml,short-path,changed,/join-us/student-and-new-graduates/new-graduates-and-entry-level-positions.html,/content/abbvie-nextgen-eds/corporate/abbvie-com/us/en/join-us/student-and-new-graduates/new-graduates-and-entry-level-positions,not checked
/content/abbvie-nextgen-eds/corporate/abbvie-com/us/en/join-us/student-and-new-graduates/.content.xml,short-path,changed,/join-us/why-abbvie.html,/content/abbvie-nextgen-eds/corporate/abbvie-com/us/en/join-us/why-abbvie,not checked
/content/abbvie-nextgen-eds/corporate/abbvie-com/us/en/join-us/student-and-new-graduates/.content.xml,short-path,changed,/join-us/opportunities.html,/content/abbvie-nextgen-eds/corporate/abbvie-com/us/en/join-us/opportunities,not checked
/content/abbvie-nextgen-eds/corporate/abbvie-com/us/en/join-us/student-and-new-graduates/new-graduates-and-entry-level-positions/.content.xml,abbvie-abs,changed,https://www.abbvie.com/join-us/postdoctoral-program.html,/content/abbvie-nextgen-eds/corporate/abbvie-com/us/en/join-us/postdoctoral-program,not checked
/content/abbvie-nextgen-eds/corporate/abbvie-com/us/en/join-us/bay-area-opportunities/.content.xml,scene7,changed,https://abbvie.scene7.com/is/image/abbviecorp/bay-area-exterior-hero,https://delivery-p157365-e1665873.adobeaemcloud.com/adobe/assets/urn:aaid:aem:5ab1d2f0-a50d-4cdd-86e3-212953253b40/as/bay-area-exterior-hero.jpg,not checked
/content/abbvie-nextgen-eds/corporate/abbvie-com/us/en/join-us/bay-area-opportunities/.content.xml,scene7,changed,https://abbvie.scene7.com/is/image/abbviecorp/gallery-image-1,https://delivery-p157365-e1665873.adobeaemcloud.com/adobe/assets/urn:aaid:aem:cdc70720-930f-4455-a5f4-0a4a7af3b8db/as/gallery-image-1.jpg,not checked
/content/abbvie-nextgen-eds/corporate/abbvie-com/us/en/join-us/bay-area-opportunities/.content.xml,scene7,changed,https://abbvie.scene7.com/is/image/abbviecorp/gallery-image-6,https://delivery-p157365-e1665873.adobeaemcloud.com/adobe/assets/urn:aaid:aem:3f82abdd-1eba-434a-a713-d11501121aca/as/gallery-image-6.jpg,not checked
/content/abbvie-nextgen-eds/corporate/abbvie-com/us/en/join-us/bay-area-opportunities/.content.xml,scene7,changed,https://abbvie.scene7.com/is/image/abbviecorp/gallery-image-5,https://delivery-p157365-e1665873.adobeaemcloud.com/adobe/assets/urn:aaid:aem:a0aa36d5-6a99-4e34-a62a-4b8a93af4747/as/gallery-image-5.jpg,not checked
/content/abbvie-nextgen-eds/corporate/abbvie-com/us/en/join-us/bay-area-opportunities/.content.xml,scene7,changed,https://abbvie.scene7.com/is/image/abbviecorp/gallery-image-2,https://delivery-p157365-e1665873.adobeaemcloud.com/adobe/assets/urn:aaid:aem:ca02a5c2-acbb-415b-8966-f671a8dba141/as/gallery-image-2.jpg,not checked
/content/abbvie-nextgen-eds/corporate/abbvie-com/us/en/join-us/bay-area-opportunities/.content.xml,scene7,changed,https://abbvie.scene7.com/is/image/abbviecorp/gallery-image-3,https://delivery-p157365-e1665873.adobeaemcloud.com/adobe/assets/urn:aaid:aem:99bb271e-304d-4f23-9606-af3dc7661319/as/gallery-image-3.jpg,not checked
/content/abbvie-nextgen-eds/corporate/abbvie-com/us/en/join-us/bay-area-opportunities/.content.xml,scene7,changed,https://abbvie.scene7.com/is/image/abbviecorp/gallery-image-4,https://delivery-p157365-e1665873.adobeaemcloud.com/adobe/assets/urn:aaid:aem:a561a5d7-27ac-4412-bfe8-fa275667046a/as/gallery-image-4.jpg,not checked
/content/abbvie-nextgen-eds/corporate/abbvie-com/us/en/join-us/bay-area-opportunities/.content.xml,scene7,changed,https://abbvie.scene7.com/is/image/abbviecorp/gallery-image-7,https://delivery-p157365-e1665873.adobeaemcloud.com/adobe/assets/urn:aaid:aem:53c45255-d35b-45e1-899e-3b110342fa7f/as/gallery-image-7.jpg,not checked
/content/abbvie-nextgen-eds/corporate/abbvie-com/us/en/join-us/bay-area-opportunities/.content.xml,scene7,changed,https://abbvie.scene7.com/is/image/abbviecorp/two-men-scientist-whiteboard-feature,https://delivery-p157365-e1665873.adobeaemcloud.com/adobe/assets/urn:aaid:aem:8c32be80-2ff7-4d01-a514-ba000a94cd55/as/two-men-scientist-whiteboard-feature.jpg,not checked
/content/abbvie-nextgen-eds/corporate/abbvie-com/us/en/join-us/bay-area-opportunities/.content.xml,scene7,changed,https://abbvie.scene7.com/is/image/abbviecorp/two-women-scientist-talking-hero,https://delivery-p157365-e1665873.adobeaemcloud.com/adobe/assets/urn:aaid:aem:20902a61-01f9-4b7f-b01d-f57ba06bf2e7/as/two-women-scientist-talking-hero.jpg,not checked
/content/abbvie-nextgen-eds/corporate/abbvie-com/us/en/join-us/bay-area-opportunities/.content.xml,scene7,changed,https://abbvie.scene7.com/is/image/abbviecorp/man-with-gloves-main,https://delivery-p157365-e1665873.adobeaemcloud.com/adobe/assets/urn:aaid:aem:2c7ee66e-2726-42f5-b154-7069c4b14a5e/as/man-with-gloves-main.jpg,not checked
/content/abbvie-nextgen-eds/corporate/abbvie-com/us/en/join-us/postdoctoral-program/.content.xml,scene7,changed,https://abbvie.scene7.com/is/image/abbviecorp/man-woman-in-lab-hero,https://delivery-p157365-e1665873.adobeaemcloud.com/adobe/assets/urn:aaid:aem:adb0f459-e94d-453f-9855-54988f358c75/as/man-woman-in-lab-hero.jpg,not checked
/content/abbvie-nextgen-eds/corporate/abbvie-com/us/en/join-us/postdoctoral-program/.content.xml,scene7,changed,https://abbvie.scene7.com/is/image/abbviecorp/scientist-hands-tube-feature-small,https://delivery-p157365-e1665873.adobeaemcloud.com/adobe/assets/urn:aaid:aem:3bf60132-984b-490b-b288-eb0524699e5a/as/scientist-hands-tube-feature-small.jpg,not checked
/content/abbvie-nextgen-eds/corporate/abbvie-com/us/en/join-us/postdoctoral-program/.content.xml,scene7,changed,https://abbvie.scene7.com/is/image/abbviecorp/woman-scientist-looking-down-hero,https://delivery-p157365-e1665873.adobeaemcloud.com/adobe/assets/urn:aaid:aem:3fef13a0-0683-4696-b7b9-80bd1c52fc0d/as/woman-scientist-looking-down-hero.jpg,not checked
/content/abbvie-nextgen-eds/corporate/abbvie-com/us/en/join-us/postdoctoral-program/.content.xml,scene7,changed,https://abbvie.scene7.com/is/image/abbviecorp/young-group-women-smiling-feature-small,https://delivery-p157365-e1665873.adobeaemcloud.com/adobe/assets/urn:aaid:aem:6f2b71ef-4b54-4c79-8b9a-e3e9ade59190/as/young-group-women-smiling-feature-small.jpg,not checked
/content/abbvie-nextgen-eds/corporate/abbvie-com/us/en/join-us/postdoctoral-program/.content.xml,scene7,changed,https://abbvie.scene7.com/is/image/abbviecorp/shuhong-zhang-headshot-quote,https://delivery-p157365-e1665873.adobeaemcloud.com/adobe/assets/urn:aaid:aem:0f46ce73-6755-4561-af75-0d0bc3ab6baa/as/shuhong-zhang-headshot-quote.jpg,not checked
/content/abbvie-nextgen-eds/corporate/abbvie-com/us/en/join-us/postdoctoral-program/.content.xml,short-path,changed,/science/publications.html,/content/abbvie-nextgen-eds/corporate/abbvie-com/us/en/science/publications,not checked
/content/abbvie-nextgen-eds/corporate/abbvie-com/us/en/join-us/internships/.content.xml,abbvie-abs,changed,https://abbvie.com/,/content/abbvie-nextgen-eds/corporate/abbvie-com/us/en/,not checked
/content/abbvie-nextgen-eds/corporate/abbvie-com/us/en/join-us/internships/.content.xml,abbvie-abs,changed,https://www.abbvie.com/join-us/life-at-abbvie.html,/content/abbvie-nextgen-eds/corporate/abbvie-com/us/en/join-us/life-at-abbvie,not checked
/content/abbvie-nextgen-eds/corporate/abbvie-com/us/en/join-us/internships/.content.xml,scene7,changed,https://abbvie.scene7.com/is/image/abbviecorp/abbvie-internships-hero,https://delivery-p157365-e1665873.adobeaemcloud.com/adobe/assets/urn:aaid:aem:259222a1-c44c-4363-a6d1-53c093d8c65b/as/abbvie-internships-hero.jpg,not checked
/content/abbvie-nextgen-eds/corporate/abbvie-com/us/en/join-us/internships/.content.xml,scene7,changed,https://abbvie.scene7.com/is/image/abbviecorp/abbvie-students-internships-v2,https://delivery-p157365-e1665873.adobeaemcloud.com/adobe/assets/urn:aaid:aem:30f6ad9a-9987-4806-aa96-5f41affbf1e7/as/abbvie-students-internships-v2.jpg,not checked
/content/abbvie-nextgen-eds/corporate/abbvie-com/us/en/join-us/student-programs/.content.xml,short-path,changed,/join-us/internships.html,/content/abbvie-nextgen-eds/corporate/abbvie-com/us/en/join-us/internships,not checked
/content/abbvie-nextgen-eds/corporate/abbvie-com/us/en/join-us/welcome-to-abbvie/.content.xml,pdf-dm,converted,https://www.abbvie.com/content/dam/abbvie-com2/pdfs/joinus/acceptable-documents.pdf,https://delivery-p157365-e1665873.adobeaemcloud.com/adobe/assets/urn:aaid:aem:235eed55-b405-4b0b-b623-36993d66f9d5/original/as/acceptable-documents.pdf,not checked
/content/abbvie-nextgen-eds/corporate/abbvie-com/us/en/join-us/welcome-to-abbvie/.content.xml,pdf-dm,converted,/content/dam/abbvie-com2/pdfs/joinus/acceptable-documents.pdf,https://delivery-p157365-e1665873.adobeaemcloud.com/adobe/assets/urn:aaid:aem:235eed55-b405-4b0b-b623-36993d66f9d5/original/as/acceptable-documents.pdf,not checked
/content/abbvie-nextgen-eds/corporate/abbvie-com/us/en/join-us/welcome-to-abbvie/.content.xml,pdf-dm,converted,https://www.abbvie.com/content/dam/abbvie-com2/pdfs/joinus/2026-abv-total-rewards-resources-guide-jan-publish.pdf,https://delivery-p157365-e1665873.adobeaemcloud.com/adobe/assets/urn:aaid:aem:0b92502a-f815-4850-9e8b-50b9072b4a52/original/as/2026-abv-total-rewards-resources-guide-jan-publish.pdf,not checked
/content/abbvie-nextgen-eds/corporate/abbvie-com/us/en/join-us/welcome-to-abbvie/.content.xml,pdf-dm,converted,https://www.abbvie.com/content/dam/abbvie-com2/pdfs/joinus/abbvie-new-hire-checklist.pdf,https://delivery-p157365-e1665873.adobeaemcloud.com/adobe/assets/urn:aaid:aem:7cf52e0a-1207-4014-ab40-11532631fef7/original/as/abbvie-new-hire-checklist.pdf,not checked
/content/abbvie-nextgen-eds/corporate/abbvie-com/us/en/join-us/welcome-to-abbvie/.content.xml,pdf-dm,converted,https://www.abbvie.com/content/dam/abbvie-com2/pdfs/joinus/time-of-hire-pamphlet.pdf,https://delivery-p157365-e1665873.adobeaemcloud.com/adobe/assets/urn:aaid:aem:4611d4f2-d616-4b4b-a794-26832c495ee2/original/as/time-of-hire-pamphlet.pdf,not checked
/content/abbvie-nextgen-eds/corporate/abbvie-com/us/en/join-us/welcome-to-abbvie/.content.xml,pdf-dm,converted,https://www.abbvie.com/content/dam/abbvie-com2/pdfs/joinus/dfeh_sexualharassment_pamphlet.pdf,https://delivery-p157365-e1665873.adobeaemcloud.com/adobe/assets/urn:aaid:aem:89ca8ed0-7e1d-4cbf-9a85-cd3b18b935d0/original/as/dfeh_sexualharassment_pamphlet.pdf,not checked
/content/abbvie-nextgen-eds/corporate/abbvie-com/us/en/join-us/welcome-to-abbvie/.content.xml,pdf-dm,converted,https://www.abbvie.com/content/dam/abbvie-com2/pdfs/joinus/work-related-injury-information-california.pdf,https://delivery-p157365-e1665873.adobeaemcloud.com/adobe/assets/urn:aaid:aem:b9fe64b2-62db-40ae-9cea-753ab9f01582/original/as/work-related-injury-information-california.pdf,not checked
/content/abbvie-nextgen-eds/corporate/abbvie-com/us/en/join-us/welcome-to-abbvie/.content.xml,pdf-dm,converted,https://www.abbvie.com/content/dam/abbvie-com2/pdfs/joinus/californias-program-for-the-unemployed.pdf,https://delivery-p157365-e1665873.adobeaemcloud.com/adobe/assets/urn:aaid:aem:3eaaefaa-3285-481f-a52d-e6e2039075b8/original/as/californias-program-for-the-unemployed.pdf,not checked
/content/abbvie-nextgen-eds/corporate/abbvie-com/us/en/join-us/welcome-to-abbvie/.content.xml,pdf-dm,converted,https://www.abbvie.com/content/dam/abbvie-com2/pdfs/joinus/know-your-rights-notice-english.pdf,https://delivery-p157365-e1665873.adobeaemcloud.com/adobe/assets/urn:aaid:aem:933cca76-a2f9-4c77-a2f3-fb1ab44c3a59/original/as/know-your-rights-notice-english.pdf,not checked
/content/abbvie-nextgen-eds/corporate/abbvie-com/us/en/join-us/welcome-to-abbvie/.content.xml,pdf-dm,converted,https://www.abbvie.com/content/dam/abbvie-com2/pdfs/joinus/nj-state-disability-insurance-provisions.pdf,https://delivery-p157365-e1665873.adobeaemcloud.com/adobe/assets/urn:aaid:aem:cf1b5462-c859-4f7d-b011-079b4c760909/original/as/nj-state-disability-insurance-provisions.pdf,not checked
/content/abbvie-nextgen-eds/corporate/abbvie-com/us/en/join-us/welcome-to-abbvie/.content.xml,pdf-dm,converted,https://www.abbvie.com/content/dam/abbvie-com2/pdfs/joinus/nj-paid-family-leave.pdf,https://delivery-p157365-e1665873.adobeaemcloud.com/adobe/assets/urn:aaid:aem:e9a70ab7-b8c0-46ca-9b02-2b47ed7c5783/original/as/nj-paid-family-leave.pdf,not checked
/content/abbvie-nextgen-eds/corporate/abbvie-com/us/en/join-us/welcome-to-abbvie/.content.xml,pdf-dm,converted,https://www.abbvie.com/content/dam/abbvie-com2/pdfs/joinus/nj-conscientious-employee-protection-act-cepa.pdf,https://delivery-p157365-e1665873.adobeaemcloud.com/adobe/assets/urn:aaid:aem:369c9f8d-391b-4eab-8dff-97cc0a7c073f/original/as/nj-conscientious-employee-protection-act-cepa.pdf,not checked
/content/abbvie-nextgen-eds/corporate/abbvie-com/us/en/join-us/welcome-to-abbvie/.content.xml,pdf-dm,converted,https://www.abbvie.com/content/dam/abbvie-com2/pdfs/joinus/nj-reporting-and-recordkeeping.pdf,https://delivery-p157365-e1665873.adobeaemcloud.com/adobe/assets/urn:aaid:aem:d9d090d5-a56e-4a32-86ed-c5b24babff6f/original/as/nj-reporting-and-recordkeeping.pdf,not checked
/content/abbvie-nextgen-eds/corporate/abbvie-com/us/en/join-us/welcome-to-abbvie/.content.xml,pdf-dm,converted,https://www.abbvie.com/content/dam/abbvie-com2/pdfs/joinus/nj-gender-equity-protections.pdf,https://delivery-p157365-e1665873.adobeaemcloud.com/adobe/assets/urn:aaid:aem:ece76df7-54ee-41eb-ad8e-95017524f167/original/as/nj-gender-equity-protections.pdf,not checked
/content/abbvie-nextgen-eds/corporate/abbvie-com/us/en/join-us/welcome-to-abbvie/.content.xml,pdf-dm,converted,https://www.abbvie.com/content/dam/abbvie-com2/pdfs/joinus/nyc-stop-sexual-harassment-factsheet.pdf,https://delivery-p157365-e1665873.adobeaemcloud.com/adobe/assets/urn:aaid:aem:584a703e-de75-4c10-9468-1443e7dd1129/original/as/nyc-stop-sexual-harassment-factsheet.pdf,not checked
/content/abbvie-nextgen-eds/corporate/abbvie-com/us/en/join-us/welcome-to-abbvie/.content.xml,pdf-dm,converted,https://www.abbvie.com/content/dam/abbvie-com2/pdfs/joinus/neo-welcome-pages.pdf,https://delivery-p157365-e1665873.adobeaemcloud.com/adobe/assets/urn:aaid:aem:d5dc99a1-a5b4-4908-a25e-10de2a99d4c0/original/as/neo-welcome-pages.pdf,not checked
/content/abbvie-nextgen-eds/corporate/abbvie-com/us/en/science/.content.xml,abbvie-abs,changed,https://www.abbvie.com/science/areas-of-focus/immunology.html,/content/abbvie-nextgen-eds/corporate/abbvie-com/us/en/science/areas-of-focus/immunology,not checked
/content/abbvie-nextgen-eds/corporate/abbvie-com/us/en/science/.content.xml,abbvie-abs,changed,https://www.abbvie.com/science/areas-of-focus/oncology.html,/content/abbvie-nextgen-eds/corporate/abbvie-com/us/en/science/areas-of-focus/oncology,not checked
/content/abbvie-nextgen-eds/corporate/abbvie-com/us/en/science/.content.xml,abbvie-abs,changed,https://www.abbvie.com/science/areas-of-focus/neuroscience.html,/content/abbvie-nextgen-eds/corporate/abbvie-com/us/en/science/areas-of-focus/neuroscience,not checked
/content/abbvie-nextgen-eds/corporate/abbvie-com/us/en/science/.content.xml,abbvie-abs,changed,https://www.abbvie.com/science/areas-of-focus/eye-care.html,/content/abbvie-nextgen-eds/corporate/abbvie-com/us/en/science/areas-of-focus/eye-care,not checked
/content/abbvie-nextgen-eds/corporate/abbvie-com/us/en/science/.content.xml,abbvie-abs,changed,https://www.abbvie.com/science/areas-of-focus/aesthetics.html,/content/abbvie-nextgen-eds/corporate/abbvie-com/us/en/science/areas-of-focus/aesthetics,not checked
/content/abbvie-nextgen-eds/corporate/abbvie-com/us/en/science/.content.xml,abbvie-abs,changed,https://www.abbvie.com/science/areas-of-focus/other-specialties.html,/content/abbvie-nextgen-eds/corporate/abbvie-com/us/en/science/areas-of-focus/other-specialties,not checked
/content/abbvie-nextgen-eds/corporate/abbvie-com/us/en/science/.content.xml,abbvie-abs,changed,https://www.abbvie.com/science/areas-of-focus.html,/content/abbvie-nextgen-eds/corporate/abbvie-com/us/en/science/areas-of-focus,not checked
/content/abbvie-nextgen-eds/corporate/abbvie-com/us/en/science/.content.xml,abbvie-abs,changed,https://www.abbvie.com/science/areas-of-innovation.html,/content/abbvie-nextgen-eds/corporate/abbvie-com/us/en/science/areas-of-innovation,not checked
/content/abbvie-nextgen-eds/corporate/abbvie-com/us/en/science/.content.xml,abbvie-abs,changed,https://www.abbvie.com/science/our-people.html,/content/abbvie-nextgen-eds/corporate/abbvie-com/us/en/science/our-people,not checked
/content/abbvie-nextgen-eds/corporate/abbvie-com/us/en/science/.content.xml,abbvie-abs,changed,https://www.abbvie.com/science/partner-with-us.html,/content/abbvie-nextgen-eds/corporate/abbvie-com/us/en/science/partner-with-us,not checked
/content/abbvie-nextgen-eds/corporate/abbvie-com/us/en/science/.content.xml,abbvie-abs,changed,https://www.abbvie.com/science/clinical-trials.html,/content/abbvie-nextgen-eds/corporate/abbvie-com/us/en/science/clinical-trials,not checked
/content/abbvie-nextgen-eds/corporate/abbvie-com/us/en/science/.content.xml,abbvie-abs,changed,https://www.abbvie.com/content/dam/abbvie-com2/images/ppp/ambily-scientist-hero.jpg,/content/dam/corporate/abbvie-com2/images/ppp/ambily-scientist-hero.jpg,not checked
/content/abbvie-nextgen-eds/corporate/abbvie-com/us/en/science/.content.xml,scene7,changed,https://abbvie.scene7.com/is/image/abbviecorp/Cambridge%20Scientists,https://delivery-p157365-e1665873.adobeaemcloud.com/adobe/assets/urn:aaid:aem:de11216e-fbc9-4d84-9d66-9db17b06c79f/as/Cambridge%20Scientists.jpg,not checked
/content/abbvie-nextgen-eds/corporate/abbvie-com/us/en/science/.content.xml,short-path,changed,/who-we-are/our-stories/the-persistence-lab-podcasts.html,/content/abbvie-nextgen-eds/corporate/abbvie-com/us/en/who-we-are/our-stories/the-persistence-lab-podcasts,not checked
/content/abbvie-nextgen-eds/corporate/abbvie-com/us/en/science/.content.xml,short-path,changed,/science/our-people/science-in-60-seconds.html,/content/abbvie-nextgen-eds/corporate/abbvie-com/us/en/science/our-people/science-in-60-seconds,not checked
/content/abbvie-nextgen-eds/corporate/abbvie-com/us/en/science/.content.xml,short-path,changed,/science/our-people/lab-of-the-future.html,/content/abbvie-nextgen-eds/corporate/abbvie-com/us/en/science/our-people/lab-of-the-future,not checked
/content/abbvie-nextgen-eds/corporate/abbvie-com/us/en/science/.content.xml,short-path,changed,/science/our-people/discovery-files.html,/content/abbvie-nextgen-eds/corporate/abbvie-com/us/en/science/our-people/discovery-files,not checked
/content/abbvie-nextgen-eds/corporate/abbvie-com/us/en/science/.content.xml,short-path,changed,/science/areas-of-focus.html,/content/abbvie-nextgen-eds/corporate/abbvie-com/us/en/science/areas-of-focus,not checked
/content/abbvie-nextgen-eds/corporate/abbvie-com/us/en/science/.content.xml,short-path,changed,/science/areas-of-innovation.html,/content/abbvie-nextgen-eds/corporate/abbvie-com/us/en/science/areas-of-innovation,not checked
/content/abbvie-nextgen-eds/corporate/abbvie-com/us/en/science/.content.xml,short-path,changed,/science/areas-of-innovation.html,/content/abbvie-nextgen-eds/corporate/abbvie-com/us/en/science/areas-of-innovation,not checked
/content/abbvie-nextgen-eds/corporate/abbvie-com/us/en/science/.content.xml,short-path,changed,/science/our-people.html,/content/abbvie-nextgen-eds/corporate/abbvie-com/us/en/science/our-people,not checked
/content/abbvie-nextgen-eds/corporate/abbvie-com/us/en/science/.content.xml,short-path,changed,/join-us/opportunities/research-and-development.html,/content/abbvie-nextgen-eds/corporate/abbvie-com/us/en/join-us/opportunities/research-and-development,not checked
/content/abbvie-nextgen-eds/corporate/abbvie-com/us/en/science/areas-of-focus/neuroscience/.content.xml,dam-path,changed,/content/dam/abbvie-com2/images/cell/neuroscience-cell-feature.jpg,/content/dam/corporate/abbvie-com2/images/cell/neuroscience-cell-feature.jpg,not checked
/content/abbvie-nextgen-eds/corporate/abbvie-com/us/en/science/areas-of-focus/neuroscience/.content.xml,short-path,changed,/corporate/abbvie-com/language-masters/en/who-we-are/our-stories/expert-insights-the-promise-of-genetic-medicine-and-abbvies-role-in-research.html,/content/abbvie-nextgen-eds/corporate/abbvie-com/language-masters/en/who-we-are/our-stories/expert-insights-the-promise-of-genetic-medicine-and-abbvies-role-in-research,not checked
/content/abbvie-nextgen-eds/corporate/abbvie-com/us/en/science/areas-of-focus/neuroscience/.content.xml,short-path,changed,/corporate/abbvie-com/language-masters/en/who-we-are/our-stories/how-the-parkinsons-disease-community-is-shaping-the-future,/content/abbvie-nextgen-eds/corporate/abbvie-com/language-masters/en/who-we-are/our-stories/how-the-parkinsons-disease-community-is-shaping-the-future,not checked
/content/abbvie-nextgen-eds/corporate/abbvie-com/us/en/science/areas-of-focus/oncology/.content.xml,pdf-dm,converted,/content/dam/corporate/abbvie-com2/pdfs/oncology/p1per-infographic.pdf,https://delivery-p157365-e1665873.adobeaemcloud.com/adobe/assets/urn:aaid:aem:36431ec9-018f-4108-b9d5-93e5b4721969/original/as/p1per-infographic.pdf,not checked
/content/abbvie-nextgen-eds/corporate/abbvie-com/us/en/science/areas-of-focus/oncology/.content.xml,pdf-dm,converted,/content/dam/corporate.abbvie-com2/pdfs/afg-global-cll-community-insights-stakeholders.pdf,https://delivery-p157365-e1665873.adobeaemcloud.com/adobe/assets/urn:aaid:aem:f50f5010-6274-4efc-aaa8-934fca68de35/original/as/afg-global-cll-community-insights-stakeholders.pdf,not checked
/content/abbvie-nextgen-eds/corporate/abbvie-com/us/en/science/areas-of-focus/aesthetics/.content.xml,dam-path,changed,/content/dam/abbvie-com2/images/cell/aesthetics-cell-feature.jpg,/content/dam/corporate/abbvie-com2/images/cell/aesthetics-cell-feature.jpg,not checked
/content/abbvie-nextgen-eds/corporate/abbvie-com/us/en/science/areas-of-focus/aesthetics/.content.xml,short-path,changed,/who-we-are/our-stories/more-than-skin-deep-3-lessons-for-expanding-equity-in-dermatology,/content/abbvie-nextgen-eds/corporate/abbvie-com/us/en/who-we-are/our-stories/more-than-skin-deep-3-lessons-for-expanding-equity-in-dermatology,not checked
/content/abbvie-nextgen-eds/corporate/abbvie-com/us/en/science/areas-of-focus/aesthetics/.content.xml,short-path,changed,/who-we-are/our-stories/inside-dream-initiative,/content/abbvie-nextgen-eds/corporate/abbvie-com/us/en/who-we-are/our-stories/inside-dream-initiative,not checked
/content/abbvie-nextgen-eds/corporate/abbvie-com/us/en/science/areas-of-focus/eye-care/.content.xml,abbvie-abs,changed,https://www.abbvie.com/content/dam/abbvie-com2/images/cell/eye-care-cell-feature.jpg,/content/dam/corporate/abbvie-com2/images/cell/eye-care-cell-feature.jpg,not checked
/content/abbvie-nextgen-eds/corporate/abbvie-com/us/en/science/areas-of-focus/immunology/.content.xml,dam-path,changed,/content/dam/abbvie-com2/images/cell/immunology-cell-feature.jpg,/content/dam/corporate/abbvie-com2/images/cell/immunology-cell-feature.jpg,not checked
/content/abbvie-nextgen-eds/corporate/abbvie-com/us/en/science/areas-of-focus/aesthetics3/.content.xml,abbvie-abs,changed,https://www.abbvie.com/science/areas-of-focus/immunology.html,/content/abbvie-nextgen-eds/corporate/abbvie-com/us/en/science/areas-of-focus/immunology,not checked
/content/abbvie-nextgen-eds/corporate/abbvie-com/us/en/science/areas-of-focus/aesthetics3/.content.xml,abbvie-abs,changed,https://www.abbvie.com/science/areas-of-focus/immunology.html,/content/abbvie-nextgen-eds/corporate/abbvie-com/us/en/science/areas-of-focus/immunology,not checked
/content/abbvie-nextgen-eds/corporate/abbvie-com/us/en/science/areas-of-focus/aesthetics3/.content.xml,abbvie-abs,changed,https://www.abbvie.com/science/areas-of-focus/oncology.html,/content/abbvie-nextgen-eds/corporate/abbvie-com/us/en/science/areas-of-focus/oncology,not checked
/content/abbvie-nextgen-eds/corporate/abbvie-com/us/en/science/areas-of-focus/aesthetics3/.content.xml,abbvie-abs,changed,https://www.abbvie.com/science/areas-of-focus/oncology.html,/content/abbvie-nextgen-eds/corporate/abbvie-com/us/en/science/areas-of-focus/oncology,not checked
/content/abbvie-nextgen-eds/corporate/abbvie-com/us/en/science/areas-of-focus/aesthetics3/.content.xml,abbvie-abs,changed,https://www.abbvie.com/science/areas-of-focus/neuroscience.html,/content/abbvie-nextgen-eds/corporate/abbvie-com/us/en/science/areas-of-focus/neuroscience,not checked
/content/abbvie-nextgen-eds/corporate/abbvie-com/us/en/science/areas-of-focus/aesthetics3/.content.xml,abbvie-abs,changed,https://www.abbvie.com/science/areas-of-focus/neuroscience.html,/content/abbvie-nextgen-eds/corporate/abbvie-com/us/en/science/areas-of-focus/neuroscience,not checked
/content/abbvie-nextgen-eds/corporate/abbvie-com/us/en/science/areas-of-focus/aesthetics3/.content.xml,abbvie-abs,changed,https://www.abbvie.com/science/areas-of-focus/eye-care.html,/content/abbvie-nextgen-eds/corporate/abbvie-com/us/en/science/areas-of-focus/eye-care,not checked
/content/abbvie-nextgen-eds/corporate/abbvie-com/us/en/science/areas-of-focus/aesthetics3/.content.xml,abbvie-abs,changed,https://www.abbvie.com/science/areas-of-focus/eye-care.html,/content/abbvie-nextgen-eds/corporate/abbvie-com/us/en/science/areas-of-focus/eye-care,not checked
/content/abbvie-nextgen-eds/corporate/abbvie-com/us/en/science/areas-of-focus/aesthetics3/.content.xml,abbvie-abs,changed,https://www.abbvie.com/science/areas-of-focus/other-specialties.html,/content/abbvie-nextgen-eds/corporate/abbvie-com/us/en/science/areas-of-focus/other-specialties,not checked
/content/abbvie-nextgen-eds/corporate/abbvie-com/us/en/science/areas-of-focus/aesthetics3/.content.xml,abbvie-abs,changed,https://www.abbvie.com/science/areas-of-focus/other-specialties.html,/content/abbvie-nextgen-eds/corporate/abbvie-com/us/en/science/areas-of-focus/other-specialties,not checked
/content/abbvie-nextgen-eds/corporate/abbvie-com/us/en/science/areas-of-focus/aesthetics3/.content.xml,scene7,changed,https://abbvie.scene7.com/is/image/abbviecorp/aesthetics-cell-feature,https://delivery-p157365-e1665873.adobeaemcloud.com/adobe/assets/urn:aaid:aem:a5d92d54-ebf9-432c-97d6-49309bbc2d04/as/aesthetics-cell-feature.jpg,not checked
/content/abbvie-nextgen-eds/corporate/abbvie-com/us/en/science/areas-of-focus/aesthetics3/.content.xml,scene7,changed,https://abbvie.scene7.com/is/image/abbviecorp/future-of-aesthetics-report,https://delivery-p157365-e1665873.adobeaemcloud.com/adobe/assets/urn:aaid:aem:484e61ef-e17a-42dd-9929-40b52948a644/as/future-of-aesthetics-report.jpg,not checked
/content/abbvie-nextgen-eds/corporate/abbvie-com/us/en/science/areas-of-focus/aesthetics3/.content.xml,scene7,changed,https://abbvie.scene7.com/is/image/abbviecorp/man-looking-down-scientist-square,https://delivery-p157365-e1665873.adobeaemcloud.com/adobe/assets/urn:aaid:aem:cdd5347c-b858-4000-b953-9a96b0273151/as/man-looking-down-scientist-square.jpg,not checked
/content/abbvie-nextgen-eds/corporate/abbvie-com/us/en/science/areas-of-focus/aesthetics3/.content.xml,scene7,changed,https://abbvie.scene7.com/is/image/abbviecorp/aesthetics-cell-feature,https://delivery-p157365-e1665873.adobeaemcloud.com/adobe/assets/urn:aaid:aem:a5d92d54-ebf9-432c-97d6-49309bbc2d04/as/aesthetics-cell-feature.jpg,not checked
/content/abbvie-nextgen-eds/corporate/abbvie-com/us/en/science/areas-of-focus/aesthetics3/.content.xml,short-path,changed,/who-we-are/our-stories/magnified-featuring-darin-messina.html,/content/abbvie-nextgen-eds/corporate/abbvie-com/us/en/who-we-are/our-stories/magnified-featuring-darin-messina,not checked
/content/abbvie-nextgen-eds/corporate/abbvie-com/us/en/science/areas-of-focus/aesthetics3/.content.xml,short-path,changed,/who-we-are/our-stories/more-than-skin-deep-3-lessons-for-expanding-equity-in-dermatology.html,/content/abbvie-nextgen-eds/corporate/abbvie-com/us/en/who-we-are/our-stories/more-than-skin-deep-3-lessons-for-expanding-equity-in-dermatology,not checked
/content/abbvie-nextgen-eds/corporate/abbvie-com/us/en/science/partner-with-us/.content.xml,pdf-dm,converted,https://www.abbvie.com/content/dam/abbvie-com2/pdfs/partnership-approach-brochure.pdf,https://delivery-p157365-e1665873.adobeaemcloud.com/adobe/assets/urn:aaid:aem:a328b8cf-480e-4410-b35a-65baaa89adf1/original/as/partnership-approach-brochure.pdf,not checked
/content/abbvie-nextgen-eds/corporate/abbvie-com/us/en/science/partner-with-us/.content.xml,abbvie-abs,changed,https://www.abbvie.com/science/partner-with-us/partnering-days.html,/content/abbvie-nextgen-eds/corporate/abbvie-com/us/en/science/partner-with-us/partnering-days,not checked
/content/abbvie-nextgen-eds/corporate/abbvie-com/us/en/science/partner-with-us/.content.xml,abbvie-abs,changed,https://www.abbvie.com/science/partner-with-us/abbvie-ventures.html,/content/abbvie-nextgen-eds/corporate/abbvie-com/us/en/science/partner-with-us/abbvie-ventures,not checked
/content/abbvie-nextgen-eds/corporate/abbvie-com/us/en/science/partner-with-us/.content.xml,abbvie-abs,changed,https://www.abbvie.com/content/dam/abbvie-com2/images/woman-man-meeting-hero.jpg,/content/dam/corporate/abbvie-com2/images/woman-man-meeting-hero.jpg,not checked
/content/abbvie-nextgen-eds/corporate/abbvie-com/us/en/science/partner-with-us/partnering-days/.content.xml,short-path,changed,/science/partner-with-us.html,/content/abbvie-nextgen-eds/corporate/abbvie-com/us/en/science/partner-with-us,not checked
/content/abbvie-nextgen-eds/corporate/abbvie-com/us/en/science/partner-with-us/partnering-days/.content.xml,short-path,changed,/science/partner-with-us/abbvie-ventures.html,/content/abbvie-nextgen-eds/corporate/abbvie-com/us/en/science/partner-with-us/abbvie-ventures,not checked
/content/abbvie-nextgen-eds/corporate/abbvie-com/us/en/science/partner-with-us/abbvie-ventures/.content.xml,pdf-dm,converted,https://www.abbvie.com/content/dam/abbvie-com2/pdfs/ventures/abbvie-ventures-impact-report-2025.pdf,https://delivery-p157365-e1665873.adobeaemcloud.com/adobe/assets/urn:aaid:aem:da42737a-ff67-4162-b1f8-d6ec01a933bd/original/as/abbvie-ventures-impact-report-2025.pdf,not checked
/content/abbvie-nextgen-eds/corporate/abbvie-com/us/en/science/partner-with-us/abbvie-ventures/.content.xml,abbvie-abs,changed,https://www.abbvie.com/science/partner-with-us/abbvie-ventures/abbvie-ventures-portfolio.html,/content/abbvie-nextgen-eds/corporate/abbvie-com/us/en/science/partner-with-us/abbvie-ventures/abbvie-ventures-portfolio,not checked
/content/abbvie-nextgen-eds/corporate/abbvie-com/us/en/science/partner-with-us/abbvie-ventures/.content.xml,scene7,changed,https://abbvie.scene7.com/is/image/abbviecorp/christian-headshot,https://delivery-p157365-e1665873.adobeaemcloud.com/adobe/assets/urn:aaid:aem:ad05a577-0712-4cbe-b966-69e80c27d24a/as/christian-headshot.jpg,not checked
/content/abbvie-nextgen-eds/corporate/abbvie-com/us/en/science/partner-with-us/abbvie-ventures/.content.xml,scene7,changed,https://abbvie.scene7.com/is/image/abbviecorp/doug-faunce-headshot,https://delivery-p157365-e1665873.adobeaemcloud.com/adobe/assets/urn:aaid:aem:51b9f8ed-9afe-43ca-8601-c48dc12ee914/as/doug-faunce-headshot.jpg,not checked
/content/abbvie-nextgen-eds/corporate/abbvie-com/us/en/science/partner-with-us/abbvie-ventures/.content.xml,scene7,changed,https://abbvie.scene7.com/is/image/abbviecorp/shawna-frazier-headshot,https://delivery-p157365-e1665873.adobeaemcloud.com/adobe/assets/urn:aaid:aem:51670d09-841a-415c-839a-b172ba8c0249/as/shawna-frazier-headshot.jpg,not checked
/content/abbvie-nextgen-eds/corporate/abbvie-com/us/en/science/partner-with-us/abbvie-ventures/.content.xml,scene7,changed,https://abbvie.scene7.com/is/image/abbviecorp/donmienne-leung-headshot,https://delivery-p157365-e1665873.adobeaemcloud.com/adobe/assets/urn:aaid:aem:7804f604-9335-444d-a242-962c50f407c0/as/donmienne-leung-headshot.jpg,not checked
/content/abbvie-nextgen-eds/corporate/abbvie-com/us/en/science/partner-with-us/abbvie-ventures/.content.xml,scene7,changed,https://abbvie.scene7.com/is/image/abbviecorp/claire-leurent-headshot,https://delivery-p157365-e1665873.adobeaemcloud.com/adobe/assets/urn:aaid:aem:905f9e27-4425-4dbe-bfe7-09a35f5fba5a/as/claire-leurent-headshot.jpg,not checked
/content/abbvie-nextgen-eds/corporate/abbvie-com/us/en/science/partner-with-us/abbvie-ventures/.content.xml,scene7,changed,https://abbvie.scene7.com/is/image/abbviecorp/laura-pedroza-headshot,https://delivery-p157365-e1665873.adobeaemcloud.com/adobe/assets/urn:aaid:aem:341df18e-d661-4c65-95cb-78c8112bccc7/as/laura-pedroza-headshot.jpg,not checked
/content/abbvie-nextgen-eds/corporate/abbvie-com/us/en/science/partner-with-us/abbvie-ventures/.content.xml,scene7,changed,https://abbvie.scene7.com/is/image/abbviecorp/christina-vorvis-headshot,https://delivery-p157365-e1665873.adobeaemcloud.com/adobe/assets/urn:aaid:aem:2e4b6039-b774-4164-bc70-d730b88dda32/as/christina-vorvis-headshot.jpg,not checked
/content/abbvie-nextgen-eds/corporate/abbvie-com/us/en/science/partner-with-us/abbvie-ventures/.content.xml,scene7,changed,https://abbvie.scene7.com/is/image/abbviecorp/yushanns-headshot-square,https://delivery-p157365-e1665873.adobeaemcloud.com/adobe/assets/urn:aaid:aem:ff1fe516-3704-455b-bed6-0583d3a87d4f/as/yushanns-headshot-square.jpg,not checked
/content/abbvie-nextgen-eds/corporate/abbvie-com/us/en/science/partner-with-us/abbvie-ventures/.content.xml,scene7,changed,https://abbvie.scene7.com/is/image/abbviecorp/joachim-vogt-headshot,https://delivery-p157365-e1665873.adobeaemcloud.com/adobe/assets/urn:aaid:aem:a256bcfe-d481-4e2f-b373-f39ddf02c3b3/as/joachim-vogt-headshot.jpg,not checked
/content/abbvie-nextgen-eds/corporate/abbvie-com/us/en/science/partner-with-us/abbvie-ventures/.content.xml,scene7,changed,https://abbvie.scene7.com/is/image/abbviecorp/shu-konakahara-headshot,https://delivery-p157365-e1665873.adobeaemcloud.com/adobe/assets/urn:aaid:aem:b55e886c-a35a-4a5a-8a0c-b8a4009bd44d/as/shu-konakahara-headshot.jpg,not checked
/content/abbvie-nextgen-eds/corporate/abbvie-com/us/en/science/partner-with-us/abbvie-ventures/.content.xml,scene7,changed,https://abbvie.scene7.com/is/image/abbviecorp/tadaatsu-naka-headshot,https://delivery-p157365-e1665873.adobeaemcloud.com/adobe/assets/urn:aaid:aem:61018cbd-0002-4fb3-9c23-058778efb3f3/as/tadaatsu-naka-headshot.jpg,not checked
/content/abbvie-nextgen-eds/corporate/abbvie-com/us/en/science/partner-with-us/abbvie-ventures/.content.xml,scene7,changed,https://abbvie.scene7.com/is/image/abbviecorp/tom-wu-headshot,https://delivery-p157365-e1665873.adobeaemcloud.com/adobe/assets/urn:aaid:aem:15cb3f7f-5ca6-4677-9173-83034973c793/as/tom-wu-headshot.jpg,not checked
/content/abbvie-nextgen-eds/corporate/abbvie-com/us/en/science/partner-with-us/abbvie-ventures/.content.xml,short-path,changed,/science/partner-with-us/abbvie-ventures/abbvie-ventures-portfolio.html,/content/abbvie-nextgen-eds/corporate/abbvie-com/us/en/science/partner-with-us/abbvie-ventures/abbvie-ventures-portfolio,not checked
/content/abbvie-nextgen-eds/corporate/abbvie-com/us/en/science/clinical-trials/.content.xml,dam-path,changed,/content/dam/abbvie-com2/images/employee/front-desk-at-dr-office-hero.jpg,/content/dam/corporate/abbvie-com2/images/employee/front-desk-at-dr-office-hero.jpg,not checked
/content/abbvie-nextgen-eds/corporate/abbvie-com/us/en/science/clinical-trials/.content.xml,short-path,changed,/science/clinical-trials/investigator-initiated-studies,/content/abbvie-nextgen-eds/corporate/abbvie-com/us/en/science/clinical-trials/investigator-initiated-studies,not checked
/content/abbvie-nextgen-eds/corporate/abbvie-com/us/en/science/clinical-trials/investigator-initiated-studies/.content.xml,pdf-dm,converted,https://www.abbvie.com/content/dam/abbvie-com2/pdfs/iis/spirit-external-account-creation-login.pdf,https://delivery-p157365-e1665873.adobeaemcloud.com/adobe/assets/urn:aaid:aem:ff85cfa1-ed89-478a-8f82-959cb4ae46ec/original/as/spirit-external-account-creation-login.pdf,not checked
/content/abbvie-nextgen-eds/corporate/abbvie-com/us/en/science/clinical-trials/investigator-initiated-studies/.content.xml,abbvie-abs,changed,https://www.abbvie.com/content/dam/abbvie-com2/pdfs/iis/2026-iis-strategic-priorities-compiled-v5-20-MAY-2026.pdf,/content/dam/corporate/abbvie-com2/pdfs/iis/2026-iis-strategic-priorities-compiled-v5-20-MAY-2026.pdf,not checked
/content/abbvie-nextgen-eds/corporate/abbvie-com/us/en/science/clinical-trials/investigator-initiated-studies/.content.xml,abbvie-abs,changed,https://www.abbvie.com/science/pipeline.html?utm_medium=psearch,/content/abbvie-nextgen-eds/corporate/abbvie-com/us/en/science/pipeline.html?utm_medium=psearch,not checked
/content/abbvie-nextgen-eds/corporate/abbvie-com/us/en/science/independent-educational-grants/.content.xml,abbvie-abs,changed,https://www.abbvie.com/science/independent-educational-grants/how-to-apply.html,/content/abbvie-nextgen-eds/corporate/abbvie-com/us/en/science/independent-educational-grants/how-to-apply,not checked
/content/abbvie-nextgen-eds/corporate/abbvie-com/us/en/science/independent-educational-grants/.content.xml,abbvie-abs,changed,https://www.abbvie.com/science/independent-educational-grants/request-types.html,/content/abbvie-nextgen-eds/corporate/abbvie-com/us/en/science/independent-educational-grants/request-types,not checked
/content/abbvie-nextgen-eds/corporate/abbvie-com/us/en/science/independent-educational-grants/.content.xml,abbvie-abs,changed,https://www.abbvie.com/science/independent-educational-grants/requestor-training-guide.html,/content/abbvie-nextgen-eds/corporate/abbvie-com/us/en/science/independent-educational-grants/requestor-training-guide,not checked
/content/abbvie-nextgen-eds/corporate/abbvie-com/us/en/science/independent-educational-grants/.content.xml,abbvie-abs,changed,https://www.abbvie.com/science/independent-educational-grants/grants-and-contribution-disclosures.html,/content/abbvie-nextgen-eds/corporate/abbvie-com/us/en/science/independent-educational-grants/grants-and-contribution-disclosures,not checked
/content/abbvie-nextgen-eds/corporate/abbvie-com/us/en/science/independent-educational-grants/grants-and-contribution-disclosures/.content.xml,pdf-dm,converted,https://www.abbvie.com/content/dam/abbvie-com2/pdfs/grants/2024-AbbVie-Grants-and-Contributions-Report.pdf,https://delivery-p157365-e1665873.adobeaemcloud.com/adobe/assets/urn:aaid:aem:97fe1d88-8377-4214-83aa-c15212ca3883/original/as/2024-AbbVie-Grants-and-Contributions-Report.pdf,not checked
/content/abbvie-nextgen-eds/corporate/abbvie-com/us/en/science/independent-educational-grants/requestor-training-guide/.content.xml,pdf-dm,converted,/content/dam/corporate/abbvie-com2/pdfs/grants/requestor-training-guide.pdf,https://delivery-p157365-e1665873.adobeaemcloud.com/adobe/assets/urn:aaid:aem:f29ab843-893d-4bf0-a7f0-871c802a4af7/original/as/requestor-training-guide.pdf,not checked
/content/abbvie-nextgen-eds/corporate/abbvie-com/us/en/science/independent-educational-grants/requestor-training-guide/.content.xml,pdf-dm,converted,/content/dam/corporate/abbvie-com2/pdfs/grants/grant-submission-documents-guide.pdf,https://delivery-p157365-e1665873.adobeaemcloud.com/adobe/assets/urn:aaid:aem:618cbdf8-c791-41a6-97e7-d757fe832b7d/original/as/grant-submission-documents-guide.pdf,not checked
/content/abbvie-nextgen-eds/corporate/abbvie-com/us/en/science/independent-educational-grants/requestor-training-guide/.content.xml,pdf-dm,converted,/content/dam/abbvie-com2/corporate/pdfs/grants/grant-submission-documents-guide.pdf,https://delivery-p157365-e1665873.adobeaemcloud.com/adobe/assets/urn:aaid:aem:618cbdf8-c791-41a6-97e7-d757fe832b7d/original/as/grant-submission-documents-guide.pdf,not checked
/content/abbvie-nextgen-eds/corporate/abbvie-com/us/en/science/independent-educational-grants/how-to-apply/.content.xml,short-path,changed,/science/independent-educational-grants/requestor-training-guide.html,/content/abbvie-nextgen-eds/corporate/abbvie-com/us/en/science/independent-educational-grants/requestor-training-guide,not checked
/content/abbvie-nextgen-eds/corporate/abbvie-com/us/en/science/areas-of-innovation/.content.xml,dam-path,changed,/content/dam/abbvie-com2/images/employee/woman-scientist-examining-hero.jpg,/content/dam/corporate/abbvie-com2/images/employee/woman-scientist-examining-hero.jpg,not checked
/content/abbvie-nextgen-eds/corporate/abbvie-com/us/en/science/areas-of-innovation/patient-focused-drug-development/.content.xml,scene7,changed,https://abbvie.scene7.com/is/image/abbviecorp/woman-scientist-microscope-hero,https://delivery-p157365-e1665873.adobeaemcloud.com/adobe/assets/urn:aaid:aem:f3e790e9-7b4b-4cdf-861b-47002ccd3b1a/as/woman-scientist-microscope-hero.jpg,not checked
/content/abbvie-nextgen-eds/corporate/abbvie-com/us/en/science/areas-of-innovation/patient-focused-drug-development/.content.xml,dam-path,changed,/content/dam/abbvie-com2/images/employee/woman-scientist-microscope-hero.jpg,/content/dam/corporate/abbvie-com2/images/employee/woman-scientist-microscope-hero.jpg,not checked
/content/abbvie-nextgen-eds/corporate/abbvie-com/us/en/science/areas-of-innovation/therapeutic-modalities-and-platforms/.content.xml,scene7,changed,https://abbvie.scene7.com/is/image/abbviecorp/two-men-scientist-whiteboard-feature,https://delivery-p157365-e1665873.adobeaemcloud.com/adobe/assets/urn:aaid:aem:8c32be80-2ff7-4d01-a514-ba000a94cd55/as/two-men-scientist-whiteboard-feature.jpg,not checked
/content/abbvie-nextgen-eds/corporate/abbvie-com/us/en/science/areas-of-innovation/therapeutic-modalities-and-platforms/.content.xml,scene7,changed,https://abbvie.scene7.com/is/image/abbviecorp/man-woman-scientist-talking-square,https://delivery-p157365-e1665873.adobeaemcloud.com/adobe/assets/urn:aaid:aem:99c36655-d2bd-435b-8527-3166b3168327/as/man-woman-scientist-talking-square.jpg,not checked
/content/abbvie-nextgen-eds/corporate/abbvie-com/us/en/science/areas-of-innovation/therapeutic-modalities-and-platforms/.content.xml,dam-path,changed,/content/dam/abbvie-com2/images/employee/two-men-scientist-whiteboard-feature.jpg,/content/dam/corporate/abbvie-com2/images/employee/two-men-scientist-whiteboard-feature.jpg,not checked
/content/abbvie-nextgen-eds/corporate/abbvie-com/us/en/science/areas-of-innovation/precision-medicine/.content.xml,scene7,changed,https://abbvie.scene7.com/is/image/abbviecorp/man-in-conference-room,https://delivery-p157365-e1665873.adobeaemcloud.com/adobe/assets/urn:aaid:aem:d2036c37-e0c3-4c19-8c4d-e01266d5ec24/as/man-in-conference-room.jpg,not checked
/content/abbvie-nextgen-eds/corporate/abbvie-com/us/en/science/areas-of-innovation/precision-medicine/.content.xml,scene7,changed,https://abbvie.scene7.com/is/image/abbviecorp/pmed-explained-yt-thumbnail,https://delivery-p157365-e1665873.adobeaemcloud.com/adobe/assets/urn:aaid:aem:f3ec6db7-abeb-4e30-a5a8-1b365a4bc064/as/pmed-explained-yt-thumbnail.jpg,not checked
/content/abbvie-nextgen-eds/corporate/abbvie-com/us/en/science/areas-of-innovation/precision-medicine/.content.xml,scene7,changed,https://abbvie.scene7.com/is/image/abbviecorp/man-looking-down-scientist-square,https://delivery-p157365-e1665873.adobeaemcloud.com/adobe/assets/urn:aaid:aem:cdd5347c-b858-4000-b953-9a96b0273151/as/man-looking-down-scientist-square.jpg,not checked
/content/abbvie-nextgen-eds/corporate/abbvie-com/us/en/science/areas-of-innovation/precision-medicine/.content.xml,dam-path,changed,/content/dam/abbvie-com2/images/employee/male/man-in-conference-room.jpg,/content/dam/corporate/abbvie-com2/images/employee/male/man-in-conference-room.jpg,not checked
/content/abbvie-nextgen-eds/corporate/abbvie-com/us/en/science/areas-of-innovation/ai-and-data-convergence/.content.xml,scene7,changed,https://abbvie.scene7.com/is/image/abbviecorp/man-looking-screen-hero-1,https://delivery-p157365-e1665873.adobeaemcloud.com/adobe/assets/urn:aaid:aem:ea19a7d7-036c-4fd1-ba8a-9172a9f7bb30/as/man-looking-screen-hero.jpg,not checked
/content/abbvie-nextgen-eds/corporate/abbvie-com/us/en/science/areas-of-innovation/ai-and-data-convergence/.content.xml,scene7,changed,https://abbvie.scene7.com/is/image/abbviecorp/advance-tech-video-thumbnail,https://delivery-p157365-e1665873.adobeaemcloud.com/adobe/assets/urn:aaid:aem:7281231d-c1e8-4b05-99af-985d29de7c22/as/advance-tech-video-thumbnail.jpg,not checked
/content/abbvie-nextgen-eds/corporate/abbvie-com/us/en/science/areas-of-innovation/ai-and-data-convergence/.content.xml,scene7,changed,https://abbvie.scene7.com/is/image/abbviecorp/AI-drug-discovery-poster-image,https://delivery-p157365-e1665873.adobeaemcloud.com/adobe/assets/urn:aaid:aem:6651812c-4811-4f3a-9c7d-abea8ca838e4/as/AI-drug-discovery-poster-image.jpg,not checked
/content/abbvie-nextgen-eds/corporate/abbvie-com/us/en/science/areas-of-innovation/ai-and-data-convergence/.content.xml,scene7,changed,https://abbvie.scene7.com/is/image/abbviecorp/man-looking-down-scientist-square,https://delivery-p157365-e1665873.adobeaemcloud.com/adobe/assets/urn:aaid:aem:cdd5347c-b858-4000-b953-9a96b0273151/as/man-looking-down-scientist-square.jpg,not checked
/content/abbvie-nextgen-eds/corporate/abbvie-com/us/en/science/areas-of-innovation/ai-and-data-convergence/.content.xml,dam-path,changed,/content/dam/abbvie-com2/images/employee/male/man-looking-screen-hero.jpg,/content/dam/corporate/abbvie-com2/images/employee/male/man-looking-screen-hero.jpg,not checked
/content/abbvie-nextgen-eds/corporate/abbvie-com/us/en/science/areas-of-innovation/ai-and-data-convergence/.content.xml,short-path,changed,/who-we-are/our-stories/meet-the-arch-a-time-saving-tool-for-researchers-focused-on-finding-cures.html,/content/abbvie-nextgen-eds/corporate/abbvie-com/us/en/who-we-are/our-stories/meet-the-arch-a-time-saving-tool-for-researchers-focused-on-finding-cures,not checked
/content/abbvie-nextgen-eds/corporate/abbvie-com/us/en/science/areas-of-innovation/ai-and-data-convergence/.content.xml,short-path,changed,/who-we-are/our-stories/digital-science-lab.html,/content/abbvie-nextgen-eds/corporate/abbvie-com/us/en/who-we-are/our-stories/digital-science-lab,not checked
/content/abbvie-nextgen-eds/corporate/abbvie-com/us/en/science/areas-of-innovation/ai-and-data-convergence/.content.xml,short-path,changed,/science/areas-of-innovation/precision-medicine.html,/content/abbvie-nextgen-eds/corporate/abbvie-com/us/en/science/areas-of-innovation/precision-medicine,not checked
/content/abbvie-nextgen-eds/corporate/abbvie-com/us/en/science/areas-of-innovation/genomics/.content.xml,scene7,changed,https://abbvie.scene7.com/is/image/abbviecorp/woman-scientist-pipette-hero,https://delivery-p157365-e1665873.adobeaemcloud.com/adobe/assets/urn:aaid:aem:6eea1aaa-d70b-4c6b-beee-812fdd919d47/as/woman-scientist-pipette-hero.jpg,not checked
/content/abbvie-nextgen-eds/corporate/abbvie-com/us/en/science/areas-of-innovation/genomics/.content.xml,scene7,changed,https://abbvie.scene7.com/is/image/abbviecorp/pmed-explained-yt-thumbnail,https://delivery-p157365-e1665873.adobeaemcloud.com/adobe/assets/urn:aaid:aem:f3ec6db7-abeb-4e30-a5a8-1b365a4bc064/as/pmed-explained-yt-thumbnail.jpg,not checked
/content/abbvie-nextgen-eds/corporate/abbvie-com/us/en/science/areas-of-innovation/genomics/.content.xml,scene7,changed,https://abbvie.scene7.com/is/image/abbviecorp/man-looking-down-scientist-square,https://delivery-p157365-e1665873.adobeaemcloud.com/adobe/assets/urn:aaid:aem:cdd5347c-b858-4000-b953-9a96b0273151/as/man-looking-down-scientist-square.jpg,not checked
/content/abbvie-nextgen-eds/corporate/abbvie-com/us/en/science/areas-of-innovation/genomics/.content.xml,dam-path,changed,/content/dam/abbvie-com2/images/employee/two-scientist-with-pipette-feature.jpg,/content/dam/corporate/abbvie-com2/images/employee/two-scientist-with-pipette-feature.jpg,not checked
/content/abbvie-nextgen-eds/corporate/abbvie-com/us/en/science/areas-of-innovation/genomics/.content.xml,short-path,changed,/who-we-are/our-stories/can-unlocking-one-million-genomes.html,/content/abbvie-nextgen-eds/corporate/abbvie-com/us/en/who-we-are/our-stories/can-unlocking-one-million-genomes,not checked
/content/abbvie-nextgen-eds/corporate/abbvie-com/us/en/science/areas-of-innovation/genomics/.content.xml,short-path,changed,/who-we-are/our-stories/the-blueprint-of-you-unlocking-potential-whole-genome-sequencing.html,/content/abbvie-nextgen-eds/corporate/abbvie-com/us/en/who-we-are/our-stories/the-blueprint-of-you-unlocking-potential-whole-genome-sequencing,not checked
/content/abbvie-nextgen-eds/corporate/abbvie-com/us/en/science/pipeline/.content.xml,dam-path,changed,/content/dam/abbvie-com2/images/testtubes-in-rows.jpg,/content/dam/corporate/abbvie-com2/images/testtubes-in-rows.jpg,not checked
/content/abbvie-nextgen-eds/corporate/abbvie-com/us/en/science/publications/.content.xml,dam-path,changed,/content/dam/abbvie-com2/images/employee/man-with-clipboard-hero.jpg,/content/dam/corporate/abbvie-com2/images/employee/man-with-clipboard-hero.jpg,not checked
/content/abbvie-nextgen-eds/corporate/abbvie-com/us/en/science/test/.content.xml,scene7,changed,https://abbvie.scene7.com/is/image/abbviecorp/woman-man-conference-square?ts=1745750381003,https://delivery-p157365-e1665873.adobeaemcloud.com/adobe/assets/urn:aaid:aem:d03893c2-b686-4f80-b4b1-29e1a6488f7f/as/woman-man-conference-square.jpg,not checked
/content/abbvie-nextgen-eds/corporate/abbvie-com/us/en/science/our-people/.content.xml,abbvie-abs,changed,https://www.abbvie.com/science/our-people/community-of-science.html,/content/abbvie-nextgen-eds/corporate/abbvie-com/us/en/science/our-people/community-of-science,not checked
/content/abbvie-nextgen-eds/corporate/abbvie-com/us/en/science/our-people/.content.xml,abbvie-abs,changed,https://www.abbvie.com/science/our-people/our-rd-leaders.html,/content/abbvie-nextgen-eds/corporate/abbvie-com/us/en/science/our-people/our-rd-leaders,not checked
/content/abbvie-nextgen-eds/corporate/abbvie-com/us/en/science/our-people/.content.xml,abbvie-abs,changed,https://www.abbvie.com/science/publications.html,/content/abbvie-nextgen-eds/corporate/abbvie-com/us/en/science/publications,not checked
/content/abbvie-nextgen-eds/corporate/abbvie-com/us/en/science/our-people/.content.xml,abbvie-abs,changed,https://www.abbvie.com/science/rd-sites.html,/content/abbvie-nextgen-eds/corporate/abbvie-com/us/en/science/rd-sites,not checked
/content/abbvie-nextgen-eds/corporate/abbvie-com/us/en/science/our-people/.content.xml,abbvie-abs,changed,https://www.abbvie.com/science/our-people/community-of-science.html,/content/abbvie-nextgen-eds/corporate/abbvie-com/us/en/science/our-people/community-of-science,not checked
/content/abbvie-nextgen-eds/corporate/abbvie-com/us/en/science/our-people/.content.xml,abbvie-abs,changed,https://www.abbvie.com/science/our-rd-leaders.html,/content/abbvie-nextgen-eds/corporate/abbvie-com/us/en/science/our-rd-leaders,not checked
/content/abbvie-nextgen-eds/corporate/abbvie-com/us/en/science/our-people/.content.xml,abbvie-abs,changed,https://www.abbvie.com/science/publications.html,/content/abbvie-nextgen-eds/corporate/abbvie-com/us/en/science/publications,not checked
/content/abbvie-nextgen-eds/corporate/abbvie-com/us/en/science/our-people/.content.xml,abbvie-abs,changed,https://www.abbvie.com/who-we-are/key-facts.html,/content/abbvie-nextgen-eds/corporate/abbvie-com/us/en/who-we-are/key-facts,not checked
/content/abbvie-nextgen-eds/corporate/abbvie-com/us/en/science/our-people/.content.xml,abbvie-abs,changed,https://www.abbvie.com/science/rd-sites.html,/content/abbvie-nextgen-eds/corporate/abbvie-com/us/en/science/rd-sites,not checked
/content/abbvie-nextgen-eds/corporate/abbvie-com/us/en/science/our-people/.content.xml,abbvie-abs,changed,https://www.abbvie.com/join-us/opportunities/research-and-development.html,/content/abbvie-nextgen-eds/corporate/abbvie-com/us/en/join-us/opportunities/research-and-development,not checked
/content/abbvie-nextgen-eds/corporate/abbvie-com/us/en/science/our-people/.content.xml,scene7,changed,https://abbvie.scene7.com/is/image/abbviecorp/explore%20randd%20workers,https://delivery-p157365-e1665873.adobeaemcloud.com/adobe/assets/urn:aaid:aem:a7929b09-6bd9-403b-84a7-532073055478/as/explore%20randd%20workers.jpg,not checked
/content/abbvie-nextgen-eds/corporate/abbvie-com/us/en/science/our-people/our-rd-leaders/andrew-campbell/.content.xml,dam-path,changed,/content/dam/abbvie-com2/images/employee/rdlt/andrew-campbell-headshot.jpg,/content/dam/corporate/abbvie-com2/images/employee/rdlt/andrew-campbell-headshot.jpg,not checked
/content/abbvie-nextgen-eds/corporate/abbvie-com/us/en/science/our-people/our-rd-leaders/darin-messina/.content.xml,dam-path,changed,/content/dam/abbvie-com2/images/employee/rdlt/darin-messina-headshot.jpg,/content/dam/corporate/abbvie-com2/images/employee/rdlt/darin-messina-headshot.jpg,not checked
/content/abbvie-nextgen-eds/corporate/abbvie-com/us/en/science/our-people/our-rd-leaders/jonathon-sedgwick/.content.xml,dam-path,changed,/content/dam/abbvie-com2/images/employee/rdlt/jon-sedgwick-headshot.jpg,/content/dam/corporate/abbvie-com2/images/employee/rdlt/jon-sedgwick-headshot.jpg,not checked
/content/abbvie-nextgen-eds/corporate/abbvie-com/us/en/science/our-people/our-rd-leaders/linda-scarazzini/.content.xml,dam-path,changed,/content/dam/abbvie-com2/images/employee/rdlt/linda-scarazzini-headshot.jpg,/content/dam/corporate/abbvie-com2/images/employee/rdlt/linda-scarazzini-headshot.jpg,not checked
/content/abbvie-nextgen-eds/corporate/abbvie-com/us/en/science/our-people/our-rd-leaders/linda-scarazzini/.content.xml,short-path,changed,/who-we-are/our-stories/magnified-featuring-linda-scarazzini,/content/abbvie-nextgen-eds/corporate/abbvie-com/us/en/who-we-are/our-stories/magnified-featuring-linda-scarazzini,not checked
/content/abbvie-nextgen-eds/corporate/abbvie-com/us/en/science/our-people/our-rd-leaders/primal-kaur/.content.xml,dam-path,changed,/content/dam/abbvie-com2/images/employee/rdlt/primal-kaur-headshot.jpg,/content/dam/corporate/abbvie-com2/images/employee/rdlt/primal-kaur-headshot.jpg,not checked
/content/abbvie-nextgen-eds/corporate/abbvie-com/us/en/science/our-people/our-rd-leaders/daejin-abidoye/.content.xml,dam-path,changed,/content/dam/abbvie-com2/images/employee/rdlt/daejin-abidoye-headshot.jpg,/content/dam/corporate/abbvie-com2/images/employee/rdlt/daejin-abidoye-headshot.jpg,not checked
/content/abbvie-nextgen-eds/corporate/abbvie-com/us/en/science/our-people/our-rd-leaders/eleni-lagkadinou/.content.xml,dam-path,changed,/content/dam/abbvie-com2/images/employee/rdlt/eleni-lagkadinou-headshot.jpg,/content/dam/corporate/abbvie-com2/images/employee/rdlt/eleni-lagkadinou-headshot.jpg,not checked
/content/abbvie-nextgen-eds/corporate/abbvie-com/us/en/science/our-people/our-rd-leaders/michael-foley/.content.xml,dam-path,changed,/content/dam/abbvie-com2/images/employee/rdlt/michael-foley-headshot.jpg,/content/dam/corporate/abbvie-com2/images/employee/rdlt/michael-foley-headshot.jpg,not checked
/content/abbvie-nextgen-eds/corporate/abbvie-com/us/en/science/our-people/our-rd-leaders/philip-hajduk/.content.xml,dam-path,changed,/content/dam/abbvie-com2/images/employee/rdlt/phil-hajduk-headshot.jpg,/content/dam/corporate/abbvie-com2/images/employee/rdlt/phil-hajduk-headshot.jpg,not checked
/content/abbvie-nextgen-eds/corporate/abbvie-com/us/en/science/our-people/our-rd-leaders/raymond-votzmeyer/.content.xml,dam-path,changed,/content/dam/abbvie-com2/images/employee/rdlt/raymond-votzmeyer-headshot.jpg,/content/dam/corporate/abbvie-com2/images/employee/rdlt/raymond-votzmeyer-headshot.jpg,not checked
/content/abbvie-nextgen-eds/corporate/abbvie-com/us/en/science/our-people/our-rd-leaders/shuhong-zhang/.content.xml,dam-path,changed,/content/dam/abbvie-com2/images/employee/rdlt/shuhong-zhang-headshot.jpg,/content/dam/corporate/abbvie-com2/images/employee/rdlt/shuhong-zhang-headshot.jpg,not checked
/content/abbvie-nextgen-eds/corporate/abbvie-com/us/en/science/our-people/our-rd-leaders/wolfram-nothaft/.content.xml,dam-path,changed,/content/dam/abbvie-com2/images/employee/rdlt/wolfram-nfothaft-headshot.jpg,/content/dam/corporate/abbvie-com2/images/employee/rdlt/wolfram-nfothaft-headshot.jpg,not checked
/content/abbvie-nextgen-eds/corporate/abbvie-com/us/en/science/our-people/lab-to-life/.content.xml,abbvie-abs,changed,https://www.abbvie.com/,/content/abbvie-nextgen-eds/corporate/abbvie-com/us/en/,not checked
/content/abbvie-nextgen-eds/corporate/abbvie-com/us/en/science/our-people/lab-to-life/.content.xml,abbvie-abs,changed,https://www.abbvie.com/,/content/abbvie-nextgen-eds/corporate/abbvie-com/us/en/,not checked
/content/abbvie-nextgen-eds/corporate/abbvie-com/us/en/science/our-people/lab-to-life/.content.xml,abbvie-abs,changed,https://www.abbvie.com/,/content/abbvie-nextgen-eds/corporate/abbvie-com/us/en/,not checked
/content/abbvie-nextgen-eds/corporate/abbvie-com/us/en/science/our-people/lab-to-life/.content.xml,scene7,changed,https://abbvie.scene7.com/is/image/abbviecorp/lab-to-life-hero-v2,https://delivery-p157365-e1665873.adobeaemcloud.com/adobe/assets/urn:aaid:aem:17cb4cb0-2fd2-4163-902d-a2704685bc51/as/lab-to-life-hero-v2.jpg,not checked
/content/abbvie-nextgen-eds/corporate/abbvie-com/us/en/science/our-people/lab-to-life/.content.xml,scene7,changed,https://abbvie.scene7.com/is/image/abbviecorp/lab-to-life-hero-v2,https://delivery-p157365-e1665873.adobeaemcloud.com/adobe/assets/urn:aaid:aem:17cb4cb0-2fd2-4163-902d-a2704685bc51/as/lab-to-life-hero-v2.jpg,not checked
/content/abbvie-nextgen-eds/corporate/abbvie-com/us/en/science/our-people/community-of-science/.content.xml,abbvie-abs,changed,https://www.abbvie.com/join-us/postdoctoral-program.html,/content/abbvie-nextgen-eds/corporate/abbvie-com/us/en/join-us/postdoctoral-program,not checked
/content/abbvie-nextgen-eds/corporate/abbvie-com/us/en/science/our-people/discovery-files/.content.xml,abbvie-abs,changed,https://www.abbvie.com/science/our-people/behind-the-science.html,/content/abbvie-nextgen-eds/corporate/abbvie-com/us/en/science/our-people/behind-the-science,not checked
/content/abbvie-nextgen-eds/corporate/abbvie-com/us/en/science/our-people/discovery-files/.content.xml,abbvie-abs,changed,https://www.abbvie.com/science/our-people/lab-of-the-future.html,/content/abbvie-nextgen-eds/corporate/abbvie-com/us/en/science/our-people/lab-of-the-future,not checked
/content/abbvie-nextgen-eds/corporate/abbvie-com/us/en/science/our-people/discovery-files/.content.xml,abbvie-abs,changed,https://www.abbvie.com/science/our-people/lab-to-life.html,/content/abbvie-nextgen-eds/corporate/abbvie-com/us/en/science/our-people/lab-to-life,not checked
/content/abbvie-nextgen-eds/corporate/abbvie-com/us/en/science/our-people/discovery-files/.content.xml,abbvie-abs,changed,https://www.abbvie.com/science/our-people/science-in-60-seconds.html,/content/abbvie-nextgen-eds/corporate/abbvie-com/us/en/science/our-people/science-in-60-seconds,not checked
/content/abbvie-nextgen-eds/corporate/abbvie-com/us/en/science/our-people/discovery-files/.content.xml,abbvie-abs,changed,https://www.abbvie.com/join-us/opportunities/research-and-development.html,/content/abbvie-nextgen-eds/corporate/abbvie-com/us/en/join-us/opportunities/research-and-development,not checked
/content/abbvie-nextgen-eds/corporate/abbvie-com/us/en/science/our-people/lab-of-the-future/.content.xml,abbvie-abs,changed,https://www.abbvie.com/science/our-people/behind-the-science.html,/content/abbvie-nextgen-eds/corporate/abbvie-com/us/en/science/our-people/behind-the-science,not checked
/content/abbvie-nextgen-eds/corporate/abbvie-com/us/en/science/our-people/lab-of-the-future/.content.xml,abbvie-abs,changed,https://www.abbvie.com/science/our-people/discovery-files.html,/content/abbvie-nextgen-eds/corporate/abbvie-com/us/en/science/our-people/discovery-files,not checked
/content/abbvie-nextgen-eds/corporate/abbvie-com/us/en/science/our-people/lab-of-the-future/.content.xml,abbvie-abs,changed,https://www.abbvie.com/science/our-people/lab-to-life.html,/content/abbvie-nextgen-eds/corporate/abbvie-com/us/en/science/our-people/lab-to-life,not checked
/content/abbvie-nextgen-eds/corporate/abbvie-com/us/en/science/our-people/lab-of-the-future/.content.xml,abbvie-abs,changed,https://www.abbvie.com/science/our-people/science-in-60-seconds.html,/content/abbvie-nextgen-eds/corporate/abbvie-com/us/en/science/our-people/science-in-60-seconds,not checked
/content/abbvie-nextgen-eds/corporate/abbvie-com/us/en/science/our-people/lab-of-the-future/.content.xml,abbvie-abs,changed,https://www.abbvie.com/join-us/opportunities/research-and-development.html,/content/abbvie-nextgen-eds/corporate/abbvie-com/us/en/join-us/opportunities/research-and-development,not checked
/content/abbvie-nextgen-eds/corporate/abbvie-com/us/en/science/our-people/science-in-60-seconds/.content.xml,abbvie-abs,changed,https://www.abbvie.com/science/our-people/behind-the-science.html,/content/abbvie-nextgen-eds/corporate/abbvie-com/us/en/science/our-people/behind-the-science,not checked
/content/abbvie-nextgen-eds/corporate/abbvie-com/us/en/science/our-people/science-in-60-seconds/.content.xml,abbvie-abs,changed,https://www.abbvie.com/science/our-people/discovery-files.html,/content/abbvie-nextgen-eds/corporate/abbvie-com/us/en/science/our-people/discovery-files,not checked
/content/abbvie-nextgen-eds/corporate/abbvie-com/us/en/science/our-people/science-in-60-seconds/.content.xml,abbvie-abs,changed,https://www.abbvie.com/science/our-people/lab-of-the-future.html,/content/abbvie-nextgen-eds/corporate/abbvie-com/us/en/science/our-people/lab-of-the-future,not checked
/content/abbvie-nextgen-eds/corporate/abbvie-com/us/en/science/our-people/science-in-60-seconds/.content.xml,abbvie-abs,changed,https://www.abbvie.com/science/our-people/lab-to-life.html,/content/abbvie-nextgen-eds/corporate/abbvie-com/us/en/science/our-people/lab-to-life,not checked
/content/abbvie-nextgen-eds/corporate/abbvie-com/us/en/science/our-people/science-in-60-seconds/.content.xml,abbvie-abs,changed,https://www.abbvie.com/join-us/opportunities/research-and-development.html,/content/abbvie-nextgen-eds/corporate/abbvie-com/us/en/join-us/opportunities/research-and-development,not checked
/content/abbvie-nextgen-eds/corporate/abbvie-com/us/en/science/our-people/behind-the-science/.content.xml,abbvie-abs,changed,https://www.abbvie.com/science/our-people/community-of-science.html,/content/abbvie-nextgen-eds/corporate/abbvie-com/us/en/science/our-people/community-of-science,not checked
/content/abbvie-nextgen-eds/corporate/abbvie-com/us/en/science/our-people/behind-the-science/.content.xml,abbvie-abs,changed,https://www.abbvie.com/science/our-people/discovery-files.html,/content/abbvie-nextgen-eds/corporate/abbvie-com/us/en/science/our-people/discovery-files,not checked
/content/abbvie-nextgen-eds/corporate/abbvie-com/us/en/science/our-people/behind-the-science/.content.xml,abbvie-abs,changed,https://www.abbvie.com/science/our-people/lab-of-the-future.html,/content/abbvie-nextgen-eds/corporate/abbvie-com/us/en/science/our-people/lab-of-the-future,not checked
/content/abbvie-nextgen-eds/corporate/abbvie-com/us/en/science/our-people/behind-the-science/.content.xml,abbvie-abs,changed,https://www.abbvie.com/science/our-people/lab-to-life.html,/content/abbvie-nextgen-eds/corporate/abbvie-com/us/en/science/our-people/lab-to-life,not checked
/content/abbvie-nextgen-eds/corporate/abbvie-com/us/en/science/our-people/behind-the-science/.content.xml,abbvie-abs,changed,https://www.abbvie.com/science/our-people/science-in-60-seconds.html,/content/abbvie-nextgen-eds/corporate/abbvie-com/us/en/science/our-people/science-in-60-seconds,not checked
/content/abbvie-nextgen-eds/corporate/abbvie-com/us/en/science/our-people/behind-the-science/.content.xml,abbvie-abs,changed,https://www.abbvie.com/join-us/opportunities/research-and-development.html,/content/abbvie-nextgen-eds/corporate/abbvie-com/us/en/join-us/opportunities/research-and-development,not checked
/content/abbvie-nextgen-eds/corporate/abbvie-com/us/en/sustainability/.content.xml,abbvie-abs,changed,https://www.abbvie.com/sustainability/abbvie-foundation.html,/content/abbvie-nextgen-eds/corporate/abbvie-com/us/en/sustainability/abbvie-foundation,not checked
/content/abbvie-nextgen-eds/corporate/abbvie-com/us/en/sustainability/.content.xml,abbvie-abs,changed,https://www.abbvie.com/sustainability/disaster-relief.html,/content/abbvie-nextgen-eds/corporate/abbvie-com/us/en/sustainability/disaster-relief,not checked
/content/abbvie-nextgen-eds/corporate/abbvie-com/us/en/sustainability/.content.xml,abbvie-abs,changed,https://www.abbvie.com/sustainability/environmental-social-and-governance.html,/content/abbvie-nextgen-eds/corporate/abbvie-com/us/en/sustainability/environmental-social-and-governance,not checked
/content/abbvie-nextgen-eds/corporate/abbvie-com/us/en/sustainability/abbvie-foundation/.content.xml,abbvie-abs,changed,https://www.abbvie.com/contact-center/locations/united-states.html,/content/abbvie-nextgen-eds/corporate/abbvie-com/us/en/contact-center/locations/united-states,not checked
/content/abbvie-nextgen-eds/corporate/abbvie-com/us/en/sustainability/abbvie-foundation/.content.xml,short-path,changed,/who-we-are/our-stories/new-microsite-clinic-brings-healthcare-to-chicago-southwest-side,/content/abbvie-nextgen-eds/corporate/abbvie-com/us/en/who-we-are/our-stories/new-microsite-clinic-brings-healthcare-to-chicago-southwest-side,not checked
/content/abbvie-nextgen-eds/corporate/abbvie-com/us/en/sustainability/abbvie-foundation/.content.xml,short-path,changed,/sustainability/abbvie-foundation/addressing-systemic-barriers.html,/content/abbvie-nextgen-eds/corporate/abbvie-com/us/en/sustainability/abbvie-foundation/addressing-systemic-barriers,not checked
/content/abbvie-nextgen-eds/corporate/abbvie-com/us/en/sustainability/abbvie-foundation/.content.xml,short-path,changed,/who-we-are/our-stories/new-microsite-clinic-brings-healthcare-to-chicago-southwest-side.html,/content/abbvie-nextgen-eds/corporate/abbvie-com/us/en/who-we-are/our-stories/new-microsite-clinic-brings-healthcare-to-chicago-southwest-side,not checked
/content/abbvie-nextgen-eds/corporate/abbvie-com/us/en/sustainability/abbvie-foundation/.content.xml,short-path,changed,/sustainability/abbvie-foundation/innovative-impact.html,/content/abbvie-nextgen-eds/corporate/abbvie-com/us/en/sustainability/abbvie-foundation/innovative-impact,not checked
/content/abbvie-nextgen-eds/corporate/abbvie-com/us/en/sustainability/abbvie-foundation/.content.xml,short-path,changed,/who-we-are/our-stories/abbvie-volunteers-return-to-serving,/content/abbvie-nextgen-eds/corporate/abbvie-com/us/en/who-we-are/our-stories/abbvie-volunteers-return-to-serving,not checked
/content/abbvie-nextgen-eds/corporate/abbvie-com/us/en/sustainability/abbvie-foundation/.content.xml,short-path,changed,/join-us/life-at-abbvie/employee-resource-groups.html,/content/abbvie-nextgen-eds/corporate/abbvie-com/us/en/join-us/life-at-abbvie/employee-resource-groups,not checked
/content/abbvie-nextgen-eds/corporate/abbvie-com/us/en/sustainability/abbvie-foundation/.content.xml,short-path,changed,/sustainability/disaster-relief.html,/content/abbvie-nextgen-eds/corporate/abbvie-com/us/en/sustainability/disaster-relief,not checked
/content/abbvie-nextgen-eds/corporate/abbvie-com/us/en/sustainability/abbvie-foundation/innovative-impact/.content.xml,abbvie-abs,changed,https://www.abbvie.com/content/dam/abbvie-com2/images/csr/woman-sitting-hands.jpg,/content/dam/corporate/abbvie-com2/images/csr/woman-sitting-hands.jpg,not checked
/content/abbvie-nextgen-eds/corporate/abbvie-com/us/en/sustainability/disaster-relief/.content.xml,short-path,changed,/who-we-are/our-stories/abbvies-2024-working-parents-finding-purpose-in-adversity,/content/abbvie-nextgen-eds/corporate/abbvie-com/us/en/who-we-are/our-stories/abbvies-2024-working-parents-finding-purpose-in-adversity,not checked
/content/abbvie-nextgen-eds/corporate/abbvie-com/us/en/sustainability/disaster-relief/.content.xml,short-path,changed,/who-we-are/our-principles,/content/abbvie-nextgen-eds/corporate/abbvie-com/us/en/who-we-are/our-principles,not checked
/content/abbvie-nextgen-eds/corporate/abbvie-com/us/en/sustainability/environmental-social-and-governance/.content.xml,pdf-dm,converted,/content/dam/abbvie-com2/pdfs/2025-esg-disclosure-supplement.pdf,https://delivery-p157365-e1665873.adobeaemcloud.com/adobe/assets/urn:aaid:aem:3ab859bf-55fa-4bb7-81ba-bdf5c0b376f5/original/as/2025-esg-disclosure-supplement.pdf,not checked
/content/abbvie-nextgen-eds/corporate/abbvie-com/us/en/sustainability/environmental-social-and-governance/.content.xml,abbvie-abs,changed,https://www.abbvie.com/content/dam/abbvie-com2/images/csr/sitting-in-hammock-by-lake-hero.jpg,/content/dam/corporate/abbvie-com2/images/csr/sitting-in-hammock-by-lake-hero.jpg,not checked
/content/abbvie-nextgen-eds/corporate/abbvie-com/us/en/sustainability/environmental-social-and-governance/.content.xml,scene7,changed,https://abbvie.scene7.com/is/image/abbviecorp/2025-esg-action-report,https://delivery-p157365-e1665873.adobeaemcloud.com/adobe/assets/urn:aaid:aem:e8ac1044-d998-4836-a065-5e7d3a981f3b/as/2025-esg-action-report.jpg,not checked
/content/abbvie-nextgen-eds/corporate/abbvie-com/us/en/sustainability/environmental-social-and-governance/.content.xml,scene7,changed,https://abbvie.scene7.com/is/image/abbviecorp/rd-female-working-on-computer,https://delivery-p157365-e1665873.adobeaemcloud.com/adobe/assets/urn:aaid:aem:f25890ca-dc2c-4443-9865-ff58e28c12ef/as/rd-female-working-on-computer.jpg,not checked
/content/abbvie-nextgen-eds/corporate/abbvie-com/us/en/sustainability/environmental-social-and-governance/.content.xml,dam-path,changed,/content/dam/abbvie-com2/pdfs/abbvie-esg-action-report.pdf,/content/dam/corporate/abbvie-com2/pdfs/abbvie-esg-action-report.pdf,not checked
/content/abbvie-nextgen-eds/corporate/abbvie-com/us/en/sustainability/environmental-social-and-governance/environmental-sustainability/.content.xml,pdf-dm,converted,/content/dam/abbvie-com2/pdfs/2025-climate-related-financial-risk-report.pdf,https://delivery-p157365-e1665873.adobeaemcloud.com/adobe/assets/urn:aaid:aem:544855bb-082f-417b-a24e-15056fe3e40c/original/as/2025-climate-related-financial-risk-report.pdf,not checked
/content/abbvie-nextgen-eds/corporate/abbvie-com/us/en/sustainability/environmental-social-and-governance/environmental-sustainability/.content.xml,pdf-dm,converted,https://www.abbvie.com/content/dam/abbvie-com2/pdfs/about/environment-and-safety-performance-report.pdf,https://delivery-p157365-e1665873.adobeaemcloud.com/adobe/assets/urn:aaid:aem:62c20f0b-237a-4641-a580-f93edcc20670/original/as/environment-and-safety-performance-report.pdf,not checked
/content/abbvie-nextgen-eds/corporate/abbvie-com/us/en/sustainability/environmental-social-and-governance/environmental-sustainability/.content.xml,pdf-dm,converted,https://www.abbvie.com/content/dam/abbvie-com2/pdfs/about/our-environmental-procurement-guidelines.pdf,https://delivery-p157365-e1665873.adobeaemcloud.com/adobe/assets/urn:aaid:aem:705be4d7-5424-4aac-a77c-211283fcb369/original/as/our-environmental-procurement-guidelines.pdf,not checked
/content/abbvie-nextgen-eds/corporate/abbvie-com/us/en/sustainability/environmental-social-and-governance/environmental-sustainability/.content.xml,dam-path,changed,/content/dam/abbvie-com2/pdfs/abbvie-esg-action-report.pdf,/content/dam/corporate/abbvie-com2/pdfs/abbvie-esg-action-report.pdf,not checked
/content/abbvie-nextgen-eds/corporate/abbvie-com/us/en/sustainability/environmental-social-and-governance/environmental-sustainability/.content.xml,short-path,changed,/who-we-are/operating-with-integrity/responsible-supply-chain.html,/content/abbvie-nextgen-eds/corporate/abbvie-com/us/en/who-we-are/operating-with-integrity/responsible-supply-chain,not checked
/content/abbvie-nextgen-eds/corporate/abbvie-com/us/en/sustainability/environmental-social-and-governance/human-capital-management/.content.xml,pdf-dm,converted,/content/dam/abbvie-com2/pdfs/about/abbvie-EEO-report.pdf,https://delivery-p157365-e1665873.adobeaemcloud.com/adobe/assets/urn:aaid:aem:82eb482b-b695-4467-b3ce-2b5ba5845197/original/as/abbvie-EEO-report.pdf,not checked
/content/abbvie-nextgen-eds/corporate/abbvie-com/us/en/sustainability/environmental-social-and-governance/resources/.content.xml,pdf-dm,converted,https://www.abbvie.com/content/dam/abbvie-com2/pdfs/2025-climate-related-financial-risk-report.pdf,https://delivery-p157365-e1665873.adobeaemcloud.com/adobe/assets/urn:aaid:aem:544855bb-082f-417b-a24e-15056fe3e40c/original/as/2025-climate-related-financial-risk-report.pdf,not checked
/content/abbvie-nextgen-eds/corporate/abbvie-com/us/en/sustainability/environmental-social-and-governance/resources/.content.xml,pdf-dm,converted,/content/dam/abbvie-com2/pdfs/sustainability/2022-cdp-climate-change.pdf,https://delivery-p157365-e1665873.adobeaemcloud.com/adobe/assets/urn:aaid:aem:8df507cc-5617-480e-a68b-377116b94555/original/as/2022-cdp-climate-change.pdf,not checked
/content/abbvie-nextgen-eds/corporate/abbvie-com/us/en/sustainability/environmental-social-and-governance/resources/.content.xml,pdf-dm,converted,/content/dam/abbvie-com2/pdfs/sustainability/2022-cdp-water.pdf,https://delivery-p157365-e1665873.adobeaemcloud.com/adobe/assets/urn:aaid:aem:5e509ce4-1c01-46cd-a530-d2601a6ff87a/original/as/2022-cdp-water.pdf,not checked
/content/abbvie-nextgen-eds/corporate/abbvie-com/us/en/sustainability/environmental-social-and-governance/resources/.content.xml,pdf-dm,converted,/content/dam/abbvie-com2/pdfs/sustainability/2023-cdp-climate-change.pdf,https://delivery-p157365-e1665873.adobeaemcloud.com/adobe/assets/urn:aaid:aem:7b63c164-dd11-4a65-b2ec-d77a978222d7/original/as/2023-cdp-climate-change.pdf,not checked
/content/abbvie-nextgen-eds/corporate/abbvie-com/us/en/sustainability/environmental-social-and-governance/resources/.content.xml,pdf-dm,converted,/content/dam/abbvie-com2/pdfs/sustainability/2023-cdp-water.pdf,https://delivery-p157365-e1665873.adobeaemcloud.com/adobe/assets/urn:aaid:aem:6ac7eb8b-181f-46d5-9b51-be13a83ec2aa/original/as/2023-cdp-water.pdf,not checked
/content/abbvie-nextgen-eds/corporate/abbvie-com/us/en/sustainability/environmental-social-and-governance/resources/.content.xml,pdf-dm,converted,/content/dam/abbvie-com2/pdfs/sustainability/2024-cdp.pdf,https://delivery-p157365-e1665873.adobeaemcloud.com/adobe/assets/urn:aaid:aem:2c7976f7-6d65-492a-87a4-22f57b73a5a2/original/as/2024-cdp.pdf,not checked
/content/abbvie-nextgen-eds/corporate/abbvie-com/us/en/sustainability/environmental-social-and-governance/resources/.content.xml,pdf-dm,converted,/content/dam/abbvie-com2/pdfs/2024-abbvie-esg-action-report.pdf,https://delivery-p157365-e1665873.adobeaemcloud.com/adobe/assets/urn:aaid:aem:229317f3-03ee-4d25-ab85-4aebc9eb815a/original/as/2024-abbvie-esg-action-report.pdf,not checked
/content/abbvie-nextgen-eds/corporate/abbvie-com/us/en/sustainability/environmental-social-and-governance/resources/.content.xml,pdf-dm,converted,/content/dam/abbvie-com2/pdfs/2023-abbvie-esg-action-report.pdf,https://delivery-p157365-e1665873.adobeaemcloud.com/adobe/assets/urn:aaid:aem:a10bbf28-c0ad-47db-ab8c-d6b79d106147/original/as/2023-abbvie-esg-action-report.pdf,not checked
/content/abbvie-nextgen-eds/corporate/abbvie-com/us/en/sustainability/environmental-social-and-governance/resources/.content.xml,pdf-dm,converted,/content/dam/abbvie-com2/pdfs/2022-abbvie-esg-action-report.pdf,https://delivery-p157365-e1665873.adobeaemcloud.com/adobe/assets/urn:aaid:aem:d4876d82-5f6b-4ad0-a1ff-f48d8e31d74d/original/as/2022-abbvie-esg-action-report.pdf,not checked
/content/abbvie-nextgen-eds/corporate/abbvie-com/us/en/sustainability/environmental-social-and-governance/resources/.content.xml,pdf-dm,converted,/content/dam/abbvie-com2/pdfs/2021-abbvie-esg-action-report.pdf,https://delivery-p157365-e1665873.adobeaemcloud.com/adobe/assets/urn:aaid:aem:8ac4ad74-f986-446e-91a9-8bfe02d58c30/original/as/2021-abbvie-esg-action-report.pdf,not checked
/content/abbvie-nextgen-eds/corporate/abbvie-com/us/en/sustainability/environmental-social-and-governance/resources/.content.xml,pdf-dm,converted,/content/dam/abbvie-com2/pdfs/2020-abbvie-esg-action-report.pdf,https://delivery-p157365-e1665873.adobeaemcloud.com/adobe/assets/urn:aaid:aem:20faf029-87ce-4284-aed7-9d9efac01c80/original/as/2020-abbvie-esg-action-report.pdf,not checked
/content/abbvie-nextgen-eds/corporate/abbvie-com/us/en/sustainability/environmental-social-and-governance/resources/.content.xml,dam-path,changed,/content/dam/abbvie-com2/pdfs/abbvie-esg-action-report.pdf,/content/dam/corporate/abbvie-com2/pdfs/abbvie-esg-action-report.pdf,not checked
/content/abbvie-nextgen-eds/corporate/abbvie-com/us/en/who-we-are/brand-partnerships/.content.xml,short-path,changed,/who-we-are/brand-partnerships/cubs,/content/abbvie-nextgen-eds/corporate/abbvie-com/us/en/who-we-are/brand-partnerships/cubs,not checked
/content/abbvie-nextgen-eds/corporate/abbvie-com/us/en/who-we-are/brand-partnerships/.content.xml,short-path,changed,/who-we-are/brand-partnerships/major-league-baseball,/content/abbvie-nextgen-eds/corporate/abbvie-com/us/en/who-we-are/brand-partnerships/major-league-baseball,not checked
/content/abbvie-nextgen-eds/corporate/abbvie-com/us/en/who-we-are/brand-partnerships/major-league-baseball/.content.xml,short-path,changed,/who-we-are/brand-partnerships/cubs,/content/abbvie-nextgen-eds/corporate/abbvie-com/us/en/who-we-are/brand-partnerships/cubs,not checked
/content/abbvie-nextgen-eds/corporate/abbvie-com/us/en/who-we-are/brand-partnerships/major-league-baseball/.content.xml,short-path,changed,/who-we-are/our-stories/transforming-cancer-care-from-the-inside-out,/content/abbvie-nextgen-eds/corporate/abbvie-com/us/en/who-we-are/our-stories/transforming-cancer-care-from-the-inside-out,not checked
/content/abbvie-nextgen-eds/corporate/abbvie-com/us/en/who-we-are/brand-partnerships/major-league-baseball/.content.xml,short-path,changed,/who-we-are/our-stories/real-people-real-inspiration-joes-story,/content/abbvie-nextgen-eds/corporate/abbvie-com/us/en/who-we-are/our-stories/real-people-real-inspiration-joes-story,not checked
/content/abbvie-nextgen-eds/corporate/abbvie-com/us/en/who-we-are/brand-partnerships/cubs/.content.xml,short-path,changed,/who-we-are/brand-partnerships/cubs/add-your-message,/content/abbvie-nextgen-eds/corporate/abbvie-com/us/en/who-we-are/brand-partnerships/cubs/add-your-message,not checked
/content/abbvie-nextgen-eds/corporate/abbvie-com/us/en/who-we-are/brand-partnerships/cubs/.content.xml,short-path,changed,/who-we-are/brand-partnerships/major-league-baseball,/content/abbvie-nextgen-eds/corporate/abbvie-com/us/en/who-we-are/brand-partnerships/major-league-baseball,not checked
/content/abbvie-nextgen-eds/corporate/abbvie-com/us/en/who-we-are/brand-partnerships/cubs/.content.xml,short-path,changed,/who-we-are/our-stories/transforming-cancer-care-from-the-inside-out,/content/abbvie-nextgen-eds/corporate/abbvie-com/us/en/who-we-are/our-stories/transforming-cancer-care-from-the-inside-out,not checked
/content/abbvie-nextgen-eds/corporate/abbvie-com/us/en/who-we-are/brand-partnerships/cubs/.content.xml,short-path,changed,/who-we-are/our-stories/real-people-real-inspiration-joes-story,/content/abbvie-nextgen-eds/corporate/abbvie-com/us/en/who-we-are/our-stories/real-people-real-inspiration-joes-story,not checked
/content/abbvie-nextgen-eds/corporate/abbvie-com/us/en/who-we-are/operating-with-integrity/.content.xml,scene7,changed,https://abbvie.scene7.com/is/image/abbviecorp/woman-scientist-glasses-hero?fmt=webp,https://delivery-p157365-e1665873.adobeaemcloud.com/adobe/assets/urn:aaid:aem:e0bcc02d-b3e3-4456-bc1d-689b0fdc10f6/as/woman-scientist-glasses-hero.jpg,not checked
/content/abbvie-nextgen-eds/corporate/abbvie-com/us/en/who-we-are/operating-with-integrity/.content.xml,scene7,changed,https://abbvie.scene7.com/is/image/abbviecorp/woman-sideview-office-1?ts=1773736292092,https://delivery-p157365-e1665873.adobeaemcloud.com/adobe/assets/urn:aaid:aem:01181876-280f-4d2f-874f-f56eb327b6a0/as/woman-sideview-office.jpg,not checked
/content/abbvie-nextgen-eds/corporate/abbvie-com/us/en/who-we-are/operating-with-integrity/.content.xml,scene7,changed,https://abbvie.scene7.com/is/image/abbviecorp/man-in-front-of-laptop-2?ts=1773736062534,https://delivery-p157365-e1665873.adobeaemcloud.com/adobe/assets/urn:aaid:aem:205733e4-1fbf-4dde-a7fb-bdff71469c72/as/man-in-front-of-laptop.jpg,not checked
/content/abbvie-nextgen-eds/corporate/abbvie-com/us/en/who-we-are/operating-with-integrity/.content.xml,scene7,changed,https://abbvie.scene7.com/is/image/abbviecorp/woman-with-clipboard-feature-small?ts=1773668340321,https://delivery-p157365-e1665873.adobeaemcloud.com/adobe/assets/urn:aaid:aem:72182989-79ac-4f22-b95a-6441323ec70e/as/woman-with-clipboard-feature-small.jpg,not checked
/content/abbvie-nextgen-eds/corporate/abbvie-com/us/en/who-we-are/operating-with-integrity/.content.xml,scene7,changed,https://abbvie.scene7.com/is/image/abbviecorp/man-in-office-hero?ts=1773736064198,https://delivery-p157365-e1665873.adobeaemcloud.com/adobe/assets/urn:aaid:aem:a98134b5-8e00-4970-a2c1-c3ff32f1f71f/as/man-in-office-hero.jpg,not checked
/content/abbvie-nextgen-eds/corporate/abbvie-com/us/en/who-we-are/operating-with-integrity/abbvies-code-of-conduct/.content.xml,pdf-dm,converted,/content/dam/abbvie-com2/pdfs/cobc/cobc_English1.pdf,https://delivery-p157365-e1665873.adobeaemcloud.com/adobe/assets/urn:aaid:aem:ef4cdf29-35d1-48a8-97d9-dd5e43fd476e/original/as/cobc_English1.pdf,not checked
/content/abbvie-nextgen-eds/corporate/abbvie-com/us/en/who-we-are/operating-with-integrity/abbvies-code-of-conduct/.content.xml,pdf-dm,converted,/content/dam/abbvie-com2/pdfs/cobc/cobc_Bulgarian.pdf,https://delivery-p157365-e1665873.adobeaemcloud.com/adobe/assets/urn:aaid:aem:c8219ae5-3b9b-4c49-a5d6-86e5f8d90458/original/as/cobc_Bulgarian.pdf,not checked
/content/abbvie-nextgen-eds/corporate/abbvie-com/us/en/who-we-are/operating-with-integrity/abbvies-code-of-conduct/.content.xml,pdf-dm,converted,/content/dam/abbvie-com2/pdfs/cobc/cobc_Chinese.pdf,https://delivery-p157365-e1665873.adobeaemcloud.com/adobe/assets/urn:aaid:aem:13f940da-91be-4f36-acd8-547d9801bfcf/original/as/cobc_Chinese.pdf,not checked
/content/abbvie-nextgen-eds/corporate/abbvie-com/us/en/who-we-are/operating-with-integrity/abbvies-code-of-conduct/.content.xml,pdf-dm,converted,/content/dam/abbvie-com2/pdfs/cobc/cobc-chinese-traditional-2026.pdf,https://delivery-p157365-e1665873.adobeaemcloud.com/adobe/assets/urn:aaid:aem:af6beb9b-cdd6-4df5-b9df-9d2cb1782532/original/as/cobc-chinese-traditional-2026.pdf,not checked
/content/abbvie-nextgen-eds/corporate/abbvie-com/us/en/who-we-are/operating-with-integrity/abbvies-code-of-conduct/.content.xml,pdf-dm,converted,/content/dam/abbvie-com2/pdfs/cobc/cobc_French.pdf,https://delivery-p157365-e1665873.adobeaemcloud.com/adobe/assets/urn:aaid:aem:7c10a032-ec60-4d2d-9f16-50fc8a566ca7/original/as/cobc_French.pdf,not checked
/content/abbvie-nextgen-eds/corporate/abbvie-com/us/en/who-we-are/operating-with-integrity/abbvies-code-of-conduct/.content.xml,pdf-dm,converted,/content/dam/abbvie-com2/pdfs/cobc/cobc_French_fc.pdf,https://delivery-p157365-e1665873.adobeaemcloud.com/adobe/assets/urn:aaid:aem:24a0fd0e-6d86-4de7-b7d4-7fbe9bb744e2/original/as/cobc_French_fc.pdf,not checked
/content/abbvie-nextgen-eds/corporate/abbvie-com/us/en/who-we-are/operating-with-integrity/abbvies-code-of-conduct/.content.xml,pdf-dm,converted,/content/dam/abbvie-com2/pdfs/cobc/cobc_German.pdf,https://delivery-p157365-e1665873.adobeaemcloud.com/adobe/assets/urn:aaid:aem:89c70f40-b08e-4eb3-ba00-304ef2a87b75/original/as/cobc_German.pdf,not checked
/content/abbvie-nextgen-eds/corporate/abbvie-com/us/en/who-we-are/operating-with-integrity/abbvies-code-of-conduct/.content.xml,pdf-dm,converted,/content/dam/abbvie-com2/pdfs/cobc/cobc_Hungarian.pdf,https://delivery-p157365-e1665873.adobeaemcloud.com/adobe/assets/urn:aaid:aem:48637b25-dace-4cea-98be-0b8c5eb721dd/original/as/cobc_Hungarian.pdf,not checked
/content/abbvie-nextgen-eds/corporate/abbvie-com/us/en/who-we-are/operating-with-integrity/abbvies-code-of-conduct/.content.xml,pdf-dm,converted,/content/dam/abbvie-com2/pdfs/cobc/cobc_Italian.pdf,https://delivery-p157365-e1665873.adobeaemcloud.com/adobe/assets/urn:aaid:aem:18fe336f-b174-4ec8-9750-d538c994b8fc/original/as/cobc_Italian.pdf,not checked
/content/abbvie-nextgen-eds/corporate/abbvie-com/us/en/who-we-are/operating-with-integrity/abbvies-code-of-conduct/.content.xml,pdf-dm,converted,/content/dam/abbvie-com2/pdfs/cobc/cobc_Japanese.pdf,https://delivery-p157365-e1665873.adobeaemcloud.com/adobe/assets/urn:aaid:aem:0ad6fcc0-683c-4d3a-a489-43f90d392cd9/original/as/cobc_Japanese.pdf,not checked
/content/abbvie-nextgen-eds/corporate/abbvie-com/us/en/who-we-are/operating-with-integrity/abbvies-code-of-conduct/.content.xml,pdf-dm,converted,/content/dam/abbvie-com2/pdfs/cobc/cobc_Korean.pdf,https://delivery-p157365-e1665873.adobeaemcloud.com/adobe/assets/urn:aaid:aem:3f4a167f-ffa4-484b-b777-b08588686732/original/as/cobc_Korean.pdf,not checked
/content/abbvie-nextgen-eds/corporate/abbvie-com/us/en/who-we-are/operating-with-integrity/abbvies-code-of-conduct/.content.xml,pdf-dm,converted,/content/dam/abbvie-com2/pdfs/cobc/cobc_Polish.pdf,https://delivery-p157365-e1665873.adobeaemcloud.com/adobe/assets/urn:aaid:aem:bb55cf9a-a24a-4fe0-a4dd-98e969a7ee8c/original/as/cobc_Polish.pdf,not checked
/content/abbvie-nextgen-eds/corporate/abbvie-com/us/en/who-we-are/operating-with-integrity/abbvies-code-of-conduct/.content.xml,pdf-dm,converted,/content/dam/abbvie-com2/pdfs/cobc/cobc_Portuguese_BR.pdf,https://delivery-p157365-e1665873.adobeaemcloud.com/adobe/assets/urn:aaid:aem:ff735d6b-3e6b-45dd-b769-5e69346de965/original/as/cobc_Portuguese_BR.pdf,not checked
/content/abbvie-nextgen-eds/corporate/abbvie-com/us/en/who-we-are/operating-with-integrity/abbvies-code-of-conduct/.content.xml,pdf-dm,converted,/content/dam/abbvie-com2/pdfs/cobc/cobc_Portuguese.pdf,https://delivery-p157365-e1665873.adobeaemcloud.com/adobe/assets/urn:aaid:aem:c408bc85-8198-4e78-b274-7b1ab6241675/original/as/cobc_Portuguese.pdf,not checked
/content/abbvie-nextgen-eds/corporate/abbvie-com/us/en/who-we-are/operating-with-integrity/abbvies-code-of-conduct/.content.xml,pdf-dm,converted,/content/dam/abbvie-com2/pdfs/cobc/cobc_Russian.pdf,https://delivery-p157365-e1665873.adobeaemcloud.com/adobe/assets/urn:aaid:aem:7397a207-ff34-4720-9ee1-8bdcc7091aa9/original/as/cobc_Russian.pdf,not checked
/content/abbvie-nextgen-eds/corporate/abbvie-com/us/en/who-we-are/operating-with-integrity/abbvies-code-of-conduct/.content.xml,pdf-dm,converted,/content/dam/abbvie-com2/pdfs/cobc/cobc_Spanish_la.pdf,https://delivery-p157365-e1665873.adobeaemcloud.com/adobe/assets/urn:aaid:aem:77153e62-0c71-4be7-9eba-9376bd146fbe/original/as/cobc_Spanish_la.pdf,not checked
/content/abbvie-nextgen-eds/corporate/abbvie-com/us/en/who-we-are/operating-with-integrity/abbvies-code-of-conduct/.content.xml,pdf-dm,converted,/content/dam/abbvie-com2/pdfs/cobc/cobc_Spanish_es.pdf,https://delivery-p157365-e1665873.adobeaemcloud.com/adobe/assets/urn:aaid:aem:d38bbe3a-a065-494e-9d14-5ffa79c07ce7/original/as/cobc_Spanish_es.pdf,not checked
/content/abbvie-nextgen-eds/corporate/abbvie-com/us/en/who-we-are/operating-with-integrity/abbvies-code-of-conduct/.content.xml,pdf-dm,converted,/content/dam/abbvie-com2/pdfs/cobc/cobc_Turkish.pdf,https://delivery-p157365-e1665873.adobeaemcloud.com/adobe/assets/urn:aaid:aem:7ab71e91-8036-471f-95e2-6f36da8d4403/original/as/cobc_Turkish.pdf,not checked
/content/abbvie-nextgen-eds/corporate/abbvie-com/us/en/who-we-are/operating-with-integrity/transparency-in-payment/.content.xml,pdf-dm,converted,https://www.abbvie.com/content/dam/abbvie-com2/pdfs/disclosures/austria/2022-abbvie-austria-efpia-report.pdf,https://delivery-p157365-e1665873.adobeaemcloud.com/adobe/assets/urn:aaid:aem:4e9ae7c7-950b-41ce-b0b7-9e38928d25cd/original/as/2022-abbvie-austria-efpia-report.pdf,not checked
/content/abbvie-nextgen-eds/corporate/abbvie-com/us/en/who-we-are/operating-with-integrity/transparency-in-payment/.content.xml,pdf-dm,converted,https://www.abbvie.com/content/dam/abbvie-com2/pdfs/disclosures/austria/2022-abbvie-austria-supporting-document.pdf,https://delivery-p157365-e1665873.adobeaemcloud.com/adobe/assets/urn:aaid:aem:014e55a0-14a5-47e4-b321-7eec404250fc/original/as/2022-abbvie-austria-supporting-document.pdf,not checked
/content/abbvie-nextgen-eds/corporate/abbvie-com/us/en/who-we-are/operating-with-integrity/transparency-in-payment/.content.xml,pdf-dm,converted,https://www.abbvie.com/content/dam/abbvie-com2/pdfs/disclosures/austria/2023-abbvie-austria-efpia-report.pdf,https://delivery-p157365-e1665873.adobeaemcloud.com/adobe/assets/urn:aaid:aem:ccb9c1a6-eef5-4ac9-bf06-41d139451411/original/as/2023-abbvie-austria-efpia-report.pdf,not checked
/content/abbvie-nextgen-eds/corporate/abbvie-com/us/en/who-we-are/operating-with-integrity/transparency-in-payment/.content.xml,pdf-dm,converted,https://www.abbvie.com/content/dam/abbvie-com2/pdfs/disclosures/austria/2023-abbvie-austria-supporting-document.pdf,https://delivery-p157365-e1665873.adobeaemcloud.com/adobe/assets/urn:aaid:aem:bb34b146-4d34-4714-92e3-6d6d196924f9/original/as/2023-abbvie-austria-supporting-document.pdf,not checked
/content/abbvie-nextgen-eds/corporate/abbvie-com/us/en/who-we-are/operating-with-integrity/transparency-in-payment/.content.xml,pdf-dm,converted,https://www.abbvie.com/content/dam/abbvie-com2/pdfs/disclosures/spain/2024-abbvie-spain-efpia-report.pdf,https://delivery-p157365-e1665873.adobeaemcloud.com/adobe/assets/urn:aaid:aem:4645d2e7-7d04-4973-b455-39645db3f1fb/original/as/2024-abbvie-spain-efpia-report.pdf,not checked
/content/abbvie-nextgen-eds/corporate/abbvie-com/us/en/who-we-are/operating-with-integrity/transparency-in-payment/.content.xml,pdf-dm,converted,https://www.abbvie.com/content/dam/abbvie-com2/pdfs/disclosures/spain/2024-abbvie-spain-supporting-document.pdf,https://delivery-p157365-e1665873.adobeaemcloud.com/adobe/assets/urn:aaid:aem:52be272b-c6a9-44a4-817a-7d54d0601977/original/as/2024-abbvie-spain-supporting-document.pdf,not checked
/content/abbvie-nextgen-eds/corporate/abbvie-com/us/en/who-we-are/operating-with-integrity/transparency-in-payment/.content.xml,pdf-dm,converted,https://www.abbvie.com/content/dam/abbvie-com2/pdfs/disclosures/bosnia-herzegovina/2022-abbvie-bosnia-herzegovina-efpia-report.pdf,https://delivery-p157365-e1665873.adobeaemcloud.com/adobe/assets/urn:aaid:aem:c06fdc93-5d84-49fb-91b5-edcfd73bace6/original/as/2022-abbvie-bosnia-herzegovina-efpia-report.pdf,not checked
/content/abbvie-nextgen-eds/corporate/abbvie-com/us/en/who-we-are/operating-with-integrity/transparency-in-payment/.content.xml,pdf-dm,converted,https://www.abbvie.com/content/dam/abbvie-com2/pdfs/disclosures/bosnia-herzegovina/2022-abbvie-bosnia-herzegovina-supporting-document.pdf,https://delivery-p157365-e1665873.adobeaemcloud.com/adobe/assets/urn:aaid:aem:0e423022-0833-4631-8c62-bc5ff2c078a6/original/as/2022-abbvie-bosnia-herzegovina-supporting-document.pdf,not checked
/content/abbvie-nextgen-eds/corporate/abbvie-com/us/en/who-we-are/operating-with-integrity/transparency-in-payment/.content.xml,pdf-dm,converted,https://www.abbvie.com/content/dam/abbvie-com2/pdfs/disclosures/bosnia-herzegovina/2023-abbvie-bosnia-herzegovina-efpia-report.pdf,https://delivery-p157365-e1665873.adobeaemcloud.com/adobe/assets/urn:aaid:aem:928a8eb7-ad43-4da9-90a5-60c55e8b3a54/original/as/2023-abbvie-bosnia-herzegovina-efpia-report.pdf,not checked
/content/abbvie-nextgen-eds/corporate/abbvie-com/us/en/who-we-are/operating-with-integrity/transparency-in-payment/.content.xml,pdf-dm,converted,https://www.abbvie.com/content/dam/abbvie-com2/pdfs/disclosures/bosnia-herzegovina/2023-abbvie-bosnia-herzegovina-supporting-document.pdf,https://delivery-p157365-e1665873.adobeaemcloud.com/adobe/assets/urn:aaid:aem:37b907c1-f22f-42f0-a7d4-76ad1dec532e/original/as/2023-abbvie-bosnia-herzegovina-supporting-document.pdf,not checked
/content/abbvie-nextgen-eds/corporate/abbvie-com/us/en/who-we-are/operating-with-integrity/transparency-in-payment/.content.xml,pdf-dm,converted,https://www.abbvie.com/content/dam/abbvie-com2/pdfs/disclosures/bosnia-herzegovina/2024-abbvie-bosnia-herzegovina-report.pdf,https://delivery-p157365-e1665873.adobeaemcloud.com/adobe/assets/urn:aaid:aem:f482b4eb-7dbc-42c5-9fe2-053b76e0c49b/original/as/2024-abbvie-bosnia-herzegovina-report.pdf,not checked
/content/abbvie-nextgen-eds/corporate/abbvie-com/us/en/who-we-are/operating-with-integrity/transparency-in-payment/.content.xml,pdf-dm,converted,https://www.abbvie.com/content/dam/abbvie-com2/pdfs/disclosures/bosnia-herzegovina/2024-abbvie-bosnia-herzegovina-supporting-document.pdf,https://delivery-p157365-e1665873.adobeaemcloud.com/adobe/assets/urn:aaid:aem:44a958a4-1e96-446a-89b4-08e68e5b7f18/original/as/2024-abbvie-bosnia-herzegovina-supporting-document.pdf,not checked
/content/abbvie-nextgen-eds/corporate/abbvie-com/us/en/who-we-are/operating-with-integrity/transparency-in-payment/.content.xml,pdf-dm,converted,https://www.abbvie.com/content/dam/abbvie-com2/pdfs/disclosures/bulgaria/2021-abbvie-bulgaria-efpia-report.pdf,https://delivery-p157365-e1665873.adobeaemcloud.com/adobe/assets/urn:aaid:aem:98cec343-22b0-4147-aa23-366aec461842/original/as/2021-abbvie-bulgaria-efpia-report.pdf,not checked
/content/abbvie-nextgen-eds/corporate/abbvie-com/us/en/who-we-are/operating-with-integrity/transparency-in-payment/.content.xml,pdf-dm,converted,https://www.abbvie.com/content/dam/abbvie-com2/pdfs/disclosures/bulgaria/2021-abbvie-bulgaria-supporting-document.pdf,https://delivery-p157365-e1665873.adobeaemcloud.com/adobe/assets/urn:aaid:aem:2d766baa-4248-4770-b110-899f22d0a7ec/original/as/2021-abbvie-bulgaria-supporting-document.pdf,not checked
/content/abbvie-nextgen-eds/corporate/abbvie-com/us/en/who-we-are/operating-with-integrity/transparency-in-payment/.content.xml,pdf-dm,converted,https://www.abbvie.com/content/dam/abbvie-com2/pdfs/disclosures/bulgaria/2022-abbvie-bulgaria-efpia-report.pdf,https://delivery-p157365-e1665873.adobeaemcloud.com/adobe/assets/urn:aaid:aem:2cf61b7d-42d2-4ae0-929c-add5a2d4812c/original/as/2022-abbvie-bulgaria-efpia-report.pdf,not checked
/content/abbvie-nextgen-eds/corporate/abbvie-com/us/en/who-we-are/operating-with-integrity/transparency-in-payment/.content.xml,pdf-dm,converted,https://www.abbvie.com/content/dam/abbvie-com2/pdfs/disclosures/bulgaria/2022-abbvie-bulgaria-supporting-document.pdf,https://delivery-p157365-e1665873.adobeaemcloud.com/adobe/assets/urn:aaid:aem:1437c8ec-6a98-4340-b9a1-0b982bf0e649/original/as/2022-abbvie-bulgaria-supporting-document.pdf,not checked
/content/abbvie-nextgen-eds/corporate/abbvie-com/us/en/who-we-are/operating-with-integrity/transparency-in-payment/.content.xml,pdf-dm,converted,https://www.abbvie.com/content/dam/abbvie-com2/pdfs/disclosures/bulgaria/2023-abbvie-bulgaria-efpia-report.pdf,https://delivery-p157365-e1665873.adobeaemcloud.com/adobe/assets/urn:aaid:aem:6c25d381-4e14-4fef-819d-c637310f9ef9/original/as/2023-abbvie-bulgaria-efpia-report.pdf,not checked
/content/abbvie-nextgen-eds/corporate/abbvie-com/us/en/who-we-are/operating-with-integrity/transparency-in-payment/.content.xml,pdf-dm,converted,https://www.abbvie.com/content/dam/abbvie-com2/pdfs/disclosures/bulgaria/2023-abbvie-bulgaria-supporting-document.pdf,https://delivery-p157365-e1665873.adobeaemcloud.com/adobe/assets/urn:aaid:aem:77e2717d-7214-452e-a240-48a72b52991d/original/as/2023-abbvie-bulgaria-supporting-document.pdf,not checked
/content/abbvie-nextgen-eds/corporate/abbvie-com/us/en/who-we-are/operating-with-integrity/transparency-in-payment/.content.xml,pdf-dm,converted,https://www.abbvie.com/content/dam/abbvie-com2/pdfs/disclosures/bulgaria/2024-abbvie-bulgaria-efpia-report.pdf,https://delivery-p157365-e1665873.adobeaemcloud.com/adobe/assets/urn:aaid:aem:ce9a7ed5-4cb9-46c1-ba61-2b783e2a686f/original/as/2024-abbvie-bulgaria-efpia-report.pdf,not checked
/content/abbvie-nextgen-eds/corporate/abbvie-com/us/en/who-we-are/operating-with-integrity/transparency-in-payment/.content.xml,pdf-dm,converted,https://www.abbvie.com/content/dam/abbvie-com2/pdfs/disclosures/bulgaria/2024-abbvie-bulgaria-supporting-document.pdf,https://delivery-p157365-e1665873.adobeaemcloud.com/adobe/assets/urn:aaid:aem:4089a0bf-2036-45a2-b333-f448eacf413a/original/as/2024-abbvie-bulgaria-supporting-document.pdf,not checked
/content/abbvie-nextgen-eds/corporate/abbvie-com/us/en/who-we-are/operating-with-integrity/transparency-in-payment/.content.xml,pdf-dm,converted,https://www.abbvie.com/content/dam/abbvie-com2/pdfs/disclosures/croatia/2022-abbvie-croatia-hrk-efpia-report.pdf,https://delivery-p157365-e1665873.adobeaemcloud.com/adobe/assets/urn:aaid:aem:17ef6148-90fa-420b-accb-d89227a401bd/original/as/2022-abbvie-croatia-hrk-efpia-report.pdf,not checked
/content/abbvie-nextgen-eds/corporate/abbvie-com/us/en/who-we-are/operating-with-integrity/transparency-in-payment/.content.xml,pdf-dm,converted,https://www.abbvie.com/content/dam/abbvie-com2/pdfs/disclosures/croatia/2022-abbvie-croatia-euro-efpia-report.pdf,https://delivery-p157365-e1665873.adobeaemcloud.com/adobe/assets/urn:aaid:aem:965034ef-168a-4f43-9311-33acfc068fb8/original/as/2022-abbvie-croatia-euro-efpia-report.pdf,not checked
/content/abbvie-nextgen-eds/corporate/abbvie-com/us/en/who-we-are/operating-with-integrity/transparency-in-payment/.content.xml,pdf-dm,converted,https://www.abbvie.com/content/dam/abbvie-com2/pdfs/disclosures/croatia/2022-abbvie-croatia-supporting-document.pdf,https://delivery-p157365-e1665873.adobeaemcloud.com/adobe/assets/urn:aaid:aem:a262633f-f7fb-49d1-a401-e0a14bb5e052/original/as/2022-abbvie-croatia-supporting-document.pdf,not checked
/content/abbvie-nextgen-eds/corporate/abbvie-com/us/en/who-we-are/operating-with-integrity/transparency-in-payment/.content.xml,pdf-dm,converted,https://www.abbvie.com/content/dam/abbvie-com2/pdfs/disclosures/croatia/2023-abbvie-croatia-efpia-report.pdf,https://delivery-p157365-e1665873.adobeaemcloud.com/adobe/assets/urn:aaid:aem:6b948523-9897-475d-80d3-1dc1878d3bbd/original/as/2023-abbvie-croatia-efpia-report.pdf,not checked
/content/abbvie-nextgen-eds/corporate/abbvie-com/us/en/who-we-are/operating-with-integrity/transparency-in-payment/.content.xml,pdf-dm,converted,https://www.abbvie.com/content/dam/abbvie-com2/pdfs/disclosures/croatia/2023-abbvie-croatia-supporting-document.pdf,https://delivery-p157365-e1665873.adobeaemcloud.com/adobe/assets/urn:aaid:aem:f034e1ae-03a6-47bd-9d87-077d0667038a/original/as/2023-abbvie-croatia-supporting-document.pdf,not checked
/content/abbvie-nextgen-eds/corporate/abbvie-com/us/en/who-we-are/operating-with-integrity/transparency-in-payment/.content.xml,pdf-dm,converted,https://www.abbvie.com/content/dam/abbvie-com2/pdfs/disclosures/croatia/2024-abbvie-croatia-efpia-report.pdf,https://delivery-p157365-e1665873.adobeaemcloud.com/adobe/assets/urn:aaid:aem:91d25ff4-64b4-4e6b-b1f7-ba4dbabb1eb7/original/as/2024-abbvie-croatia-efpia-report.pdf,not checked
/content/abbvie-nextgen-eds/corporate/abbvie-com/us/en/who-we-are/operating-with-integrity/transparency-in-payment/.content.xml,pdf-dm,converted,https://www.abbvie.com/content/dam/abbvie-com2/pdfs/disclosures/croatia/2024-abbvie-croatia-supporting-document.pdf,https://delivery-p157365-e1665873.adobeaemcloud.com/adobe/assets/urn:aaid:aem:37cf9971-52ed-4e7e-aeb4-3509c33e0c96/original/as/2024-abbvie-croatia-supporting-document.pdf,not checked
/content/abbvie-nextgen-eds/corporate/abbvie-com/us/en/who-we-are/operating-with-integrity/transparency-in-payment/.content.xml,pdf-dm,converted,https://www.abbvie.com/content/dam/abbvie-com2/pdfs/disclosures/cyprus/2022-abbvie-cyprus-efpia-report.pdf,https://delivery-p157365-e1665873.adobeaemcloud.com/adobe/assets/urn:aaid:aem:5a95e5b7-cc23-489b-b226-83905c981f13/original/as/2022-abbvie-cyprus-efpia-report.pdf,not checked
/content/abbvie-nextgen-eds/corporate/abbvie-com/us/en/who-we-are/operating-with-integrity/transparency-in-payment/.content.xml,pdf-dm,converted,https://www.abbvie.com/content/dam/abbvie-com2/pdfs/disclosures/cyprus/2022-abbvie-cyprus-supporting-document.pdf,https://delivery-p157365-e1665873.adobeaemcloud.com/adobe/assets/urn:aaid:aem:cc5c3094-06ed-4e64-98d0-58cc99e435f5/original/as/2022-abbvie-cyprus-supporting-document.pdf,not checked
/content/abbvie-nextgen-eds/corporate/abbvie-com/us/en/who-we-are/operating-with-integrity/transparency-in-payment/.content.xml,pdf-dm,converted,https://www.abbvie.com/content/dam/abbvie-com2/pdfs/disclosures/cyprus/2023-abbvie-cyprus-efpia-report.pdf,https://delivery-p157365-e1665873.adobeaemcloud.com/adobe/assets/urn:aaid:aem:dc3ab546-ba5c-47c9-9bfe-fc1d9e0a592a/original/as/2023-abbvie-cyprus-efpia-report.pdf,not checked
/content/abbvie-nextgen-eds/corporate/abbvie-com/us/en/who-we-are/operating-with-integrity/transparency-in-payment/.content.xml,pdf-dm,converted,https://www.abbvie.com/content/dam/abbvie-com2/pdfs/disclosures/cyprus/2023-abbvie-cyprus-supporting-document.pdf,https://delivery-p157365-e1665873.adobeaemcloud.com/adobe/assets/urn:aaid:aem:76e938c8-81d9-4c1a-8821-153df750df83/original/as/2023-abbvie-cyprus-supporting-document.pdf,not checked
/content/abbvie-nextgen-eds/corporate/abbvie-com/us/en/who-we-are/operating-with-integrity/transparency-in-payment/.content.xml,pdf-dm,converted,https://www.abbvie.com/content/dam/abbvie-com2/pdfs/disclosures/cyprus/2024-abbvie-cyprus-efpia-report.pdf,https://delivery-p157365-e1665873.adobeaemcloud.com/adobe/assets/urn:aaid:aem:f885f00a-2c30-4135-beaa-77de4a8af35a/original/as/2024-abbvie-cyprus-efpia-report.pdf,not checked
/content/abbvie-nextgen-eds/corporate/abbvie-com/us/en/who-we-are/operating-with-integrity/transparency-in-payment/.content.xml,pdf-dm,converted,https://www.abbvie.com/content/dam/abbvie-com2/pdfs/disclosures/cyprus/2024-abbvie-cyprus-supporting-document.pdf,https://delivery-p157365-e1665873.adobeaemcloud.com/adobe/assets/urn:aaid:aem:6720dbf8-0fbd-46b6-9cb8-e469f345ea7b/original/as/2024-abbvie-cyprus-supporting-document.pdf,not checked
/content/abbvie-nextgen-eds/corporate/abbvie-com/us/en/who-we-are/operating-with-integrity/transparency-in-payment/.content.xml,pdf-dm,converted,https://www.abbvie.com/content/dam/abbvie-com2/pdfs/disclosures/estonia/2023-abbvie-estonia-efpia-report.pdf,https://delivery-p157365-e1665873.adobeaemcloud.com/adobe/assets/urn:aaid:aem:d90805d9-4de9-4051-8bf2-5b749349c514/original/as/2023-abbvie-estonia-efpia-report.pdf,not checked
/content/abbvie-nextgen-eds/corporate/abbvie-com/us/en/who-we-are/operating-with-integrity/transparency-in-payment/.content.xml,pdf-dm,converted,https://www.abbvie.com/content/dam/abbvie-com2/pdfs/disclosures/estonia/2023-abbvie-estonia-supporting-document.pdf,https://delivery-p157365-e1665873.adobeaemcloud.com/adobe/assets/urn:aaid:aem:ce44513b-80aa-4b09-87c3-531ea13bee03/original/as/2023-abbvie-estonia-supporting-document.pdf,not checked
/content/abbvie-nextgen-eds/corporate/abbvie-com/us/en/who-we-are/operating-with-integrity/transparency-in-payment/.content.xml,pdf-dm,converted,https://www.abbvie.com/content/dam/abbvie-com2/pdfs/disclosures/estonia/2024-abbvie-estonia-efpia-report.pdf,https://delivery-p157365-e1665873.adobeaemcloud.com/adobe/assets/urn:aaid:aem:1c2f8a29-605a-40d4-9b75-298606c02b6e/original/as/2024-abbvie-estonia-efpia-report.pdf,not checked
/content/abbvie-nextgen-eds/corporate/abbvie-com/us/en/who-we-are/operating-with-integrity/transparency-in-payment/.content.xml,pdf-dm,converted,https://www.abbvie.com/content/dam/abbvie-com2/pdfs/disclosures/estonia/2024-abbvie-estonia-supporting-document.pdf,https://delivery-p157365-e1665873.adobeaemcloud.com/adobe/assets/urn:aaid:aem:81631a8b-e990-41d8-a1a1-de7cc49daa6f/original/as/2024-abbvie-estonia-supporting-document.pdf,not checked
/content/abbvie-nextgen-eds/corporate/abbvie-com/us/en/who-we-are/operating-with-integrity/transparency-in-payment/.content.xml,pdf-dm,converted,https://www.abbvie.com/content/dam/abbvie-com2/pdfs/disclosures/estonia/2025-abbvie-estonia-efpia-report.pdf,https://delivery-p157365-e1665873.adobeaemcloud.com/adobe/assets/urn:aaid:aem:91211fec-77c0-45a6-bb78-13d4bf793e62/original/as/2025-abbvie-estonia-efpia-report.pdf,not checked
/content/abbvie-nextgen-eds/corporate/abbvie-com/us/en/who-we-are/operating-with-integrity/transparency-in-payment/.content.xml,pdf-dm,converted,https://www.abbvie.com/content/dam/abbvie-com2/pdfs/disclosures/finland/2023-abbvie-finland-efpia-report.pdf,https://delivery-p157365-e1665873.adobeaemcloud.com/adobe/assets/urn:aaid:aem:7a423766-f55c-4c92-80f8-04b25778bf88/original/as/2023-abbvie-finland-efpia-report.pdf,not checked
/content/abbvie-nextgen-eds/corporate/abbvie-com/us/en/who-we-are/operating-with-integrity/transparency-in-payment/.content.xml,pdf-dm,converted,https://www.abbvie.com/content/dam/abbvie-com2/pdfs/disclosures/finland/2023-abbvie-finland-supporting-document.pdf,https://delivery-p157365-e1665873.adobeaemcloud.com/adobe/assets/urn:aaid:aem:def5368a-4aa5-4fe9-a49c-b33df8f9eebf/original/as/2023-abbvie-finland-supporting-document.pdf,not checked
/content/abbvie-nextgen-eds/corporate/abbvie-com/us/en/who-we-are/operating-with-integrity/transparency-in-payment/.content.xml,pdf-dm,converted,https://www.abbvie.com/content/dam/abbvie-com2/pdfs/disclosures/finland/2024-abbvie-finland-efpia-report.pdf,https://delivery-p157365-e1665873.adobeaemcloud.com/adobe/assets/urn:aaid:aem:574ef0e7-3a35-4814-bb61-1f31ef260ffe/original/as/2024-abbvie-finland-efpia-report.pdf,not checked
/content/abbvie-nextgen-eds/corporate/abbvie-com/us/en/who-we-are/operating-with-integrity/transparency-in-payment/.content.xml,pdf-dm,converted,https://www.abbvie.com/content/dam/abbvie-com2/pdfs/disclosures/finland/2024-abbvie-finland-supporting-document.pdf,https://delivery-p157365-e1665873.adobeaemcloud.com/adobe/assets/urn:aaid:aem:3a66cea2-a32b-4f1a-ab95-acd9a60dece8/original/as/2024-abbvie-finland-supporting-document.pdf,not checked
/content/abbvie-nextgen-eds/corporate/abbvie-com/us/en/who-we-are/operating-with-integrity/transparency-in-payment/.content.xml,pdf-dm,converted,https://www.abbvie.com/content/dam/abbvie-com2/pdfs/disclosures/finland/2025-abbvie-finland-efpia-report.pdf,https://delivery-p157365-e1665873.adobeaemcloud.com/adobe/assets/urn:aaid:aem:5119bf10-68e9-4de8-8ca6-093fa987b702/original/as/2025-abbvie-finland-efpia-report.pdf,not checked
/content/abbvie-nextgen-eds/corporate/abbvie-com/us/en/who-we-are/operating-with-integrity/transparency-in-payment/.content.xml,pdf-dm,converted,https://www.abbvie.com/content/dam/abbvie-com2/pdfs/disclosures/germany/2022-abbvie-germany-efpia-report.pdf,https://delivery-p157365-e1665873.adobeaemcloud.com/adobe/assets/urn:aaid:aem:0e7f0a1e-0170-4ffa-b3de-ab48a2c3f8c1/original/as/2022-abbvie-germany-efpia-report.pdf,not checked
/content/abbvie-nextgen-eds/corporate/abbvie-com/us/en/who-we-are/operating-with-integrity/transparency-in-payment/.content.xml,pdf-dm,converted,https://www.abbvie.com/content/dam/abbvie-com2/pdfs/disclosures/germany/2022-abbvie-germany-supporting-document.pdf,https://delivery-p157365-e1665873.adobeaemcloud.com/adobe/assets/urn:aaid:aem:5022d49d-fa90-419b-8714-0e7f05570b4d/original/as/2022-abbvie-germany-supporting-document.pdf,not checked
/content/abbvie-nextgen-eds/corporate/abbvie-com/us/en/who-we-are/operating-with-integrity/transparency-in-payment/.content.xml,pdf-dm,converted,https://www.abbvie.com/content/dam/abbvie-com2/pdfs/disclosures/germany/2023-abbvie-germany-efpia-report.pdf,https://delivery-p157365-e1665873.adobeaemcloud.com/adobe/assets/urn:aaid:aem:aba886ab-3e1b-4c92-b2fb-a760be574e6a/original/as/2023-abbvie-germany-efpia-report.pdf,not checked
/content/abbvie-nextgen-eds/corporate/abbvie-com/us/en/who-we-are/operating-with-integrity/transparency-in-payment/.content.xml,pdf-dm,converted,https://www.abbvie.com/content/dam/abbvie-com2/pdfs/disclosures/germany/2023-abbvie-germany-supporting-document.pdf,https://delivery-p157365-e1665873.adobeaemcloud.com/adobe/assets/urn:aaid:aem:2fe6475a-4b11-4870-9c3a-99081c48160f/original/as/2023-abbvie-germany-supporting-document.pdf,not checked
/content/abbvie-nextgen-eds/corporate/abbvie-com/us/en/who-we-are/operating-with-integrity/transparency-in-payment/.content.xml,pdf-dm,converted,https://www.abbvie.com/content/dam/abbvie-com2/pdfs/disclosures/germany/2024-abbvie-germany-efpia-report.pdf,https://delivery-p157365-e1665873.adobeaemcloud.com/adobe/assets/urn:aaid:aem:873e4986-e60f-4886-804a-9d73a3210a04/original/as/2024-abbvie-germany-efpia-report.pdf,not checked
/content/abbvie-nextgen-eds/corporate/abbvie-com/us/en/who-we-are/operating-with-integrity/transparency-in-payment/.content.xml,pdf-dm,converted,https://www.abbvie.com/content/dam/abbvie-com2/pdfs/disclosures/germany/2024-abbvie-germany-supporting-document.pdf,https://delivery-p157365-e1665873.adobeaemcloud.com/adobe/assets/urn:aaid:aem:14f3a3d7-75a6-4190-a56e-e9596a8421df/original/as/2024-abbvie-germany-supporting-document.pdf,not checked
/content/abbvie-nextgen-eds/corporate/abbvie-com/us/en/who-we-are/operating-with-integrity/transparency-in-payment/.content.xml,pdf-dm,converted,https://www.abbvie.com/content/dam/abbvie-com2/pdfs/disclosures/greece/2022-abbvie-greece-efpia-report.pdf,https://delivery-p157365-e1665873.adobeaemcloud.com/adobe/assets/urn:aaid:aem:fe3eb95f-0d25-49d5-8aee-a32007b65081/original/as/2022-abbvie-greece-efpia-report.pdf,not checked
/content/abbvie-nextgen-eds/corporate/abbvie-com/us/en/who-we-are/operating-with-integrity/transparency-in-payment/.content.xml,pdf-dm,converted,https://www.abbvie.com/content/dam/abbvie-com2/pdfs/disclosures/greece/2022-abbvie-greece-supporting-document.pdf,https://delivery-p157365-e1665873.adobeaemcloud.com/adobe/assets/urn:aaid:aem:14d7140f-ee09-427d-9011-773c5936d1eb/original/as/2022-abbvie-greece-supporting-document.pdf,not checked
/content/abbvie-nextgen-eds/corporate/abbvie-com/us/en/who-we-are/operating-with-integrity/transparency-in-payment/.content.xml,pdf-dm,converted,https://www.abbvie.com/content/dam/abbvie-com2/pdfs/disclosures/greece/2023-abbvie-greece-efpia-report.pdf,https://delivery-p157365-e1665873.adobeaemcloud.com/adobe/assets/urn:aaid:aem:6b0e3018-7de9-4aa7-9aa6-fba0730930af/original/as/2023-abbvie-greece-efpia-report.pdf,not checked
/content/abbvie-nextgen-eds/corporate/abbvie-com/us/en/who-we-are/operating-with-integrity/transparency-in-payment/.content.xml,pdf-dm,converted,https://www.abbvie.com/content/dam/abbvie-com2/pdfs/disclosures/greece/2023-abbvie-greece-supporting-document.pdf,https://delivery-p157365-e1665873.adobeaemcloud.com/adobe/assets/urn:aaid:aem:70eb99ff-39c6-49eb-8005-1748284ff2df/original/as/2023-abbvie-greece-supporting-document.pdf,not checked
/content/abbvie-nextgen-eds/corporate/abbvie-com/us/en/who-we-are/operating-with-integrity/transparency-in-payment/.content.xml,pdf-dm,converted,https://www.abbvie.com/content/dam/abbvie-com2/pdfs/disclosures/greece/2024-abbvie-greece-efpia-report.pdf,https://delivery-p157365-e1665873.adobeaemcloud.com/adobe/assets/urn:aaid:aem:aae3d9b5-871f-4be2-8dfc-f379441fd05b/original/as/2024-abbvie-greece-efpia-report.pdf,not checked
/content/abbvie-nextgen-eds/corporate/abbvie-com/us/en/who-we-are/operating-with-integrity/transparency-in-payment/.content.xml,pdf-dm,converted,https://www.abbvie.com/content/dam/abbvie-com2/pdfs/disclosures/greece/2024-abbvie-greece-supporting-document.pdf,https://delivery-p157365-e1665873.adobeaemcloud.com/adobe/assets/urn:aaid:aem:1c12f2c0-b426-413e-983c-bbca2375e55f/original/as/2024-abbvie-greece-supporting-document.pdf,not checked
/content/abbvie-nextgen-eds/corporate/abbvie-com/us/en/who-we-are/operating-with-integrity/transparency-in-payment/.content.xml,pdf-dm,converted,https://www.abbvie.com/content/dam/abbvie-com2/pdfs/disclosures/hungary/2022-abbvie-hungary-efpia-report.pdf,https://delivery-p157365-e1665873.adobeaemcloud.com/adobe/assets/urn:aaid:aem:3cb6d1b1-06a8-4fca-ac5d-dc0d3ba3b3b5/original/as/2022-abbvie-hungary-efpia-report.pdf,not checked
/content/abbvie-nextgen-eds/corporate/abbvie-com/us/en/who-we-are/operating-with-integrity/transparency-in-payment/.content.xml,pdf-dm,converted,https://www.abbvie.com/content/dam/abbvie-com2/pdfs/disclosures/hungary/2022-abbvie-hungary-supporting-document.pdf,https://delivery-p157365-e1665873.adobeaemcloud.com/adobe/assets/urn:aaid:aem:87ad74c2-db4e-42f0-97ac-319d7b713180/original/as/2022-abbvie-hungary-supporting-document.pdf,not checked
/content/abbvie-nextgen-eds/corporate/abbvie-com/us/en/who-we-are/operating-with-integrity/transparency-in-payment/.content.xml,pdf-dm,converted,https://www.abbvie.com/content/dam/abbvie-com2/pdfs/disclosures/hungary/2023-abbvie-hungary-efpia-report.pdf,https://delivery-p157365-e1665873.adobeaemcloud.com/adobe/assets/urn:aaid:aem:9d9eb5b6-09fc-4b25-b450-d39a01287109/original/as/2023-abbvie-hungary-efpia-report.pdf,not checked
/content/abbvie-nextgen-eds/corporate/abbvie-com/us/en/who-we-are/operating-with-integrity/transparency-in-payment/.content.xml,pdf-dm,converted,https://www.abbvie.com/content/dam/abbvie-com2/pdfs/disclosures/hungary/2023-abbvie-hungary-supporting-document.pdf,https://delivery-p157365-e1665873.adobeaemcloud.com/adobe/assets/urn:aaid:aem:f97e2edb-efbc-46de-aece-ff4c6c08bbc0/original/as/2023-abbvie-hungary-supporting-document.pdf,not checked
/content/abbvie-nextgen-eds/corporate/abbvie-com/us/en/who-we-are/operating-with-integrity/transparency-in-payment/.content.xml,pdf-dm,converted,https://www.abbvie.com/content/dam/abbvie-com2/pdfs/disclosures/hungary/2024-abbvie-hungary-efpia-report.pdf,https://delivery-p157365-e1665873.adobeaemcloud.com/adobe/assets/urn:aaid:aem:3ad5cd5b-f795-4c16-bbab-335aafb61901/original/as/2024-abbvie-hungary-efpia-report.pdf,not checked
/content/abbvie-nextgen-eds/corporate/abbvie-com/us/en/who-we-are/operating-with-integrity/transparency-in-payment/.content.xml,pdf-dm,converted,https://www.abbvie.com/content/dam/abbvie-com2/pdfs/disclosures/hungary/2024-abbvie-hungary-supporting-document.pdf,https://delivery-p157365-e1665873.adobeaemcloud.com/adobe/assets/urn:aaid:aem:a001474f-0899-4338-b4cb-d6a3d5627573/original/as/2024-abbvie-hungary-supporting-document.pdf,not checked
/content/abbvie-nextgen-eds/corporate/abbvie-com/us/en/who-we-are/operating-with-integrity/transparency-in-payment/.content.xml,pdf-dm,converted,https://www.abbvie.com/content/dam/abbvie-com2/pdfs/disclosures/italy/2022-abbvie-italy-efpia-report.pdf,https://delivery-p157365-e1665873.adobeaemcloud.com/adobe/assets/urn:aaid:aem:06b5e506-603f-407c-ab9a-9fd26148e0bb/original/as/2022-abbvie-italy-efpia-report.pdf,not checked
/content/abbvie-nextgen-eds/corporate/abbvie-com/us/en/who-we-are/operating-with-integrity/transparency-in-payment/.content.xml,pdf-dm,converted,https://www.abbvie.com/content/dam/abbvie-com2/pdfs/disclosures/italy/2022-abbvie-italy-supporting-document.pdf,https://delivery-p157365-e1665873.adobeaemcloud.com/adobe/assets/urn:aaid:aem:eac2f42e-5796-4dba-99e9-1e95f1e66699/original/as/2022-abbvie-italy-supporting-document.pdf,not checked
/content/abbvie-nextgen-eds/corporate/abbvie-com/us/en/who-we-are/operating-with-integrity/transparency-in-payment/.content.xml,pdf-dm,converted,https://www.abbvie.com/content/dam/abbvie-com2/pdfs/disclosures/italy/2023-abbvie-italy-efpia-report.pdf,https://delivery-p157365-e1665873.adobeaemcloud.com/adobe/assets/urn:aaid:aem:0ace1f6d-878c-4de7-9946-6023cd481e78/original/as/2023-abbvie-italy-efpia-report.pdf,not checked
/content/abbvie-nextgen-eds/corporate/abbvie-com/us/en/who-we-are/operating-with-integrity/transparency-in-payment/.content.xml,pdf-dm,converted,https://www.abbvie.com/content/dam/abbvie-com2/pdfs/disclosures/italy/2023-abbvie-italy-supporting-document.pdf,https://delivery-p157365-e1665873.adobeaemcloud.com/adobe/assets/urn:aaid:aem:d0fc6874-5a31-4485-b940-27c699c2e53b/original/as/2023-abbvie-italy-supporting-document.pdf,not checked
/content/abbvie-nextgen-eds/corporate/abbvie-com/us/en/who-we-are/operating-with-integrity/transparency-in-payment/.content.xml,pdf-dm,converted,https://www.abbvie.com/content/dam/abbvie-com2/pdfs/disclosures/italy/2024-abbvie-italy-efpia-report.pdf,https://delivery-p157365-e1665873.adobeaemcloud.com/adobe/assets/urn:aaid:aem:8ad4c155-1bd0-4407-8256-b3cb56124cdb/original/as/2024-abbvie-italy-efpia-report.pdf,not checked
/content/abbvie-nextgen-eds/corporate/abbvie-com/us/en/who-we-are/operating-with-integrity/transparency-in-payment/.content.xml,pdf-dm,converted,https://www.abbvie.com/content/dam/abbvie-com2/pdfs/disclosures/italy/2024-abbvie-italy-supporting-document.pdf,https://delivery-p157365-e1665873.adobeaemcloud.com/adobe/assets/urn:aaid:aem:c485f635-ca12-4e20-a1ba-fda90da6d244/original/as/2024-abbvie-italy-supporting-document.pdf,not checked
/content/abbvie-nextgen-eds/corporate/abbvie-com/us/en/who-we-are/operating-with-integrity/transparency-in-payment/.content.xml,pdf-dm,converted,https://www.abbvie.com/content/dam/abbvie-com2/pdfs/disclosures/latvia/2022-abbvie-latvia-supporting-document.pdf,https://delivery-p157365-e1665873.adobeaemcloud.com/adobe/assets/urn:aaid:aem:b44cf25e-7593-4dd8-abf5-5117a2bfab9e/original/as/2022-abbvie-latvia-supporting-document.pdf,not checked
/content/abbvie-nextgen-eds/corporate/abbvie-com/us/en/who-we-are/operating-with-integrity/transparency-in-payment/.content.xml,pdf-dm,converted,https://www.abbvie.com/content/dam/abbvie-com2/pdfs/disclosures/latvia/2023-abbvie-latvia-supporting-document.pdf,https://delivery-p157365-e1665873.adobeaemcloud.com/adobe/assets/urn:aaid:aem:c84fa2b6-20c2-4c20-b4f1-b7ff6354244b/original/as/2023-abbvie-latvia-supporting-document.pdf,not checked
/content/abbvie-nextgen-eds/corporate/abbvie-com/us/en/who-we-are/operating-with-integrity/transparency-in-payment/.content.xml,pdf-dm,converted,https://www.abbvie.com/content/dam/abbvie-com2/pdfs/disclosures/latvia/2024-abbvie-latvia-supporting-document.pdf,https://delivery-p157365-e1665873.adobeaemcloud.com/adobe/assets/urn:aaid:aem:a6889936-9d58-4617-bcf7-8ac5a7d3013f/original/as/2024-abbvie-latvia-supporting-document.pdf,not checked
/content/abbvie-nextgen-eds/corporate/abbvie-com/us/en/who-we-are/operating-with-integrity/transparency-in-payment/.content.xml,pdf-dm,converted,https://www.abbvie.com/content/dam/abbvie-com2/pdfs/disclosures/lithuania/2022-abbvie-lithuania-efpia-report.pdf,https://delivery-p157365-e1665873.adobeaemcloud.com/adobe/assets/urn:aaid:aem:c4478a1e-c65d-44a1-949d-4814fb451124/original/as/2022-abbvie-lithuania-efpia-report.pdf,not checked
/content/abbvie-nextgen-eds/corporate/abbvie-com/us/en/who-we-are/operating-with-integrity/transparency-in-payment/.content.xml,pdf-dm,converted,https://www.abbvie.com/content/dam/abbvie-com2/pdfs/disclosures/lithuania/2022-abbvie-lithuania-supporting-document.pdf,https://delivery-p157365-e1665873.adobeaemcloud.com/adobe/assets/urn:aaid:aem:2bf183d4-b0b1-4022-bbfa-4995f21c16e2/original/as/2022-abbvie-lithuania-supporting-document.pdf,not checked
/content/abbvie-nextgen-eds/corporate/abbvie-com/us/en/who-we-are/operating-with-integrity/transparency-in-payment/.content.xml,pdf-dm,converted,https://www.abbvie.com/content/dam/abbvie-com2/pdfs/disclosures/lithuania/2023-abbvie-lithuania-efpia-report.pdf,https://delivery-p157365-e1665873.adobeaemcloud.com/adobe/assets/urn:aaid:aem:9c18c5e3-7612-40ce-ba46-0b68d3e38b58/original/as/2023-abbvie-lithuania-efpia-report.pdf,not checked
/content/abbvie-nextgen-eds/corporate/abbvie-com/us/en/who-we-are/operating-with-integrity/transparency-in-payment/.content.xml,pdf-dm,converted,https://www.abbvie.com/content/dam/abbvie-com2/pdfs/disclosures/lithuania/2023-abbvie-lithuania-supporting-document.pdf,https://delivery-p157365-e1665873.adobeaemcloud.com/adobe/assets/urn:aaid:aem:3c8ac23e-34dc-49a8-9339-928879ce8d82/original/as/2023-abbvie-lithuania-supporting-document.pdf,not checked
/content/abbvie-nextgen-eds/corporate/abbvie-com/us/en/who-we-are/operating-with-integrity/transparency-in-payment/.content.xml,pdf-dm,converted,https://www.abbvie.com/content/dam/abbvie-com2/pdfs/disclosures/lithuania/2024-abbvie-lithuania-efpia-report.pdf,https://delivery-p157365-e1665873.adobeaemcloud.com/adobe/assets/urn:aaid:aem:51a7b064-f558-40fa-a018-644591e2e7e9/original/as/2024-abbvie-lithuania-efpia-report.pdf,not checked
/content/abbvie-nextgen-eds/corporate/abbvie-com/us/en/who-we-are/operating-with-integrity/transparency-in-payment/.content.xml,pdf-dm,converted,https://www.abbvie.com/content/dam/abbvie-com2/pdfs/disclosures/lithuania/2024-abbvie-lithuania-supporting-document.pdf,https://delivery-p157365-e1665873.adobeaemcloud.com/adobe/assets/urn:aaid:aem:1eb7f822-e4cc-4cbc-9dc9-4d728d9fe614/original/as/2024-abbvie-lithuania-supporting-document.pdf,not checked
/content/abbvie-nextgen-eds/corporate/abbvie-com/us/en/who-we-are/operating-with-integrity/transparency-in-payment/.content.xml,pdf-dm,converted,https://www.abbvie.com/content/dam/abbvie-com2/pdfs/disclosures/luxembourg/2022-abbvie-luxembourg-efpia-report.pdf,https://delivery-p157365-e1665873.adobeaemcloud.com/adobe/assets/urn:aaid:aem:c4d57636-10db-412d-9095-48f9b806afe2/original/as/2022-abbvie-luxembourg-efpia-report.pdf,not checked
/content/abbvie-nextgen-eds/corporate/abbvie-com/us/en/who-we-are/operating-with-integrity/transparency-in-payment/.content.xml,pdf-dm,converted,https://www.abbvie.com/content/dam/abbvie-com2/pdfs/disclosures/luxembourg/2022-abbvie-luxembourg-supporting-document.pdf,https://delivery-p157365-e1665873.adobeaemcloud.com/adobe/assets/urn:aaid:aem:59f32aa5-e558-4a4a-a758-246f09ac0568/original/as/2022-abbvie-luxembourg-supporting-document.pdf,not checked
/content/abbvie-nextgen-eds/corporate/abbvie-com/us/en/who-we-are/operating-with-integrity/transparency-in-payment/.content.xml,pdf-dm,converted,https://www.abbvie.com/content/dam/abbvie-com2/pdfs/disclosures/luxembourg/2023-abbvie-luxembourg-efpia-report.pdf,https://delivery-p157365-e1665873.adobeaemcloud.com/adobe/assets/urn:aaid:aem:90843cdf-1fca-4062-b24b-24ef6d9403e2/original/as/2023-abbvie-luxembourg-efpia-report.pdf,not checked
/content/abbvie-nextgen-eds/corporate/abbvie-com/us/en/who-we-are/operating-with-integrity/transparency-in-payment/.content.xml,pdf-dm,converted,https://www.abbvie.com/content/dam/abbvie-com2/pdfs/disclosures/luxembourg/2023-abbvie-luxembourg-supporting-document.pdf,https://delivery-p157365-e1665873.adobeaemcloud.com/adobe/assets/urn:aaid:aem:31339e46-fb52-407c-8bec-bdd2a8f94426/original/as/2023-abbvie-luxembourg-supporting-document.pdf,not checked
/content/abbvie-nextgen-eds/corporate/abbvie-com/us/en/who-we-are/operating-with-integrity/transparency-in-payment/.content.xml,pdf-dm,converted,https://www.abbvie.com/content/dam/abbvie-com2/pdfs/disclosures/luxembourg/2024-abbvie-luxembourg-efpia-report.pdf,https://delivery-p157365-e1665873.adobeaemcloud.com/adobe/assets/urn:aaid:aem:00c4687c-b81b-44ab-93bb-a3926a84261e/original/as/2024-abbvie-luxembourg-efpia-report.pdf,not checked
/content/abbvie-nextgen-eds/corporate/abbvie-com/us/en/who-we-are/operating-with-integrity/transparency-in-payment/.content.xml,pdf-dm,converted,https://www.abbvie.com/content/dam/abbvie-com2/pdfs/disclosures/luxembourg/2024-abbvie-luxembourg-supporting-document.pdf,https://delivery-p157365-e1665873.adobeaemcloud.com/adobe/assets/urn:aaid:aem:9ba3ac94-4e62-476e-808f-33d1442e4736/original/as/2024-abbvie-luxembourg-supporting-document.pdf,not checked
/content/abbvie-nextgen-eds/corporate/abbvie-com/us/en/who-we-are/operating-with-integrity/transparency-in-payment/.content.xml,pdf-dm,converted,https://www.abbvie.com/content/dam/abbvie-com2/pdfs/disclosures/malta/2022-abbvie-malta-efpia-report.pdf,https://delivery-p157365-e1665873.adobeaemcloud.com/adobe/assets/urn:aaid:aem:4069db60-4553-417d-b19e-aa89f568baed/original/as/2022-abbvie-malta-efpia-report.pdf,not checked
/content/abbvie-nextgen-eds/corporate/abbvie-com/us/en/who-we-are/operating-with-integrity/transparency-in-payment/.content.xml,pdf-dm,converted,https://www.abbvie.com/content/dam/abbvie-com2/pdfs/disclosures/malta/2022-abbvie-malta-supporting-document.pdf,https://delivery-p157365-e1665873.adobeaemcloud.com/adobe/assets/urn:aaid:aem:a5ae02c5-ac1e-4272-a3eb-d1a6503d905d/original/as/2022-abbvie-malta-supporting-document.pdf,not checked
/content/abbvie-nextgen-eds/corporate/abbvie-com/us/en/who-we-are/operating-with-integrity/transparency-in-payment/.content.xml,pdf-dm,converted,https://www.abbvie.com/content/dam/abbvie-com2/pdfs/disclosures/malta/2023-abbvie-malta-efpia-report.pdf,https://delivery-p157365-e1665873.adobeaemcloud.com/adobe/assets/urn:aaid:aem:171a826c-4573-4835-b1a3-7e412100fc25/original/as/2023-abbvie-malta-efpia-report.pdf,not checked
/content/abbvie-nextgen-eds/corporate/abbvie-com/us/en/who-we-are/operating-with-integrity/transparency-in-payment/.content.xml,pdf-dm,converted,https://www.abbvie.com/content/dam/abbvie-com2/pdfs/disclosures/malta/2023-abbvie-malta-supporting-document.pdf,https://delivery-p157365-e1665873.adobeaemcloud.com/adobe/assets/urn:aaid:aem:7b607af8-32bc-44c3-a3ee-15a66d0fc057/original/as/2023-abbvie-malta-supporting-document.pdf,not checked
/content/abbvie-nextgen-eds/corporate/abbvie-com/us/en/who-we-are/operating-with-integrity/transparency-in-payment/.content.xml,pdf-dm,converted,https://www.abbvie.com/content/dam/abbvie-com2/pdfs/disclosures/malta/2024-abbvie-malta-supporting-document.pdf,https://delivery-p157365-e1665873.adobeaemcloud.com/adobe/assets/urn:aaid:aem:fc4f5ba6-295d-4a7f-bb99-67e8a5664fd4/original/as/2024-abbvie-malta-supporting-document.pdf,not checked
/content/abbvie-nextgen-eds/corporate/abbvie-com/us/en/who-we-are/operating-with-integrity/transparency-in-payment/.content.xml,pdf-dm,converted,https://www.abbvie.com/content/dam/abbvie-com2/pdfs/disclosures/norway/2022-abbvie-norway-efpia-report.pdf,https://delivery-p157365-e1665873.adobeaemcloud.com/adobe/assets/urn:aaid:aem:db9ae3a3-ae0a-49d9-9d15-0ae8f26a05e6/original/as/2022-abbvie-norway-efpia-report.pdf,not checked
/content/abbvie-nextgen-eds/corporate/abbvie-com/us/en/who-we-are/operating-with-integrity/transparency-in-payment/.content.xml,pdf-dm,converted,https://www.abbvie.com/content/dam/abbvie-com2/pdfs/disclosures/norway/2022-abbvie-norway-supporting-document.pdf,https://delivery-p157365-e1665873.adobeaemcloud.com/adobe/assets/urn:aaid:aem:a2150e46-b944-4674-a331-d6c5a9e984bb/original/as/2022-abbvie-norway-supporting-document.pdf,not checked
/content/abbvie-nextgen-eds/corporate/abbvie-com/us/en/who-we-are/operating-with-integrity/transparency-in-payment/.content.xml,pdf-dm,converted,https://www.abbvie.com/content/dam/abbvie-com2/pdfs/disclosures/norway/2023-abbvie-norway-efpia-report.pdf,https://delivery-p157365-e1665873.adobeaemcloud.com/adobe/assets/urn:aaid:aem:659b0b4e-20c3-43e2-9c58-6c7cc7b53e27/original/as/2023-abbvie-norway-efpia-report.pdf,not checked
/content/abbvie-nextgen-eds/corporate/abbvie-com/us/en/who-we-are/operating-with-integrity/transparency-in-payment/.content.xml,pdf-dm,converted,https://www.abbvie.com/content/dam/abbvie-com2/pdfs/disclosures/norway/2023-abbvie-norway-supporting-document.pdf,https://delivery-p157365-e1665873.adobeaemcloud.com/adobe/assets/urn:aaid:aem:e212a839-c93a-4cfe-97c3-7877f126b2cc/original/as/2023-abbvie-norway-supporting-document.pdf,not checked
/content/abbvie-nextgen-eds/corporate/abbvie-com/us/en/who-we-are/operating-with-integrity/transparency-in-payment/.content.xml,pdf-dm,converted,https://www.abbvie.com/content/dam/abbvie-com2/pdfs/disclosures/norway/2024-abbvie-norway-efpia-report.pdf,https://delivery-p157365-e1665873.adobeaemcloud.com/adobe/assets/urn:aaid:aem:0ed06582-fe24-47f7-ae12-f400a2306ac6/original/as/2024-abbvie-norway-efpia-report.pdf,not checked
/content/abbvie-nextgen-eds/corporate/abbvie-com/us/en/who-we-are/operating-with-integrity/transparency-in-payment/.content.xml,pdf-dm,converted,https://www.abbvie.com/content/dam/abbvie-com2/pdfs/disclosures/norway/2024-abbvie-norway-supporting-document.pdf,https://delivery-p157365-e1665873.adobeaemcloud.com/adobe/assets/urn:aaid:aem:d4b3b585-12c8-4dd3-8a80-9d4fabee139a/original/as/2024-abbvie-norway-supporting-document.pdf,not checked
/content/abbvie-nextgen-eds/corporate/abbvie-com/us/en/who-we-are/operating-with-integrity/transparency-in-payment/.content.xml,pdf-dm,converted,https://www.abbvie.com/content/dam/abbvie-com2/pdfs/disclosures/republic-of-north-macedonia/2022-abbvie-republic-of-north-macedonia-supporting-document.pdf,https://delivery-p157365-e1665873.adobeaemcloud.com/adobe/assets/urn:aaid:aem:81b01df3-a975-4d42-85b8-2e1e66baf42d/original/as/2022-abbvie-republic-of-north-macedonia-supporting-document.pdf,not checked
/content/abbvie-nextgen-eds/corporate/abbvie-com/us/en/who-we-are/operating-with-integrity/transparency-in-payment/.content.xml,pdf-dm,converted,https://www.abbvie.com/content/dam/abbvie-com2/pdfs/disclosures/republic-of-north-macedonia/2023-abbvie-republic-of-north-macedonia-supporting-document.pdf,https://delivery-p157365-e1665873.adobeaemcloud.com/adobe/assets/urn:aaid:aem:50983746-85f7-4171-91aa-2ca45acfbedb/original/as/2023-abbvie-republic-of-north-macedonia-supporting-document.pdf,not checked
/content/abbvie-nextgen-eds/corporate/abbvie-com/us/en/who-we-are/operating-with-integrity/transparency-in-payment/.content.xml,pdf-dm,converted,https://www.abbvie.com/content/dam/abbvie-com2/pdfs/disclosures/republic-of-north-macedonia/2024-abbvie-republic-of-north-macedonia-supporting-document.pdf,https://delivery-p157365-e1665873.adobeaemcloud.com/adobe/assets/urn:aaid:aem:97e54d88-8ec6-4299-9f5c-04ff262e2924/original/as/2024-abbvie-republic-of-north-macedonia-supporting-document.pdf,not checked
/content/abbvie-nextgen-eds/corporate/abbvie-com/us/en/who-we-are/operating-with-integrity/transparency-in-payment/.content.xml,pdf-dm,converted,https://www.abbvie.com/content/dam/abbvie-com2/pdfs/disclosures/serbia/2022-abbvie-serbia-efpia-report.pdf,https://delivery-p157365-e1665873.adobeaemcloud.com/adobe/assets/urn:aaid:aem:4170da23-5512-4ed7-8e55-e4f0ae35f34b/original/as/2022-abbvie-serbia-efpia-report.pdf,not checked
/content/abbvie-nextgen-eds/corporate/abbvie-com/us/en/who-we-are/operating-with-integrity/transparency-in-payment/.content.xml,pdf-dm,converted,https://www.abbvie.com/content/dam/abbvie-com2/pdfs/disclosures/serbia/2022-abbvie-serbia-supporting-document.pdf,https://delivery-p157365-e1665873.adobeaemcloud.com/adobe/assets/urn:aaid:aem:2a32526f-f147-4ba6-b9d4-e6312d5d22dc/original/as/2022-abbvie-serbia-supporting-document.pdf,not checked
/content/abbvie-nextgen-eds/corporate/abbvie-com/us/en/who-we-are/operating-with-integrity/transparency-in-payment/.content.xml,pdf-dm,converted,https://www.abbvie.com/content/dam/abbvie-com2/pdfs/disclosures/serbia/2023-abbvie-serbia-efpia-report.pdf,https://delivery-p157365-e1665873.adobeaemcloud.com/adobe/assets/urn:aaid:aem:bb666adb-10aa-4da0-8ce3-96f3d155d5f7/original/as/2023-abbvie-serbia-efpia-report.pdf,not checked
/content/abbvie-nextgen-eds/corporate/abbvie-com/us/en/who-we-are/operating-with-integrity/transparency-in-payment/.content.xml,pdf-dm,converted,https://www.abbvie.com/content/dam/abbvie-com2/pdfs/disclosures/serbia/2023-abbvie-serbia-supporting-document.pdf,https://delivery-p157365-e1665873.adobeaemcloud.com/adobe/assets/urn:aaid:aem:a0f17608-cbd7-437c-a1d7-34caabb3ed94/original/as/2023-abbvie-serbia-supporting-document.pdf,not checked
/content/abbvie-nextgen-eds/corporate/abbvie-com/us/en/who-we-are/operating-with-integrity/transparency-in-payment/.content.xml,pdf-dm,converted,https://www.abbvie.com/content/dam/abbvie-com2/pdfs/disclosures/serbia/2024-abbvie-serbia-efpia-report.pdf,https://delivery-p157365-e1665873.adobeaemcloud.com/adobe/assets/urn:aaid:aem:d424ed32-d144-4945-9999-1708a9960c3c/original/as/2024-abbvie-serbia-efpia-report.pdf,not checked
/content/abbvie-nextgen-eds/corporate/abbvie-com/us/en/who-we-are/operating-with-integrity/transparency-in-payment/.content.xml,pdf-dm,converted,https://www.abbvie.com/content/dam/abbvie-com2/pdfs/disclosures/serbia/2024-abbvie-serbia-supporting-document.pdf,https://delivery-p157365-e1665873.adobeaemcloud.com/adobe/assets/urn:aaid:aem:f55841e6-ca06-4150-a9a5-6f9d0c027a7f/original/as/2024-abbvie-serbia-supporting-document.pdf,not checked
/content/abbvie-nextgen-eds/corporate/abbvie-com/us/en/who-we-are/operating-with-integrity/transparency-in-payment/.content.xml,pdf-dm,converted,https://www.abbvie.com/content/dam/abbvie-com2/pdfs/disclosures/slovakia/2022-Abbvie-slovakia-efpia-report.pdf,https://delivery-p157365-e1665873.adobeaemcloud.com/adobe/assets/urn:aaid:aem:23d138f7-f2a6-4687-828f-3ae3b1985c1c/original/as/2022-Abbvie-slovakia-efpia-report.pdf,not checked
/content/abbvie-nextgen-eds/corporate/abbvie-com/us/en/who-we-are/operating-with-integrity/transparency-in-payment/.content.xml,pdf-dm,converted,https://www.abbvie.com/content/dam/abbvie-com2/pdfs/disclosures/slovakia/2022-abbvie-slovakia-supporting-document.pdf,https://delivery-p157365-e1665873.adobeaemcloud.com/adobe/assets/urn:aaid:aem:2517350b-b2b8-4fd3-82b0-9283c26fe6df/original/as/2022-abbvie-slovakia-supporting-document.pdf,not checked
/content/abbvie-nextgen-eds/corporate/abbvie-com/us/en/who-we-are/operating-with-integrity/transparency-in-payment/.content.xml,pdf-dm,converted,https://www.abbvie.com/content/dam/abbvie-com2/pdfs/disclosures/slovakia/2023-abbvie-slovakia-efpia-report.pdf,https://delivery-p157365-e1665873.adobeaemcloud.com/adobe/assets/urn:aaid:aem:10575124-87ea-403e-8d01-2c95fe6771a5/original/as/2023-abbvie-slovakia-efpia-report.pdf,not checked
/content/abbvie-nextgen-eds/corporate/abbvie-com/us/en/who-we-are/operating-with-integrity/transparency-in-payment/.content.xml,pdf-dm,converted,https://www.abbvie.com/content/dam/abbvie-com2/pdfs/disclosures/slovakia/2023-abbvie-slovakia-supporting-document.pdf,https://delivery-p157365-e1665873.adobeaemcloud.com/adobe/assets/urn:aaid:aem:c8889a52-3664-45e6-97c2-eb455833d0ec/original/as/2023-abbvie-slovakia-supporting-document.pdf,not checked
/content/abbvie-nextgen-eds/corporate/abbvie-com/us/en/who-we-are/operating-with-integrity/transparency-in-payment/.content.xml,pdf-dm,converted,https://www.abbvie.com/content/dam/abbvie-com2/pdfs/disclosures/slovakia/2024-abbvie-slovakia-efpia-report.pdf,https://delivery-p157365-e1665873.adobeaemcloud.com/adobe/assets/urn:aaid:aem:d5d0de13-f023-4a6c-9fbf-3b0d8fe7a72a/original/as/2024-abbvie-slovakia-efpia-report.pdf,not checked
/content/abbvie-nextgen-eds/corporate/abbvie-com/us/en/who-we-are/operating-with-integrity/transparency-in-payment/.content.xml,pdf-dm,converted,https://www.abbvie.com/content/dam/abbvie-com2/pdfs/disclosures/slovakia/2024-abbvie-slovakia-supporting-document.pdf,https://delivery-p157365-e1665873.adobeaemcloud.com/adobe/assets/urn:aaid:aem:c12ecfee-db40-4315-ac10-6b5b47824ccb/original/as/2024-abbvie-slovakia-supporting-document.pdf,not checked
/content/abbvie-nextgen-eds/corporate/abbvie-com/us/en/who-we-are/operating-with-integrity/transparency-in-payment/.content.xml,pdf-dm,converted,https://www.abbvie.com/content/dam/abbvie-com2/pdfs/disclosures/slovenia/2022-abbvie-slovenia-efpia-report.pdf,https://delivery-p157365-e1665873.adobeaemcloud.com/adobe/assets/urn:aaid:aem:c37c2c1d-4b10-43c2-be08-faf40639ea47/original/as/2022-abbvie-slovenia-efpia-report.pdf,not checked
/content/abbvie-nextgen-eds/corporate/abbvie-com/us/en/who-we-are/operating-with-integrity/transparency-in-payment/.content.xml,pdf-dm,converted,https://www.abbvie.com/content/dam/abbvie-com2/pdfs/disclosures/slovenia/2022-abbvie-slovenia-supporting-document.pdf,https://delivery-p157365-e1665873.adobeaemcloud.com/adobe/assets/urn:aaid:aem:34aef2e3-27af-4057-8489-eb5bf5c299fd/original/as/2022-abbvie-slovenia-supporting-document.pdf,not checked
/content/abbvie-nextgen-eds/corporate/abbvie-com/us/en/who-we-are/operating-with-integrity/transparency-in-payment/.content.xml,pdf-dm,converted,https://www.abbvie.com/content/dam/abbvie-com2/pdfs/disclosures/slovenia/2023-abbvie-slovenia-efpia-report.pdf,https://delivery-p157365-e1665873.adobeaemcloud.com/adobe/assets/urn:aaid:aem:79f035d5-14f0-4c3b-ae63-2408f316907e/original/as/2023-abbvie-slovenia-efpia-report.pdf,not checked
/content/abbvie-nextgen-eds/corporate/abbvie-com/us/en/who-we-are/operating-with-integrity/transparency-in-payment/.content.xml,pdf-dm,converted,https://www.abbvie.com/content/dam/abbvie-com2/pdfs/disclosures/slovenia/2023-abbvie-slovenia-supporting-document.pdf,https://delivery-p157365-e1665873.adobeaemcloud.com/adobe/assets/urn:aaid:aem:ce503d16-0108-4884-bf08-5bcf4b5f34a8/original/as/2023-abbvie-slovenia-supporting-document.pdf,not checked
/content/abbvie-nextgen-eds/corporate/abbvie-com/us/en/who-we-are/operating-with-integrity/transparency-in-payment/.content.xml,pdf-dm,converted,https://www.abbvie.com/content/dam/abbvie-com2/pdfs/disclosures/slovenia/2024-abbvie-slovenia-efpia-report.pdf,https://delivery-p157365-e1665873.adobeaemcloud.com/adobe/assets/urn:aaid:aem:b0f00592-3d9f-4b49-8704-ee6f5d09c42c/original/as/2024-abbvie-slovenia-efpia-report.pdf,not checked
/content/abbvie-nextgen-eds/corporate/abbvie-com/us/en/who-we-are/operating-with-integrity/transparency-in-payment/.content.xml,pdf-dm,converted,https://www.abbvie.com/content/dam/abbvie-com2/pdfs/disclosures/slovenia/2024-abbvie-slovenia-supporting-document.pdf,https://delivery-p157365-e1665873.adobeaemcloud.com/adobe/assets/urn:aaid:aem:4515158f-c217-49a5-b9ae-fa7c8d1a3b8f/original/as/2024-abbvie-slovenia-supporting-document.pdf,not checked
/content/abbvie-nextgen-eds/corporate/abbvie-com/us/en/who-we-are/operating-with-integrity/transparency-in-payment/.content.xml,pdf-dm,converted,https://www.abbvie.com/content/dam/abbvie-com2/pdfs/disclosures/switzerland/2022-abbvie-switzerland-efpia-report.pdf,https://delivery-p157365-e1665873.adobeaemcloud.com/adobe/assets/urn:aaid:aem:6e5f29e8-d143-46dd-95da-0706c3ca47d2/original/as/2022-abbvie-switzerland-efpia-report.pdf,not checked
/content/abbvie-nextgen-eds/corporate/abbvie-com/us/en/who-we-are/operating-with-integrity/transparency-in-payment/.content.xml,pdf-dm,converted,https://www.abbvie.com/content/dam/abbvie-com2/pdfs/disclosures/switzerland/2022-abbvie-switzerland-supporting-document.pdf,https://delivery-p157365-e1665873.adobeaemcloud.com/adobe/assets/urn:aaid:aem:31e7e074-6bf3-4176-8a3b-f0d65a7c54ce/original/as/2022-abbvie-switzerland-supporting-document.pdf,not checked
/content/abbvie-nextgen-eds/corporate/abbvie-com/us/en/who-we-are/operating-with-integrity/transparency-in-payment/.content.xml,pdf-dm,converted,https://www.abbvie.com/content/dam/abbvie-com2/pdfs/disclosures/switzerland/2023-abbvie-switzerland-efpia-report.pdf,https://delivery-p157365-e1665873.adobeaemcloud.com/adobe/assets/urn:aaid:aem:b25d3481-2f9e-427c-922b-306797a218b7/original/as/2023-abbvie-switzerland-efpia-report.pdf,not checked
/content/abbvie-nextgen-eds/corporate/abbvie-com/us/en/who-we-are/operating-with-integrity/transparency-in-payment/.content.xml,pdf-dm,converted,https://www.abbvie.com/content/dam/abbvie-com2/pdfs/disclosures/switzerland/2023-abbvie-switzerland-supporting-document.pdf,https://delivery-p157365-e1665873.adobeaemcloud.com/adobe/assets/urn:aaid:aem:9a968608-9029-4570-b4ac-78a2b55de1cf/original/as/2023-abbvie-switzerland-supporting-document.pdf,not checked
/content/abbvie-nextgen-eds/corporate/abbvie-com/us/en/who-we-are/operating-with-integrity/transparency-in-payment/.content.xml,pdf-dm,converted,https://www.abbvie.com/content/dam/abbvie-com2/pdfs/disclosures/switzerland/2024-abbvie-switzerland-efpia-report.pdf,https://delivery-p157365-e1665873.adobeaemcloud.com/adobe/assets/urn:aaid:aem:dd73228d-93d4-4b91-a9d1-bc933824235a/original/as/2024-abbvie-switzerland-efpia-report.pdf,not checked
/content/abbvie-nextgen-eds/corporate/abbvie-com/us/en/who-we-are/operating-with-integrity/transparency-in-payment/.content.xml,pdf-dm,converted,https://www.abbvie.com/content/dam/abbvie-com2/pdfs/disclosures/switzerland/2024-abbvie-switzerland-supporting-document.pdf,https://delivery-p157365-e1665873.adobeaemcloud.com/adobe/assets/urn:aaid:aem:93f4531b-0d47-4d4a-b1dc-e19312c1ddb1/original/as/2024-abbvie-switzerland-supporting-document.pdf,not checked
/content/abbvie-nextgen-eds/corporate/abbvie-com/us/en/who-we-are/operating-with-integrity/transparency-in-payment/.content.xml,pdf-dm,converted,https://www.abbvie.com/content/dam/abbvie-com2/pdfs/disclosures/ukraine/2023-abbvie-ukraine-efpia-report.pdf,https://delivery-p157365-e1665873.adobeaemcloud.com/adobe/assets/urn:aaid:aem:7cea0f9e-4f72-49a5-830f-863e3ca4d406/original/as/2023-abbvie-ukraine-efpia-report.pdf,not checked
/content/abbvie-nextgen-eds/corporate/abbvie-com/us/en/who-we-are/operating-with-integrity/transparency-in-payment/.content.xml,pdf-dm,converted,https://www.abbvie.com/content/dam/abbvie-com2/pdfs/disclosures/ukraine/2023-abbvie-ukraine-supporting-document.pdf,https://delivery-p157365-e1665873.adobeaemcloud.com/adobe/assets/urn:aaid:aem:834d2c9d-f854-472e-a0bc-5c3472ee0c3c/original/as/2023-abbvie-ukraine-supporting-document.pdf,not checked
/content/abbvie-nextgen-eds/corporate/abbvie-com/us/en/who-we-are/operating-with-integrity/transparency-in-payment/.content.xml,pdf-dm,converted,https://www.abbvie.com/content/dam/abbvie-com2/pdfs/disclosures/ukraine/2024-abbvie-ukraine-efpia-report.pdf,https://delivery-p157365-e1665873.adobeaemcloud.com/adobe/assets/urn:aaid:aem:e6beea0d-b024-410c-b1df-30791d4d21d5/original/as/2024-abbvie-ukraine-efpia-report.pdf,not checked
/content/abbvie-nextgen-eds/corporate/abbvie-com/us/en/who-we-are/operating-with-integrity/transparency-in-payment/.content.xml,pdf-dm,converted,https://www.abbvie.com/content/dam/abbvie-com2/pdfs/disclosures/ukraine/2024-abbvie-ukraine-supporting-document.pdf,https://delivery-p157365-e1665873.adobeaemcloud.com/adobe/assets/urn:aaid:aem:cf1e9c15-cbda-4c07-bf64-eaf35e771004/original/as/2024-abbvie-ukraine-supporting-document.pdf,not checked
/content/abbvie-nextgen-eds/corporate/abbvie-com/us/en/who-we-are/operating-with-integrity/transparency-in-payment/.content.xml,pdf-dm,converted,https://www.abbvie.com/content/dam/abbvie-com2/pdfs/disclosures/efpia-code/2023-self-certification-scheme-for-efpia.pdf,https://delivery-p157365-e1665873.adobeaemcloud.com/adobe/assets/urn:aaid:aem:dd046cc3-b174-45b0-ab82-608120b036c6/original/as/2023-self-certification-scheme-for-efpia.pdf,not checked
/content/abbvie-nextgen-eds/corporate/abbvie-com/us/en/who-we-are/operating-with-integrity/transparency-in-payment/.content.xml,pdf-dm,converted,https://www.abbvie.com/content/dam/abbvie-com2/pdfs/disclosures/efpia-code/2024-self-certification-scheme-for-efpia.pdf,https://delivery-p157365-e1665873.adobeaemcloud.com/adobe/assets/urn:aaid:aem:2218fc47-c6d1-4133-89c2-61768bcf4361/original/as/2024-self-certification-scheme-for-efpia.pdf,not checked
/content/abbvie-nextgen-eds/corporate/abbvie-com/us/en/who-we-are/operating-with-integrity/transparency-in-payment/.content.xml,pdf-dm,converted,https://www.abbvie.com/content/dam/abbvie-com2/pdfs/disclosures/efpia-code/2025-self-certification-scheme-for-efpia.pdf,https://delivery-p157365-e1665873.adobeaemcloud.com/adobe/assets/urn:aaid:aem:08018251-3df9-4423-b56f-1adcf23197aa/original/as/2025-self-certification-scheme-for-efpia.pdf,not checked
/content/abbvie-nextgen-eds/corporate/abbvie-com/us/en/who-we-are/operating-with-integrity/transparency-in-payment/.content.xml,pdf-dm,converted,https://www.abbvie.com/content/dam/abbvie-com2/pdfs/disclosures/2022-ToV-Bosnia-Herzegovina.pdf,https://delivery-p157365-e1665873.adobeaemcloud.com/adobe/assets/urn:aaid:aem:a427bda2-61a8-444e-b337-263a3d260e4d/original/as/2022-ToV-Bosnia-Herzegovina.pdf,not checked
/content/abbvie-nextgen-eds/corporate/abbvie-com/us/en/who-we-are/operating-with-integrity/transparency-in-payment/.content.xml,pdf-dm,converted,https://www.abbvie.com/content/dam/abbvie-com2/pdfs/disclosures/2022-ToV-Croatia.pdf,https://delivery-p157365-e1665873.adobeaemcloud.com/adobe/assets/urn:aaid:aem:d9adfdcd-58cd-4d4d-af72-56d1eb25700e/original/as/2022-ToV-Croatia.pdf,not checked
/content/abbvie-nextgen-eds/corporate/abbvie-com/us/en/who-we-are/operating-with-integrity/transparency-in-payment/.content.xml,pdf-dm,converted,https://www.abbvie.com/content/dam/abbvie-com2/pdfs/disclosures/Patient-Organization-Support-Reporting-2023-Croatia.pdf,https://delivery-p157365-e1665873.adobeaemcloud.com/adobe/assets/urn:aaid:aem:97e5159a-02d8-4d16-affd-a4d642c0e1d9/original/as/Patient-Organization-Support-Reporting-2023-Croatia.pdf,not checked
/content/abbvie-nextgen-eds/corporate/abbvie-com/us/en/who-we-are/operating-with-integrity/transparency-in-payment/.content.xml,pdf-dm,converted,https://www.abbvie.com/content/dam/abbvie-com2/pdfs/disclosures/CROATIA-Patient-Organization-Support-Reporting-2024.pdf,https://delivery-p157365-e1665873.adobeaemcloud.com/adobe/assets/urn:aaid:aem:42ab0cd7-8eb3-4dea-ac03-0681e749cd7e/original/as/CROATIA-Patient-Organization-Support-Reporting-2024.pdf,not checked
/content/abbvie-nextgen-eds/corporate/abbvie-com/us/en/who-we-are/operating-with-integrity/transparency-in-payment/.content.xml,pdf-dm,converted,https://www.abbvie.com/content/dam/abbvie-com2/pdfs/disclosures/Patient-Organization-Support-Report-Estonia-2023.pdf,https://delivery-p157365-e1665873.adobeaemcloud.com/adobe/assets/urn:aaid:aem:b8e99022-113a-4a30-9566-06d0939f97cc/original/as/Patient-Organization-Support-Report-Estonia-2023.pdf,not checked
/content/abbvie-nextgen-eds/corporate/abbvie-com/us/en/who-we-are/operating-with-integrity/transparency-in-payment/.content.xml,pdf-dm,converted,https://www.abbvie.com/content/dam/abbvie-com2/pdfs/disclosures/Patient-Organization-Support-Report-Estonia-2024.pdf,https://delivery-p157365-e1665873.adobeaemcloud.com/adobe/assets/urn:aaid:aem:979e09de-2668-4d75-a3d8-29dc3920c3f8/original/as/Patient-Organization-Support-Report-Estonia-2024.pdf,not checked
/content/abbvie-nextgen-eds/corporate/abbvie-com/us/en/who-we-are/operating-with-integrity/transparency-in-payment/.content.xml,pdf-dm,converted,https://www.abbvie.com/content/dam/abbvie-com2/pdfs/disclosures/2022-ToV-Hungary.pdf,https://delivery-p157365-e1665873.adobeaemcloud.com/adobe/assets/urn:aaid:aem:9fd19503-0c65-403f-a9b7-583cf3441ca6/original/as/2022-ToV-Hungary.pdf,not checked
/content/abbvie-nextgen-eds/corporate/abbvie-com/us/en/who-we-are/operating-with-integrity/transparency-in-payment/.content.xml,pdf-dm,converted,https://www.abbvie.com/content/dam/abbvie-com2/pdfs/disclosures/Patient-Organization-Support-Reporting-Hungary-2023.pdf,https://delivery-p157365-e1665873.adobeaemcloud.com/adobe/assets/urn:aaid:aem:490edce8-8984-4d41-ab54-8fd84ae4e84d/original/as/Patient-Organization-Support-Reporting-Hungary-2023.pdf,not checked
/content/abbvie-nextgen-eds/corporate/abbvie-com/us/en/who-we-are/operating-with-integrity/transparency-in-payment/.content.xml,pdf-dm,converted,https://www.abbvie.com/content/dam/abbvie-com2/pdfs/disclosures/HUNGARY-Patient-Organization-Support-Reporting-2024.pdf,https://delivery-p157365-e1665873.adobeaemcloud.com/adobe/assets/urn:aaid:aem:b118c88e-4e48-4a3b-aded-b6379ecc25e2/original/as/HUNGARY-Patient-Organization-Support-Reporting-2024.pdf,not checked
/content/abbvie-nextgen-eds/corporate/abbvie-com/us/en/who-we-are/operating-with-integrity/transparency-in-payment/.content.xml,pdf-dm,converted,https://www.abbvie.ie/content/dam/abbvie-com2/ie/documents/IPHAs-mandatory-template-for-patient-organisation-disclosure-2024.pdf,https://delivery-p157365-e1665873.adobeaemcloud.com/adobe/assets/urn:aaid:aem:8b644d33-5863-442c-aca2-58db9a8abcf4/original/as/IPHAs-mandatory-template-for-patient-organisation-disclosure-2024.pdf,not checked
/content/abbvie-nextgen-eds/corporate/abbvie-com/us/en/who-we-are/operating-with-integrity/transparency-in-payment/.content.xml,pdf-dm,converted,https://www.abbvie.com/content/dam/abbvie-com2/pdfs/disclosures/ITALY-Patient-Organization-Support-Reporting-2024.pdf,https://delivery-p157365-e1665873.adobeaemcloud.com/adobe/assets/urn:aaid:aem:9be45daf-5c2f-41f1-bfa6-647b62806876/original/as/ITALY-Patient-Organization-Support-Reporting-2024.pdf,not checked
/content/abbvie-nextgen-eds/corporate/abbvie-com/us/en/who-we-are/operating-with-integrity/transparency-in-payment/.content.xml,pdf-dm,converted,https://www.abbvie.com/content/dam/abbvie-com2/pdfs/disclosures/2022-ToV-Latvia.pdf,https://delivery-p157365-e1665873.adobeaemcloud.com/adobe/assets/urn:aaid:aem:a62e4f5e-55b7-4ebe-9472-21ec2bea5cd1/original/as/2022-ToV-Latvia.pdf,not checked
/content/abbvie-nextgen-eds/corporate/abbvie-com/us/en/who-we-are/operating-with-integrity/transparency-in-payment/.content.xml,pdf-dm,converted,https://www.abbvie.com/content/dam/abbvie-com2/pdfs/disclosures/Patient-Organization-Support-Report-Latvia-2023.pdf,https://delivery-p157365-e1665873.adobeaemcloud.com/adobe/assets/urn:aaid:aem:53ea0565-61df-4f9f-8e33-940fecfe97f7/original/as/Patient-Organization-Support-Report-Latvia-2023.pdf,not checked
/content/abbvie-nextgen-eds/corporate/abbvie-com/us/en/who-we-are/operating-with-integrity/transparency-in-payment/.content.xml,pdf-dm,converted,https://www.abbvie.com/content/dam/abbvie-com2/pdfs/disclosures/LATVIA-Patient-Organization-Support-Reporting-2024.pdf,https://delivery-p157365-e1665873.adobeaemcloud.com/adobe/assets/urn:aaid:aem:7c8c7b9f-c07f-4274-964a-830ac4e125c4/original/as/LATVIA-Patient-Organization-Support-Reporting-2024.pdf,not checked
/content/abbvie-nextgen-eds/corporate/abbvie-com/us/en/who-we-are/operating-with-integrity/transparency-in-payment/.content.xml,pdf-dm,converted,https://www.abbvie.com/content/dam/abbvie-com2/pdfs/disclosures/2022-ToV-Lithuania.pdf,https://delivery-p157365-e1665873.adobeaemcloud.com/adobe/assets/urn:aaid:aem:d32f0f59-a81f-4f66-bb0f-45f38772fd22/original/as/2022-ToV-Lithuania.pdf,not checked
/content/abbvie-nextgen-eds/corporate/abbvie-com/us/en/who-we-are/operating-with-integrity/transparency-in-payment/.content.xml,pdf-dm,converted,https://www.abbvie.com/content/dam/abbvie-com2/pdfs/disclosures/Patient-Organization-Support-Report-Lithuania-2023.pdf,https://delivery-p157365-e1665873.adobeaemcloud.com/adobe/assets/urn:aaid:aem:001cc04d-2153-43b7-8198-615e4816e1bb/original/as/Patient-Organization-Support-Report-Lithuania-2023.pdf,not checked
/content/abbvie-nextgen-eds/corporate/abbvie-com/us/en/who-we-are/operating-with-integrity/transparency-in-payment/.content.xml,pdf-dm,converted,https://www.abbvie.com/content/dam/abbvie-com2/pdfs/disclosures/LITHUANIA-Patient-Organization-Support-Reporting-2024.pdf,https://delivery-p157365-e1665873.adobeaemcloud.com/adobe/assets/urn:aaid:aem:67a8628a-7ef0-4f08-b1a7-a52e1ef0d571/original/as/LITHUANIA-Patient-Organization-Support-Reporting-2024.pdf,not checked
/content/abbvie-nextgen-eds/corporate/abbvie-com/us/en/who-we-are/operating-with-integrity/transparency-in-payment/.content.xml,pdf-dm,converted,https://www.abbvie.com/content/dam/abbvie-com2/pdfs/disclosures/Patient-Organization-Support-Reporting-2022-Slovenia.pdf,https://delivery-p157365-e1665873.adobeaemcloud.com/adobe/assets/urn:aaid:aem:e0ca1b91-3dfb-4163-930c-ad58e92244bf/original/as/Patient-Organization-Support-Reporting-2022-Slovenia.pdf,not checked
/content/abbvie-nextgen-eds/corporate/abbvie-com/us/en/who-we-are/operating-with-integrity/transparency-in-payment/.content.xml,pdf-dm,converted,https://www.abbvie.com/content/dam/abbvie-com2/pdfs/disclosures/Patient-Organization-Support-Reporting-2023-Slovenia.pdf,https://delivery-p157365-e1665873.adobeaemcloud.com/adobe/assets/urn:aaid:aem:108461f2-3ba9-42fe-ba5e-88f8d4452373/original/as/Patient-Organization-Support-Reporting-2023-Slovenia.pdf,not checked
/content/abbvie-nextgen-eds/corporate/abbvie-com/us/en/who-we-are/operating-with-integrity/transparency-in-payment/.content.xml,pdf-dm,converted,https://www.abbvie.com/content/dam/abbvie-com2/pdfs/disclosures/SLOVENIA-Patient-Organization-Support-Reporting-2024.pdf,https://delivery-p157365-e1665873.adobeaemcloud.com/adobe/assets/urn:aaid:aem:a144ce3f-26aa-4762-8d8e-4228497f0655/original/as/SLOVENIA-Patient-Organization-Support-Reporting-2024.pdf,not checked
/content/abbvie-nextgen-eds/corporate/abbvie-com/us/en/who-we-are/operating-with-integrity/transparency-in-payment/.content.xml,pdf-dm,converted,https://www.abbvie.com/content/dam/abbvie-com2/pdfs/disclosures/2024-Methodological-Note-for-PO-ToV-Disclosure.pdf,https://delivery-p157365-e1665873.adobeaemcloud.com/adobe/assets/urn:aaid:aem:5f81cc57-8105-4105-9335-64f1d249dc4b/original/as/2024-Methodological-Note-for-PO-ToV-Disclosure.pdf,not checked
/content/abbvie-nextgen-eds/corporate/abbvie-com/us/en/who-we-are/operating-with-integrity/transparency-in-payment/.content.xml,pdf-dm,converted,https://www.abbvie.com/content/dam/abbvie-com2/pdfs/disclosures/Professional_sponsored_events_for_Aug-Dec_2013.pdf,https://delivery-p157365-e1665873.adobeaemcloud.com/adobe/assets/urn:aaid:aem:728ae17a-c531-4910-a9a4-e93499f651fd/original/as/Professional_sponsored_events_for_Aug-Dec_2013.pdf,not checked
/content/abbvie-nextgen-eds/corporate/abbvie-com/us/en/who-we-are/operating-with-integrity/transparency-in-payment/.content.xml,pdf-dm,converted,https://www.abbvie.com/content/dam/abbvie-com2/pdfs/disclosures/Sponsored-Professional-Conferences-2014.pdf,https://delivery-p157365-e1665873.adobeaemcloud.com/adobe/assets/urn:aaid:aem:07c6b69c-dc49-4db6-92bf-27723cb18a49/original/as/Sponsored-Professional-Conferences-2014.pdf,not checked
/content/abbvie-nextgen-eds/corporate/abbvie-com/us/en/who-we-are/operating-with-integrity/transparency-in-payment/.content.xml,pdf-dm,converted,https://www.abbvie.com/content/dam/abbvie-com2/pdfs/disclosures/Professional-conferences-sponsored-2015.pdf,https://delivery-p157365-e1665873.adobeaemcloud.com/adobe/assets/urn:aaid:aem:2a2fd9f0-62fc-4e70-a251-b2957cc6839a/original/as/Professional-conferences-sponsored-2015.pdf,not checked
/content/abbvie-nextgen-eds/corporate/abbvie-com/us/en/who-we-are/operating-with-integrity/transparency-in-payment/.content.xml,pdf-dm,converted,https://www.abbvie.com/content/dam/abbvie-com2/pdfs/disclosures/Professional-conferences-sponsored-2016.pdf,https://delivery-p157365-e1665873.adobeaemcloud.com/adobe/assets/urn:aaid:aem:a4a41a3d-bda3-44c6-b0f1-e25eb2c3a8f2/original/as/Professional-conferences-sponsored-2016.pdf,not checked
/content/abbvie-nextgen-eds/corporate/abbvie-com/us/en/who-we-are/operating-with-integrity/transparency-in-payment/.content.xml,pdf-dm,converted,https://www.abbvie.com/content/dam/abbvie-com2/pdfs/disclosures/Professional-conferences-sponsored-2017.pdf,https://delivery-p157365-e1665873.adobeaemcloud.com/adobe/assets/urn:aaid:aem:29c34370-54cf-4c61-b020-c88a6a32b0de/original/as/Professional-conferences-sponsored-2017.pdf,not checked
/content/abbvie-nextgen-eds/corporate/abbvie-com/us/en/who-we-are/operating-with-integrity/transparency-in-payment/.content.xml,pdf-dm,converted,https://www.abbvie.com/content/dam/abbvie-com2/pdfs/disclosures/Sponsored-Professional-Conferences-2018.pdf,https://delivery-p157365-e1665873.adobeaemcloud.com/adobe/assets/urn:aaid:aem:50c0fb0b-2e47-4c1f-91c6-714848f77c83/original/as/Sponsored-Professional-Conferences-2018.pdf,not checked
/content/abbvie-nextgen-eds/corporate/abbvie-com/us/en/who-we-are/operating-with-integrity/transparency-in-payment/.content.xml,pdf-dm,converted,https://www.abbvie.com/content/dam/abbvie-com2/pdfs/disclosures/Sponsored-Professional-Conferences-2019.pdf,https://delivery-p157365-e1665873.adobeaemcloud.com/adobe/assets/urn:aaid:aem:f96dbc79-0882-466d-b954-6eadb8e10642/original/as/Sponsored-Professional-Conferences-2019.pdf,not checked
/content/abbvie-nextgen-eds/corporate/abbvie-com/us/en/who-we-are/operating-with-integrity/transparency-in-payment/.content.xml,pdf-dm,converted,https://www.abbvie.com/content/dam/abbvie-com2/pdfs/disclosures/Sponsored-Professional-Conferences-2020.pdf,https://delivery-p157365-e1665873.adobeaemcloud.com/adobe/assets/urn:aaid:aem:3b7f4c08-3390-412c-a5d0-9f1b94525923/original/as/Sponsored-Professional-Conferences-2020.pdf,not checked
/content/abbvie-nextgen-eds/corporate/abbvie-com/us/en/who-we-are/operating-with-integrity/transparency-in-payment/.content.xml,abbvie-abs,changed,https://www.abbvie.com/who-we-are/operating-with-integrity/transparency-in-payment/frequently-asked-questions-physician-and-other-payments.html,/content/abbvie-nextgen-eds/corporate/abbvie-com/us/en/who-we-are/operating-with-integrity/transparency-in-payment/frequently-asked-questions-physician-and-other-payments,not checked
/content/abbvie-nextgen-eds/corporate/abbvie-com/us/en/who-we-are/operating-with-integrity/transparency-in-payment/.content.xml,abbvie-abs,changed,https://www.abbvie.com/content/dam/abbvie-com2/pdfs/disclosures/estonia/2025-abbvie-estonia-supporting-document.pdf,/content/dam/corporate/abbvie-com2/pdfs/disclosures/estonia/2025-abbvie-estonia-supporting-document.pdf,not checked
/content/abbvie-nextgen-eds/corporate/abbvie-com/us/en/who-we-are/operating-with-integrity/transparency-in-payment/.content.xml,abbvie-abs,changed,https://www.abbvie.com/content/dam/abbvie-com2/pdfs/disclosures/finland/2025-abbvie-finland-supporting-document.pdf,/content/dam/corporate/abbvie-com2/pdfs/disclosures/finland/2025-abbvie-finland-supporting-document.pdf,not checked
/content/abbvie-nextgen-eds/corporate/abbvie-com/us/en/who-we-are/operating-with-integrity/transparency-in-payment/.content.xml,abbvie-abs,changed,https://www.abbvie.com/content/dam/abbvie-com2/pdfs/disclosures/2025-patient-organization-support-report-estonia.pdf,/content/dam/corporate/abbvie-com2/pdfs/disclosures/2025-patient-organization-support-report-estonia.pdf,not checked
/content/abbvie-nextgen-eds/corporate/abbvie-com/us/en/who-we-are/operating-with-integrity/transparency-in-payment/.content.xml,short-path,changed,/who-we-are/operating-with-integrity/transparency-in-payment/allergan-ous-disclosures.html,/content/abbvie-nextgen-eds/corporate/abbvie-com/us/en/who-we-are/operating-with-integrity/transparency-in-payment/allergan-ous-disclosures,not checked
/content/abbvie-nextgen-eds/corporate/abbvie-com/us/en/who-we-are/operating-with-integrity/transparency-in-payment/allergan-ous-disclosures/.content.xml,abbvie-abs,changed,https://www.abbvie.com/content/dam/abbvie-dotcom/uploads/PDFs/Patient-Organization-Report-Allergan-2022.pdf,/content/dam/abbvie-dotcom/uploads/PDFs/Patient-Organization-Report-Allergan-2022.pdf,not checked
/content/abbvie-nextgen-eds/corporate/abbvie-com/us/en/who-we-are/our-principles/.content.xml,short-path,changed,/who-we-are/operating-with-integrity,/content/abbvie-nextgen-eds/corporate/abbvie-com/us/en/who-we-are/operating-with-integrity,not checked
/content/abbvie-nextgen-eds/corporate/abbvie-com/us/en/who-we-are/our-principles/positions-views/.content.xml,pdf-dm,converted,https://www.abbvie.com/content/dam/abbvie-com2/pdfs/cobc/cobc_English.pdf,https://delivery-p157365-e1665873.adobeaemcloud.com/adobe/assets/urn:aaid:aem:5af598af-d07e-4e8b-b4c1-29bc1eaf4c8c/original/as/cobc_English.pdf,not checked
/content/abbvie-nextgen-eds/corporate/abbvie-com/us/en/who-we-are/our-principles/positions-views/.content.xml,pdf-dm,converted,https://www.abbvie.com/content/dam/abbvie-com2/pdfs/about/our-commitment-to-human-rights.pdf,https://delivery-p157365-e1665873.adobeaemcloud.com/adobe/assets/urn:aaid:aem:d92d26e1-1e1d-49fd-a932-819b0dbc35a6/original/as/our-commitment-to-human-rights.pdf,not checked
/content/abbvie-nextgen-eds/corporate/abbvie-com/us/en/who-we-are/our-principles/positions-views/.content.xml,pdf-dm,converted,https://www.abbvie.com/content/dam/abbvie-com2/pdfs/about/pricing-and-access-of-our-innovative-medicines.pdf,https://delivery-p157365-e1665873.adobeaemcloud.com/adobe/assets/urn:aaid:aem:78dfbeae-d8c3-4199-849c-b549c6c978cf/original/as/pricing-and-access-of-our-innovative-medicines.pdf,not checked
/content/abbvie-nextgen-eds/corporate/abbvie-com/us/en/who-we-are/our-principles/positions-views/.content.xml,pdf-dm,converted,https://www.abbvie.com/content/dam/abbvie-com2/pdfs/about/abbvie-governance-guidelines.pdf,https://delivery-p157365-e1665873.adobeaemcloud.com/adobe/assets/urn:aaid:aem:591e2de5-056c-4dc4-bdae-a5904425b13d/original/as/abbvie-governance-guidelines.pdf,not checked
/content/abbvie-nextgen-eds/corporate/abbvie-com/us/en/who-we-are/our-principles/positions-views/.content.xml,pdf-dm,converted,https://www.abbvie.com/content/dam/abbvie-com2/pdfs/about/our-commitment-to-product-donations.pdf,https://delivery-p157365-e1665873.adobeaemcloud.com/adobe/assets/urn:aaid:aem:5d6fa00d-000d-4152-9787-1f392b0f90c7/original/as/our-commitment-to-product-donations.pdf,not checked
/content/abbvie-nextgen-eds/corporate/abbvie-com/us/en/who-we-are/our-principles/positions-views/.content.xml,pdf-dm,converted,https://www.abbvie.com/content/dam/abbvie-com2/pdfs/about/statement-of-opposition-to-capital-punishment.pdf,https://delivery-p157365-e1665873.adobeaemcloud.com/adobe/assets/urn:aaid:aem:dd3533ea-4ad3-483f-83f4-e9dfa34bde6f/original/as/statement-of-opposition-to-capital-punishment.pdf,not checked
/content/abbvie-nextgen-eds/corporate/abbvie-com/us/en/who-we-are/our-principles/positions-views/.content.xml,pdf-dm,converted,https://www.abbvie.com/content/dam/abbvie-com2/pdfs/about/our-position-on-tax.pdf,https://delivery-p157365-e1665873.adobeaemcloud.com/adobe/assets/urn:aaid:aem:d8bc116e-aaa5-4969-a9dc-b48fdb2438d8/original/as/our-position-on-tax.pdf,not checked
/content/abbvie-nextgen-eds/corporate/abbvie-com/us/en/who-we-are/our-principles/positions-views/.content.xml,pdf-dm,converted,https://www.abbvie.com/content/dam/abbvie-com2/pdfs/about/abbvie-unity-statement.pdf,https://delivery-p157365-e1665873.adobeaemcloud.com/adobe/assets/urn:aaid:aem:96d97d1e-f78d-4d6b-a763-744772bcbfb4/original/as/abbvie-unity-statement.pdf,not checked
/content/abbvie-nextgen-eds/corporate/abbvie-com/us/en/who-we-are/our-principles/positions-views/.content.xml,pdf-dm,converted,https://www.abbvie.com/content/dam/abbvie-com2/pdfs/about/our-commitment-to-responsible-use-of-stem-cells.pdf,https://delivery-p157365-e1665873.adobeaemcloud.com/adobe/assets/urn:aaid:aem:7310dc98-4303-4f87-b1c6-a2b5fce50941/original/as/our-commitment-to-responsible-use-of-stem-cells.pdf,not checked
/content/abbvie-nextgen-eds/corporate/abbvie-com/us/en/who-we-are/our-principles/positions-views/.content.xml,pdf-dm,converted,https://www.abbvie.com/content/dam/abbvie-com2/pdfs/about/commitment-to-continued-treatment-for-trial-participants.pdf,https://delivery-p157365-e1665873.adobeaemcloud.com/adobe/assets/urn:aaid:aem:502a97cb-8e25-4dec-9371-b02e1f36b0df/original/as/commitment-to-continued-treatment-for-trial-participants.pdf,not checked
/content/abbvie-nextgen-eds/corporate/abbvie-com/us/en/who-we-are/our-principles/positions-views/.content.xml,pdf-dm,converted,https://www.abbvie.com/content/dam/abbvie-com2/pdfs/about/our-commitment-to-the-environment-health-and-safety.pdf,https://delivery-p157365-e1665873.adobeaemcloud.com/adobe/assets/urn:aaid:aem:ef8ff822-b126-49ca-a581-ec2738f7d0c4/original/as/our-commitment-to-the-environment-health-and-safety.pdf,not checked
/content/abbvie-nextgen-eds/corporate/abbvie-com/us/en/who-we-are/our-principles/positions-views/.content.xml,pdf-dm,converted,https://www.abbvie.com/content/dam/abbvie-com2/pdfs/about/our-environment-health-and-safety-management-and-technical-standards.pdf,https://delivery-p157365-e1665873.adobeaemcloud.com/adobe/assets/urn:aaid:aem:628971e0-4472-46ae-894f-3fbfe6e1b2c4/original/as/our-environment-health-and-safety-management-and-technical-standards.pdf,not checked
/content/abbvie-nextgen-eds/corporate/abbvie-com/us/en/who-we-are/our-principles/positions-views/.content.xml,pdf-dm,converted,https://www.abbvie.com/content/dam/abbvie-com2/pdfs/about/our-environmental-procurement-guidelines.pdf,https://delivery-p157365-e1665873.adobeaemcloud.com/adobe/assets/urn:aaid:aem:705be4d7-5424-4aac-a77c-211283fcb369/original/as/our-environmental-procurement-guidelines.pdf,not checked
/content/abbvie-nextgen-eds/corporate/abbvie-com/us/en/who-we-are/our-principles/positions-views/.content.xml,pdf-dm,converted,https://www.abbvie.com/content/dam/abbvie-com2/pdfs/about/our-environmental-stewardship.pdf,https://delivery-p157365-e1665873.adobeaemcloud.com/adobe/assets/urn:aaid:aem:b1a7537b-69cf-4a89-95fd-b6a0038fae23/original/as/our-environmental-stewardship.pdf,not checked
/content/abbvie-nextgen-eds/corporate/abbvie-com/us/en/who-we-are/our-principles/positions-views/.content.xml,pdf-dm,converted,https://www.abbvie.com/content/dam/abbvie-com2/pdfs/about/our-position-on-global-climate-change.pdf,https://delivery-p157365-e1665873.adobeaemcloud.com/adobe/assets/urn:aaid:aem:88b622fb-8a01-4a75-bc75-4af38c4f1a65/original/as/our-position-on-global-climate-change.pdf,not checked
/content/abbvie-nextgen-eds/corporate/abbvie-com/us/en/who-we-are/our-principles/positions-views/.content.xml,pdf-dm,converted,https://www.abbvie.com/content/dam/abbvie-com2/pdfs/about/committed-to-biologic-innovation.pdf,https://delivery-p157365-e1665873.adobeaemcloud.com/adobe/assets/urn:aaid:aem:bc3f08e9-abb9-457f-b138-2a94891b1d4a/original/as/committed-to-biologic-innovation.pdf,not checked
/content/abbvie-nextgen-eds/corporate/abbvie-com/us/en/who-we-are/our-principles/positions-views/.content.xml,pdf-dm,converted,https://www.abbvie.com/content/dam/abbvie-com2/pdfs/about/our-distracted-driving-standard.pdf,https://delivery-p157365-e1665873.adobeaemcloud.com/adobe/assets/urn:aaid:aem:c2e17d22-eb14-4cd2-9a01-4ba7f39a270a/original/as/our-distracted-driving-standard.pdf,not checked
/content/abbvie-nextgen-eds/corporate/abbvie-com/us/en/who-we-are/our-principles/positions-views/.content.xml,abbvie-abs,changed,https://www.abbvie.com/content/dam/abbvie-com2/pdfs/suppliers/abbvie-supplier-code-of-conduct-brochure.pdf,/content/dam/corporate/abbvie-com2/pdfs/suppliers/abbvie-supplier-code-of-conduct-brochure.pdf,not checked
/content/abbvie-nextgen-eds/corporate/abbvie-com/us/en/who-we-are/our-principles/positions-views/.content.xml,abbvie-abs,changed,https://www.abbvie.com/content/dam/abbvie-dotcom/uploads/PDFs/our-commitment-to-bioethics.pdf,/content/dam/abbvie-dotcom/uploads/PDFs/our-commitment-to-bioethics.pdf,not checked
/content/abbvie-nextgen-eds/corporate/abbvie-com/us/en/who-we-are/our-principles/positions-views/.content.xml,abbvie-abs,changed,https://www.abbvie.com/who-we-are/our-principles/positions-views/our-commitment-to-ethical-and-responsible-use-of-animals-in-research.html,/content/abbvie-nextgen-eds/corporate/abbvie-com/us/en/who-we-are/our-principles/positions-views/our-commitment-to-ethical-and-responsible-use-of-animals-in-research,not checked
/content/abbvie-nextgen-eds/corporate/abbvie-com/us/en/who-we-are/our-principles/positions-views/.content.xml,abbvie-abs,changed,https://www.abbvie.com/who-we-are/access-to-investigational-drugs-policy.html,/content/abbvie-nextgen-eds/corporate/abbvie-com/us/en/who-we-are/access-to-investigational-drugs-policy,not checked
/content/abbvie-nextgen-eds/corporate/abbvie-com/us/en/who-we-are/our-principles/positions-views/.content.xml,abbvie-abs,changed,https://www.abbvie.com/content/dam/abbvie-dotcom/uploads/PDFs/our-commitment-to-safe-disposal-of-medicine.pdf,/content/dam/abbvie-dotcom/uploads/PDFs/our-commitment-to-safe-disposal-of-medicine.pdf,not checked
/content/abbvie-nextgen-eds/corporate/abbvie-com/us/en/who-we-are/our-principles/equity-equality-inclusion-diversity/.content.xml,pdf-dm,converted,/content/dam/corporate/abbvie-com2/pdfs/about/abbvie-unity-statement.pdf,https://delivery-p157365-e1665873.adobeaemcloud.com/adobe/assets/urn:aaid:aem:96d97d1e-f78d-4d6b-a763-744772bcbfb4/original/as/abbvie-unity-statement.pdf,not checked
/content/abbvie-nextgen-eds/corporate/abbvie-com/us/en/who-we-are/our-principles/equity-equality-inclusion-diversity/.content.xml,scene7,changed,https://abbvie.scene7.com/is/image/abbviecorp/woman-holding-a-coffee-hero,https://delivery-p157365-e1665873.adobeaemcloud.com/adobe/assets/urn:aaid:aem:82168806-818e-4392-846f-4ef23d9377dc/as/woman-holding-a-coffee-hero.jpg,not checked
/content/abbvie-nextgen-eds/corporate/abbvie-com/us/en/who-we-are/our-principles/equity-equality-inclusion-diversity/.content.xml,short-path,changed,/who-we-are/our-principles.html,/content/abbvie-nextgen-eds/corporate/abbvie-com/us/en/who-we-are/our-principles,not checked
/content/abbvie-nextgen-eds/corporate/abbvie-com/us/en/who-we-are/our-principles/equity-equality-inclusion-diversity/impact-through-inclusion/.content.xml,abbvie-abs,changed,https://www.abbvie.com/join-us/life-at-abbvie/employee-resource-groups.html,/content/abbvie-nextgen-eds/corporate/abbvie-com/us/en/join-us/life-at-abbvie/employee-resource-groups,not checked
/content/abbvie-nextgen-eds/corporate/abbvie-com/us/en/who-we-are/our-principles/equity-equality-inclusion-diversity/impact-through-inclusion/.content.xml,abbvie-abs,changed,https://www.abbvie.com/join-us/life-at-abbvie/well-being-in-the-workplace.html,/content/abbvie-nextgen-eds/corporate/abbvie-com/us/en/join-us/life-at-abbvie/well-being-in-the-workplace,not checked
/content/abbvie-nextgen-eds/corporate/abbvie-com/us/en/who-we-are/our-stories/five-technologies-supporting-progress-in-challenging-diseases/.content.xml,abbvie-abs,changed,https://www.abbvie.com/who-we-are/our-stories.html,/content/abbvie-nextgen-eds/corporate/abbvie-com/us/en/who-we-are/our-stories,not checked
/content/abbvie-nextgen-eds/corporate/abbvie-com/us/en/who-we-are/our-stories/five-technologies-supporting-progress-in-challenging-diseases/.content.xml,abbvie-abs,changed,https://www.abbvie.com/who-we-are/our-stories/three-ways-ai-is-changing-drug-discovery-at-abbvie.html,/content/abbvie-nextgen-eds/corporate/abbvie-com/us/en/who-we-are/our-stories/three-ways-ai-is-changing-drug-discovery-at-abbvie,not checked
/content/abbvie-nextgen-eds/corporate/abbvie-com/us/en/who-we-are/our-stories/five-technologies-supporting-progress-in-challenging-diseases/.content.xml,abbvie-abs,changed,https://www.abbvie.com/who-we-are/our-stories/expert-insights-the-promise-of-genetic-medicine-and-abbvies-role-in-research.html,/content/abbvie-nextgen-eds/corporate/abbvie-com/us/en/who-we-are/our-stories/expert-insights-the-promise-of-genetic-medicine-and-abbvies-role-in-research,not checked
/content/abbvie-nextgen-eds/corporate/abbvie-com/us/en/who-we-are/our-stories/five-technologies-supporting-progress-in-challenging-diseases/.content.xml,abbvie-abs,changed,https://www.abbvie.com/who-we-are/our-stories/five-technologies-supporting-progress-in-challenging-diseases.html#section01,/content/abbvie-nextgen-eds/corporate/abbvie-com/us/en/who-we-are/our-stories/five-technologies-supporting-progress-in-challenging-diseases.html#section01,not checked
/content/abbvie-nextgen-eds/corporate/abbvie-com/us/en/who-we-are/our-stories/five-technologies-supporting-progress-in-challenging-diseases/.content.xml,abbvie-abs,changed,https://www.abbvie.com/who-we-are/our-stories/five-technologies-supporting-progress-in-challenging-diseases.html#section02,/content/abbvie-nextgen-eds/corporate/abbvie-com/us/en/who-we-are/our-stories/five-technologies-supporting-progress-in-challenging-diseases.html#section02,not checked
/content/abbvie-nextgen-eds/corporate/abbvie-com/us/en/who-we-are/our-stories/five-technologies-supporting-progress-in-challenging-diseases/.content.xml,abbvie-abs,changed,https://www.abbvie.com/who-we-are/our-stories/five-technologies-supporting-progress-in-challenging-diseases.html#section03,/content/abbvie-nextgen-eds/corporate/abbvie-com/us/en/who-we-are/our-stories/five-technologies-supporting-progress-in-challenging-diseases.html#section03,not checked
/content/abbvie-nextgen-eds/corporate/abbvie-com/us/en/who-we-are/our-stories/five-technologies-supporting-progress-in-challenging-diseases/.content.xml,abbvie-abs,changed,https://www.abbvie.com/who-we-are/our-stories/five-technologies-supporting-progress-in-challenging-diseases.html#section04,/content/abbvie-nextgen-eds/corporate/abbvie-com/us/en/who-we-are/our-stories/five-technologies-supporting-progress-in-challenging-diseases.html#section04,not checked
/content/abbvie-nextgen-eds/corporate/abbvie-com/us/en/who-we-are/our-stories/five-technologies-supporting-progress-in-challenging-diseases/.content.xml,abbvie-abs,changed,https://www.abbvie.com/who-we-are/our-stories/five-technologies-supporting-progress-in-challenging-diseases.html#section05,/content/abbvie-nextgen-eds/corporate/abbvie-com/us/en/who-we-are/our-stories/five-technologies-supporting-progress-in-challenging-diseases.html#section05,not checked
/content/abbvie-nextgen-eds/corporate/abbvie-com/us/en/who-we-are/our-stories/five-technologies-supporting-progress-in-challenging-diseases/.content.xml,scene7,changed,https://abbvie.scene7.com/is/image/abbviecorp/new-tech-old-target-image-02?ts=1773741596512,https://delivery-p157365-e1665873.adobeaemcloud.com/adobe/assets/urn:aaid:aem:7c100b09-eea6-41fe-ac12-435917e87d91/as/new-tech-old-target-image-02.jpg,not checked
/content/abbvie-nextgen-eds/corporate/abbvie-com/us/en/who-we-are/our-stories/five-technologies-supporting-progress-in-challenging-diseases/.content.xml,scene7,changed,https://abbvie.scene7.com/is/image/abbviecorp/new-tech-old-target-image-03?ts=1773741581891,https://delivery-p157365-e1665873.adobeaemcloud.com/adobe/assets/urn:aaid:aem:17e70f2a-5057-4c83-a8e6-55b19ba4ebe5/as/new-tech-old-target-image-03.jpg,not checked
/content/abbvie-nextgen-eds/corporate/abbvie-com/us/en/who-we-are/our-stories/five-technologies-supporting-progress-in-challenging-diseases/.content.xml,scene7,changed,https://abbvie.scene7.com/is/image/abbviecorp/new-tech-old-target-image-03?ts=1773741581891,https://delivery-p157365-e1665873.adobeaemcloud.com/adobe/assets/urn:aaid:aem:17e70f2a-5057-4c83-a8e6-55b19ba4ebe5/as/new-tech-old-target-image-03.jpg,not checked
/content/abbvie-nextgen-eds/corporate/abbvie-com/us/en/who-we-are/our-stories/five-technologies-supporting-progress-in-challenging-diseases/.content.xml,scene7,changed,https://abbvie.scene7.com/is/image/abbviecorp/new-tech-old-target-image-03?ts=1773741581891,https://delivery-p157365-e1665873.adobeaemcloud.com/adobe/assets/urn:aaid:aem:17e70f2a-5057-4c83-a8e6-55b19ba4ebe5/as/new-tech-old-target-image-03.jpg,not checked
/content/abbvie-nextgen-eds/corporate/abbvie-com/us/en/who-we-are/our-stories/five-technologies-supporting-progress-in-challenging-diseases/.content.xml,scene7,changed,https://abbvie.scene7.com/is/image/abbviecorp/new-tech-old-target-image-03?ts=1773741581891,https://delivery-p157365-e1665873.adobeaemcloud.com/adobe/assets/urn:aaid:aem:17e70f2a-5057-4c83-a8e6-55b19ba4ebe5/as/new-tech-old-target-image-03.jpg,not checked
/content/abbvie-nextgen-eds/corporate/abbvie-com/us/en/who-we-are/our-stories/the-persistence-lab-podcasts/.content.xml,short-path,changed,/science/our-people/lab-to-life.html,/content/abbvie-nextgen-eds/corporate/abbvie-com/us/en/science/our-people/lab-to-life,not checked
/content/abbvie-nextgen-eds/corporate/abbvie-com/us/en/who-we-are/our-stories/the-persistence-lab-podcasts/.content.xml,short-path,changed,/who-we-are/our-stories,/content/abbvie-nextgen-eds/corporate/abbvie-com/us/en/who-we-are/our-stories,not checked
/content/abbvie-nextgen-eds/corporate/abbvie-com/us/en/accessibility-statement/.content.xml,abbvie-abs,changed,https://www.abbvie.com/contactus.html,/content/abbvie-nextgen-eds/corporate/abbvie-com/us/en/contactus,not checked
/content/abbvie-nextgen-eds/corporate/abbvie-com/us/en/accessibility-statement/declaracion-de-accessibilidad/.content.xml,abbvie-abs,changed,https://www.abbvie.com/contactus.html,/content/abbvie-nextgen-eds/corporate/abbvie-com/us/en/contactus,not checked
/content/abbvie-nextgen-eds/corporate/abbvie-com/language-masters/en/science/independent-educational-grants/grants-and-contribution-disclosures/.content.xml,scene7,unmatched (no CSV entry),https://abbvie.scene7.com/is/image/abbviecorp/science-hub-hero,,
/content/abbvie-nextgen-eds/corporate/abbvie-com/language-masters/en/science/independent-educational-grants/requestor-training-guide/.content.xml,scene7,unmatched (no CSV entry),https://abbvie.scene7.com/is/image/abbviecorp/science-hub-hero,,
/content/abbvie-nextgen-eds/corporate/abbvie-com/language-masters/en/science/independent-educational-grants/how-to-apply/.content.xml,scene7,unmatched (no CSV entry),https://abbvie.scene7.com/is/image/abbviecorp/science-hub-hero,,
/content/abbvie-nextgen-eds/corporate/abbvie-com/language-masters/en/science/independent-educational-grants/request-types/.content.xml,scene7,unmatched (no CSV entry),https://abbvie.scene7.com/is/image/abbviecorp/science-hub-hero,,
/content/abbvie-nextgen-eds/corporate/abbvie-com/us/en/science/independent-educational-grants/grants-and-contribution-disclosures/.content.xml,scene7,unmatched (no CSV entry),https://abbvie.scene7.com/is/image/abbviecorp/science-hub-hero,,
/content/abbvie-nextgen-eds/corporate/abbvie-com/us/en/science/independent-educational-grants/requestor-training-guide/.content.xml,scene7,unmatched (no CSV entry),https://abbvie.scene7.com/is/image/abbviecorp/science-hub-hero,,
/content/abbvie-nextgen-eds/corporate/abbvie-com/us/en/science/independent-educational-grants/how-to-apply/.content.xml,scene7,unmatched (no CSV entry),https://abbvie.scene7.com/is/image/abbviecorp/science-hub-hero,,
/content/abbvie-nextgen-eds/corporate/abbvie-com/us/en/science/independent-educational-grants/request-types/.content.xml,scene7,unmatched (no CSV entry),https://abbvie.scene7.com/is/image/abbviecorp/science-hub-hero,,
